harness: datasets /Users/katopz/git/riir-reflex/.raw/datasets · suites ["typed_decisions", "ag_news", "emotion", "sst5", "prompt_injections", "xnli_en", "massive_intent_en", "banking77", "code_fixtures", "semantic_defects", "s1mb_choice", "s1mb_noul", "s1mb_score"]
═══ suite s1mb_choice ═══
    4329 cases / 4329 questions · 842 domains
    slice-integrity: test 4330 (fnv1a64-3d5a30a2826dd8dc) · cal 200 (fnv1a64-4366c2ff02074485) · pool 4130 (fnv1a64-7c46a2ccb379573c) · cal missing 642: virtual_card_not_working,disposable_card_limits,pending_cash_withdrawal,pending_card_payment,verify_source_of_funds,declined_card_payment,card_payment_wrong_exchange_rate,wrong_exchange_rate_for_cash_withdrawal,balance_not_updated_after_bank_transfer,failed_transfer,cancel_transfer,top_up_by_bank_transfer_charge,beneficiary_not_allowed,card_payment_not_recognised,transfer_into_account,cash_withdrawal_charge,Refund_not_showing_up,pending_top_up,card_about_to_expire,exchange_charge,transfer_fee_charged,fiat_currency_support,card_delivery_estimate,translate,cancel,todo_list,last_maintenance,pto_balance,directions,confirm_reservation,order_status,play_music,oos,calculator,travel_suggestion,shopping_list,change_language,timezone,yes,book_flight,payday,credit_limit_change,calendar_update,improve_credit_score,pin_change,update_playlist,cancel_reservation,time,flip_coin,find_phone,redeem_rewards,change_ai_name,min_payment,spelling,schedule_meeting,international_fees,reminder,book_hotel,current_location,goodbye,insurance_change,new_card,fun_fact,transfer,freeze_account,schedule_maintenance,gas,vaccines,distance,travel_notification,who_made_you,next_holiday,bill_balance,how_old_are_you,rollover_401k,direct_deposit,sync_device,uber,order_checks,alarm,income,reset_settings,meaning_of_life,make_call,insurance,restaurant_suggestion,interest_rate,bill_due,who_do_you_work_for,roll_dice,damaged_card,what_are_your_hobbies,lost_luggage,text,international_visa,application_status,what_can_i_ask_you,replacement_card_duration,bank_routing_number,company_name,swift_bic,cvv,account_number,postcode,ipv6,unique_identifier,pin,coordinate,url,date_time,-47,-4,14,34,74,24,28,5760,5756,5750,5765,15,33,-2,8,12,19,13,29,9,16,52,22,-5,17,72,80,75,78,103,98,48,200,150,180,196,64,114,59,84,38,63,43,32,21,20,-18,27,7,149,197,172,147,100,88,93,-1,10,6,-3,350,397,400,375,248,254,255,251,6580,6598,6600,6593,293,305,288,300,13997,14000,13993,14007,-33,475,504,501,500,26,11,40,90,70,89,1198,1194,1202,1173,297,310,-15,-10,71,121,-21,36,31,122,128,125,45,190,207,47,39,92,130,76,195,41,50,46,280,283,273,44,18,-8,62,30,5,55,play game,iot wemo on,iot coffee,iot hue lightchange,audio volume mute,transport traffic,calendar query,qa factoid,cooking recipe,play audiobook,iot cleaning,social post,weather query,transport taxi,alarm remove,iot hue lightdim,general quirky,music likeness,general negate,alarm query,recommendation events,qa currency,social query,audio volume up,general affirm,datetime query,play music,alarm set,email sendemail,lists createoradd,datetime convert,play podcasts,calendar set,transport query,general dontcare,email querycontact,qa stock,general commandstop,iot wemo off,general confirm,general repeat,music settings,general explain,lists query,recommendation locations,general joke,iot hue lightup,iot hue lightoff,iot hue lighton,news query,audio volume down,email query,qa maths,takeaway query,qa definition,general praise,takeaway order,play radio,lists remove,calendar remove,music query,recommendation movies,email addcontact,transport ticket,world,business,sci_tech,sports,monitor,contain,close_benign,investigate,hold,reject,approve,manual_review,request_information,answer_directly,escalate_to_human,close_no_action,execute_refund,technical,account,delivery,refund,billing,observe,stop,continue,human_review,partial,success,harmful,failure,iot_wemo_off,qa_stock,qa_maths,recommendation_movies,audio_volume_up,play_audiobook,recommendation_locations,cooking_recipe,takeaway_order,play_radio,iot_hue_lightchange,datetime_convert,general_joke,cooking_query,qa_currency,lists_remove,takeaway_query,weather_query,transport_traffic,music_dislikeness,music_query,iot_hue_lightdim,email_sendemail,iot_hue_lightup,transport_query,social_query,qa_factoid,email_querycontact,qa_definition,calendar_query,iot_hue_lighton,audio_volume_down,lists_query,calendar_set,social_post,news_query,audio_volume_other,alarm_remove,transport_ticket,iot_coffee,general_greet,iot_hue_lightoff,iot_wemo_on,play_game,alarm_set,email_query,datetime_query,alarm_query,calendar_remove,music_settings,iot_cleaning,music_likeness,transport_taxi,general_quirky,play_podcasts,lists_createoradd,email_addcontact,audio_volume_mute,recommendation_events,recommendation,transport,news,play,lists,iot,datetime,music,qa,general,social,takeaway,cooking,audio,a,b,messaging,people,calling,recipes,IN:GET_SUNSET,IN:LIKE_MUSIC,IN:GET_REMINDER_LOCATION,IN:GET_RECIPES,IN:PLAY_MUSIC,IN:REPEAT_ALL_MUSIC,IN:UPDATE_ALARM,IN:GET_TIMER,IN:CREATE_PLAYLIST_MUSIC,IN:DELETE_REMINDER,IN:PAUSE_MUSIC,IN:SET_DEFAULT_PROVIDER_CALLING,IN:SWITCH_CALL,IN:SET_UNAVAILABLE,IN:GET_EDUCATION_DEGREE,IN:SUBTRACT_TIME_TIMER,IN:UPDATE_REMINDER_TODO,IN:GET_MAJOR,IN:GET_TRACK_INFO_MUSIC,IN:GET_ATTENDEE_EVENT,IN:UPDATE_METHOD_CALL,IN:DELETE_PLAYLIST_MUSIC,IN:GET_AVAILABILITY,IN:RESUME_TIMER,IN:GET_SUNRISE,IN:GET_EMPLOYMENT_TIME,IN:GET_REMINDER_DATE_TIME,IN:CREATE_REMINDER,IN:SKIP_TRACK_MUSIC,IN:GET_REMINDER,IN:SET_RSVP_YES,IN:GET_AGE,IN:GET_LIFE_EVENT,IN:FAST_FORWARD_MUSIC,IN:STOP_SHUFFLE_MUSIC,IN:GET_DATE_TIME_EVENT,IN:GET_CALL,IN:REWIND_MUSIC,IN:MERGE_CALL,IN:DELETE_ALARM,IN:REPEAT_ALL_OFF_MUSIC,IN:GET_CALL_CONTACT,IN:UNLOOP_MUSIC,IN:SET_DEFAULT_PROVIDER_MUSIC,IN:RESUME_CALL,IN:CREATE_CALL,IN:START_SHUFFLE_MUSIC,IN:GET_CALL_TIME,IN:GET_CONTACT_METHOD,IN:GET_UNDERGRAD,IN:END_CALL,IN:GET_LANGUAGE,IN:GET_GENDER,IN:SHARE_EVENT,IN:RESTART_TIMER,IN:SET_RSVP_INTERESTED,IN:GET_MESSAGE,IN:QUESTION_NEWS,IN:IGNORE_CALL,IN:GET_DETAILS_NEWS,IN:DISLIKE_MUSIC,IN:GET_INFO_RECIPES,IN:QUESTION_MUSIC,IN:ADD_TIME_TIMER,IN:GET_JOB,IN:GET_MESSAGE_CONTACT,IN:PREVIOUS_TRACK_MUSIC,IN:ANSWER_CALL,IN:SEND_MESSAGE,IN:GET_EMPLOYER,IN:SET_AVAILABLE,IN:UPDATE_REMINDER_LOCATION,IN:GET_MUTUAL_FRIENDS,IN:SILENCE_ALARM,IN:REMOVE_FROM_PLAYLIST_MUSIC,IN:PLAY_MEDIA,IN:HOLD_CALL,IN:UPDATE_REMINDER,IN:GET_STORIES_NEWS,IN:GET_EVENT,IN:RESUME_MUSIC,IN:GET_CATEGORY_EVENT,IN:HELP_REMINDER,IN:REPLAY_MUSIC,IN:CREATE_ALARM,IN:FOLLOW_MUSIC,IN:GET_AIRQUALITY,IN:GET_LYRICS_MUSIC,IN:CANCEL_CALL,IN:GET_REMINDER_AMOUNT,IN:PREFER,IN:UPDATE_TIMER,IN:GET_WEATHER,IN:GET_INFO_CONTACT,IN:UPDATE_REMINDER_DATE_TIME,IN:SNOOZE_ALARM,IN:CANCEL_MESSAGE,IN:DELETE_TIMER,IN:GET_LIFE_EVENT_TIME,IN:SET_RSVP_NO,IN:GET_LOCATION,IN:GET_CONTACT,IN:IS_TRUE_RECIPES,IN:ADD_TO_PLAYLIST_MUSIC,IN:GET_GROUP,IN:PAUSE_TIMER,IN:GET_ALARM,IN:DISPREFER,IN:UPDATE_CALL,IN:LOOP_MUSIC,IN:CREATE_TIMER,IN:GET_EDUCATION_TIME,IN:STOP_MUSIC,option_2,option_3,option_4,option_5,option_6,option_7,option_8,option_9,option_10,option_11,option_12,option_13,option_14,option_15,positive,mixed,negative,no_impact,method,background,result,BookAppointment,NONE,FindProvider,SearchHotel,ReserveHotel,FindMovies,PlayMovie,FindTrains,GetTrainTickets,MakePayment,RequestPayment,GetTimesForMovie,BuyMovieTickets,ReserveRestaurant,FindRestaurants,BookHouse,SearchHouse,SearchOnewayFlight,SearchRoundtripFlights,LookupMusic,PlayMedia,GetAlarms,AddAlarm,BuyBusTicket,FindBus,ReserveCar,GetCarsAvailable,BuyEventTickets,FindEvents,GetWeather,GetRide,FindAttractions,ScheduleVisit,FindHomeByArea,ShareLocation,left,upper-right,right,above,upper-left,lower-right,lower-left,below,overlap,SYM,VERB,ADJ,ADV,INTJ,PART,PRON,X,AUX,PROPN,DET,NOUN,PUNCT,CCONJ,ADP,NUM,SCONJ,mechanic,hairdresser,driver,teacher,nurse,assistant,construction worker,tailor,physician,analyst,supervisor,attendant,guard,housekeeper,accountant,janitor,clerk,counselor,laborer,secretary,writer,farmer,sheriff,lawyer,baker,carpenter,developer,cleaner,cook,salesperson,editor,receptionist,auditor,manager,designer · pool missing 464: getting_spare_card,verify_my_identity,virtual_card_not_working,disposable_card_limits,reverted_card_payment?,pending_cash_withdrawal,get_physical_card,lost_or_stolen_card,top_up_by_card_charge,extra_charge_on_statement,automatic_top_up,get_disposable_virtual_card,transfer_not_received_by_recipient,request_refund,pending_card_payment,declined_transfer,age_limit,card_payment_fee_charged,verify_source_of_funds,declined_card_payment,card_payment_wrong_exchange_rate,wrong_amount_of_cash_received,atm_support,transaction_charged_twice,wrong_exchange_rate_for_cash_withdrawal,supported_cards_and_currencies,balance_not_updated_after_bank_transfer,card_swallowed,failed_transfer,cancel_transfer,direct_debit_payment_not_recognised,top_up_limits,exchange_via_app,passcode_forgotten,top_up_by_cash_or_cheque,top_up_by_bank_transfer_charge,beneficiary_not_allowed,compromised_card,unable_to_verify_identity,card_not_working,exchange_rate,card_payment_not_recognised,transfer_into_account,cash_withdrawal_charge,card_arrival,card_acceptance,activate_my_card,transfer_timing,terminate_account,topping_up_by_card,cash_withdrawal_not_recognised,getting_virtual_card,country_support,Refund_not_showing_up,balance_not_updated_after_cheque_or_cash_deposit,change_pin,pending_transfer,edit_personal_details,verify_top_up,pending_top_up,why_verify_identity,card_about_to_expire,exchange_charge,transfer_fee_charged,top_up_failed,fiat_currency_support,card_delivery_estimate,rewards_balance,translate,cancel,maybe,restaurant_reviews,repeat,todo_list,flight_status,last_maintenance,pto_balance,directions,restaurant_reservation,confirm_reservation,order_status,tell_joke,oos,calculator,gas_type,travel_suggestion,share_location,shopping_list,change_language,timezone,yes,book_flight,payday,no,meeting_schedule,do_you_have_pets,order,credit_limit_change,recipe,calendar_update,improve_credit_score,pin_change,update_playlist,cancel_reservation,date,measurement_conversion,definition,oil_change_how,whisper_mode,flip_coin,find_phone,todo_list_update,redeem_rewards,change_user_name,change_ai_name,min_payment,spelling,how_busy,change_accent,schedule_meeting,food_last,international_fees,book_hotel,where_are_you_from,change_volume,are_you_a_bot,tire_change,ingredients_list,current_location,goodbye,insurance_change,w2,pto_used,new_card,traffic,balance,fun_fact,ingredient_substitution,transfer,freeze_account,schedule_maintenance,thank_you,what_is_your_name,gas,vaccines,accept_reservations,transactions,cook_time,distance,routing,report_lost_card,next_song,carry_on,what_song,travel_notification,apr,nutrition_info,who_made_you,next_holiday,bill_balance,reminder_update,how_old_are_you,mpg,rollover_401k,account_blocked,plug_type,card_declined,smart_home,meal_suggestion,direct_deposit,sync_device,pay_bill,uber,pto_request_status,taxes,order_checks,greeting,income,spending_history,calories,reset_settings,expiration_date,tire_pressure,meaning_of_life,make_call,insurance,restaurant_suggestion,interest_rate,credit_limit,bill_due,who_do_you_work_for,report_fraud,roll_dice,change_speed,damaged_card,shopping_list_update,what_are_your_hobbies,lost_luggage,oil_change_when,text,travel_alert,car_rental,international_visa,application_status,jump_start,credit_score,what_can_i_ask_you,replacement_card_duration,pto_request,national_id,company_name,account_number,password,url,-47,-4,14,34,24,5760,5756,5750,5765,33,-2,8,12,29,16,52,-5,17,72,80,78,103,98,48,200,150,180,196,64,114,59,84,38,63,43,32,21,20,-18,27,149,197,172,147,88,93,-1,-3,350,397,400,375,248,254,255,251,6580,6598,6600,6593,293,305,288,13997,14000,13993,14007,-33,475,504,501,500,11,40,90,70,89,1198,1194,1202,1173,297,310,-15,-10,71,121,-21,36,122,128,125,190,207,47,39,92,130,76,195,41,46,283,273,44,18,-8,62,5,55,play game,iot coffee,transport traffic,calendar query,qa factoid,play audiobook,iot cleaning,alarm remove,general negate,recommendation events,alarm set,play podcasts,transport query,general commandstop,iot wemo off,music settings,general explain,lists query,general joke,iot hue lightup,email query,takeaway query,play radio,lists remove,music query,recommendation movies,close_no_action,delivery,stop,harmful,qa_stock,recommendation_movies,audio_volume_up,play_audiobook,recommendation_locations,cooking_recipe,datetime_convert,cooking_query,qa_currency,weather_query,music_query,iot_hue_lightdim,iot_hue_lightup,qa_definition,audio_volume_down,general_greet,iot_hue_lightoff,alarm_set,general_quirky,play_podcasts,email_addcontact,cooking,IN:LIKE_MUSIC,IN:GET_RECIPES,IN:GET_TIMER,IN:CREATE_PLAYLIST_MUSIC,IN:PAUSE_MUSIC,IN:SET_DEFAULT_PROVIDER_CALLING,IN:SWITCH_CALL,IN:SET_UNAVAILABLE,IN:GET_EDUCATION_DEGREE,IN:GET_MAJOR,IN:GET_TRACK_INFO_MUSIC,IN:GET_ATTENDEE_EVENT,IN:UPDATE_METHOD_CALL,IN:GET_AVAILABILITY,IN:GET_EMPLOYMENT_TIME,IN:GET_REMINDER_DATE_TIME,IN:CREATE_REMINDER,IN:SKIP_TRACK_MUSIC,IN:GET_AGE,IN:GET_LIFE_EVENT,IN:STOP_SHUFFLE_MUSIC,IN:GET_CALL,IN:MERGE_CALL,IN:DELETE_ALARM,IN:UNLOOP_MUSIC,IN:SET_DEFAULT_PROVIDER_MUSIC,IN:RESUME_CALL,IN:CREATE_CALL,IN:GET_CALL_TIME,IN:GET_CONTACT_METHOD,IN:GET_UNDERGRAD,IN:GET_GENDER,IN:SHARE_EVENT,IN:RESTART_TIMER,IN:SET_RSVP_INTERESTED,IN:QUESTION_NEWS,IN:GET_DETAILS_NEWS,IN:ADD_TIME_TIMER,IN:GET_MESSAGE_CONTACT,IN:ANSWER_CALL,IN:SET_AVAILABLE,IN:UPDATE_REMINDER_LOCATION,IN:REMOVE_FROM_PLAYLIST_MUSIC,IN:PLAY_MEDIA,IN:HOLD_CALL,IN:GET_STORIES_NEWS,IN:GET_EVENT,IN:FOLLOW_MUSIC,IN:GET_AIRQUALITY,IN:CANCEL_CALL,IN:GET_REMINDER_AMOUNT,IN:GET_WEATHER,IN:UPDATE_REMINDER_DATE_TIME,IN:CANCEL_MESSAGE,IN:IS_TRUE_RECIPES,IN:GET_GROUP,IN:PAUSE_TIMER,IN:DISPREFER,IN:CREATE_TIMER,option_9,option_10,option_11,option_12,option_13,option_14,option_15,mixed,SearchHotel,MakePayment,RequestPayment,GetTimesForMovie,BuyMovieTickets,FindRestaurants,SearchHouse,SearchOnewayFlight,LookupMusic,AddAlarm,GetWeather,GetRide,ShareLocation,teacher,supervisor,clerk,lawyer,baker,carpenter,developer,auditor · OK
    nb-select: stratified slice 200 case(s); corpora pool 4130 → 3817 doc(s)
    nb-select: scale 0 (off) → sel-slice acc 0.1550
    nb-select: scale 1 α observed-laplace noul-yes None view bag → sel-slice acc 0.1850
    nb-select: scale 4 α observed-laplace noul-yes None view bag → sel-slice acc 0.1800
    nb-select: scale 16 α observed-laplace noul-yes None view bag → sel-slice acc 0.1750
    nb-select: scale 32 α observed-laplace noul-yes None view bag → sel-slice acc 0.1750
    nb-select: scale 64 α observed-laplace noul-yes None view bag → sel-slice acc 0.1800
    nb-select: scale 1 α fixed-1 noul-yes None view bag → sel-slice acc 0.1700
    nb-select: scale 4 α fixed-1 noul-yes None view bag → sel-slice acc 0.1750
    nb-select: scale 16 α fixed-1 noul-yes None view bag → sel-slice acc 0.1650
    nb-select: scale 32 α fixed-1 noul-yes None view bag → sel-slice acc 0.1600
    nb-select: scale 64 α fixed-1 noul-yes None view bag → sel-slice acc 0.1600
    nb-select: selected scale 0 α off noul-yes None — the suite's row below is the single test read, at this posture
    oc-select: DECLINED — the suite's train rows carry no per-question gold events to condition on (baseline posture holds, byte-identical)
    ridge-select: stratified slice 200 case(s); corpora pool 4130 → 3817 doc(s)
    ridge-select: scale 0 (off) → sel-slice acc 0.1550
[nb_ridge] tokenize+counts 0.0s (1981 docs, 842 classes)
[nb_ridge] solve class 0 0.2s (cumulative)
[nb_ridge] solve class 1 0.3s (cumulative)
[nb_ridge] solve class 2 0.4s (cumulative)
[nb_ridge] solve class 3 0.5s (cumulative)
[nb_ridge] solve class 4 0.7s (cumulative)
[nb_ridge] solve class 5 0.8s (cumulative)
[nb_ridge] solve class 6 0.9s (cumulative)
[nb_ridge] solve class 7 1.0s (cumulative)
[nb_ridge] solve class 8 1.2s (cumulative)
[nb_ridge] solve class 9 1.3s (cumulative)
[nb_ridge] solve class 10 1.4s (cumulative)
[nb_ridge] solve class 11 1.6s (cumulative)
[nb_ridge] solve class 12 1.7s (cumulative)
[nb_ridge] solve class 13 1.8s (cumulative)
[nb_ridge] solve class 14 2.0s (cumulative)
[nb_ridge] solve class 15 2.1s (cumulative)
[nb_ridge] solve class 16 2.2s (cumulative)
[nb_ridge] solve class 17 2.4s (cumulative)
[nb_ridge] solve class 18 2.5s (cumulative)
[nb_ridge] solve class 19 2.6s (cumulative)
[nb_ridge] solve class 20 2.8s (cumulative)
[nb_ridge] solve class 21 2.9s (cumulative)
[nb_ridge] solve class 22 3.0s (cumulative)
[nb_ridge] solve class 23 3.2s (cumulative)
[nb_ridge] solve class 24 3.3s (cumulative)
[nb_ridge] solve class 25 3.4s (cumulative)
[nb_ridge] solve class 26 3.5s (cumulative)
[nb_ridge] solve class 27 3.7s (cumulative)
[nb_ridge] solve class 28 3.8s (cumulative)
[nb_ridge] solve class 29 3.9s (cumulative)
[nb_ridge] solve class 30 4.1s (cumulative)
[nb_ridge] solve class 31 4.2s (cumulative)
[nb_ridge] solve class 32 4.3s (cumulative)
[nb_ridge] solve class 33 4.4s (cumulative)
[nb_ridge] solve class 34 4.6s (cumulative)
[nb_ridge] solve class 35 4.7s (cumulative)
[nb_ridge] solve class 36 4.8s (cumulative)
[nb_ridge] solve class 37 4.9s (cumulative)
[nb_ridge] solve class 38 5.1s (cumulative)
[nb_ridge] solve class 39 5.2s (cumulative)
[nb_ridge] solve class 40 5.3s (cumulative)
[nb_ridge] solve class 41 5.4s (cumulative)
[nb_ridge] solve class 42 5.6s (cumulative)
[nb_ridge] solve class 43 5.7s (cumulative)
[nb_ridge] solve class 44 5.8s (cumulative)
[nb_ridge] solve class 45 6.0s (cumulative)
[nb_ridge] solve class 46 6.1s (cumulative)
[nb_ridge] solve class 47 6.2s (cumulative)
[nb_ridge] solve class 48 6.4s (cumulative)
[nb_ridge] solve class 49 6.5s (cumulative)
[nb_ridge] solve class 50 6.6s (cumulative)
[nb_ridge] solve class 51 6.7s (cumulative)
[nb_ridge] solve class 52 6.9s (cumulative)
[nb_ridge] solve class 53 7.0s (cumulative)
[nb_ridge] solve class 54 7.1s (cumulative)
[nb_ridge] solve class 55 7.2s (cumulative)
[nb_ridge] solve class 56 7.4s (cumulative)
[nb_ridge] solve class 57 7.5s (cumulative)
[nb_ridge] solve class 58 7.6s (cumulative)
[nb_ridge] solve class 59 7.8s (cumulative)
[nb_ridge] solve class 60 7.9s (cumulative)
[nb_ridge] solve class 61 8.0s (cumulative)
[nb_ridge] solve class 62 8.2s (cumulative)
[nb_ridge] solve class 63 8.3s (cumulative)
[nb_ridge] solve class 64 8.4s (cumulative)
[nb_ridge] solve class 65 8.6s (cumulative)
[nb_ridge] solve class 66 8.7s (cumulative)
[nb_ridge] solve class 67 8.8s (cumulative)
[nb_ridge] solve class 68 9.0s (cumulative)
[nb_ridge] solve class 69 9.1s (cumulative)
[nb_ridge] solve class 70 9.2s (cumulative)
[nb_ridge] solve class 71 9.4s (cumulative)
[nb_ridge] solve class 72 9.5s (cumulative)
[nb_ridge] solve class 73 9.6s (cumulative)
[nb_ridge] solve class 74 9.7s (cumulative)
[nb_ridge] solve class 75 9.9s (cumulative)
[nb_ridge] solve class 76 10.0s (cumulative)
[nb_ridge] solve class 77 10.1s (cumulative)
[nb_ridge] solve class 78 10.3s (cumulative)
[nb_ridge] solve class 79 10.4s (cumulative)
[nb_ridge] solve class 80 10.5s (cumulative)
[nb_ridge] solve class 81 10.7s (cumulative)
[nb_ridge] solve class 82 10.8s (cumulative)
[nb_ridge] solve class 83 10.9s (cumulative)
[nb_ridge] solve class 84 11.1s (cumulative)
[nb_ridge] solve class 85 11.2s (cumulative)
[nb_ridge] solve class 86 11.3s (cumulative)
[nb_ridge] solve class 87 11.4s (cumulative)
[nb_ridge] solve class 88 11.6s (cumulative)
[nb_ridge] solve class 89 11.7s (cumulative)
[nb_ridge] solve class 90 11.8s (cumulative)
[nb_ridge] solve class 91 12.0s (cumulative)
[nb_ridge] solve class 92 12.1s (cumulative)
[nb_ridge] solve class 93 12.2s (cumulative)
[nb_ridge] solve class 94 12.4s (cumulative)
[nb_ridge] solve class 95 12.5s (cumulative)
[nb_ridge] solve class 96 12.6s (cumulative)
[nb_ridge] solve class 97 12.8s (cumulative)
[nb_ridge] solve class 98 12.9s (cumulative)
[nb_ridge] solve class 99 13.0s (cumulative)
[nb_ridge] solve class 100 13.1s (cumulative)
[nb_ridge] solve class 101 13.3s (cumulative)
[nb_ridge] solve class 102 13.4s (cumulative)
[nb_ridge] solve class 103 13.5s (cumulative)
[nb_ridge] solve class 104 13.7s (cumulative)
[nb_ridge] solve class 105 13.8s (cumulative)
[nb_ridge] solve class 106 13.9s (cumulative)
[nb_ridge] solve class 107 14.1s (cumulative)
[nb_ridge] solve class 108 14.2s (cumulative)
[nb_ridge] solve class 109 14.3s (cumulative)
[nb_ridge] solve class 110 14.5s (cumulative)
[nb_ridge] solve class 111 14.6s (cumulative)
[nb_ridge] solve class 112 14.7s (cumulative)
[nb_ridge] solve class 113 14.9s (cumulative)
[nb_ridge] solve class 114 15.0s (cumulative)
[nb_ridge] solve class 115 15.1s (cumulative)
[nb_ridge] solve class 116 15.3s (cumulative)
[nb_ridge] solve class 117 15.4s (cumulative)
[nb_ridge] solve class 118 15.5s (cumulative)
[nb_ridge] solve class 119 15.7s (cumulative)
[nb_ridge] solve class 120 15.8s (cumulative)
[nb_ridge] solve class 121 15.9s (cumulative)
[nb_ridge] solve class 122 16.1s (cumulative)
[nb_ridge] solve class 123 16.2s (cumulative)
[nb_ridge] solve class 124 16.3s (cumulative)
[nb_ridge] solve class 125 16.5s (cumulative)
[nb_ridge] solve class 126 16.6s (cumulative)
[nb_ridge] solve class 127 16.7s (cumulative)
[nb_ridge] solve class 128 16.8s (cumulative)
[nb_ridge] solve class 129 17.0s (cumulative)
[nb_ridge] solve class 130 17.1s (cumulative)
[nb_ridge] solve class 131 17.2s (cumulative)
[nb_ridge] solve class 132 17.4s (cumulative)
[nb_ridge] solve class 133 17.5s (cumulative)
[nb_ridge] solve class 134 17.6s (cumulative)
[nb_ridge] solve class 135 17.7s (cumulative)
[nb_ridge] solve class 136 17.9s (cumulative)
[nb_ridge] solve class 137 18.0s (cumulative)
[nb_ridge] solve class 138 18.1s (cumulative)
[nb_ridge] solve class 139 18.3s (cumulative)
[nb_ridge] solve class 140 18.4s (cumulative)
[nb_ridge] solve class 141 18.5s (cumulative)
[nb_ridge] solve class 142 18.7s (cumulative)
[nb_ridge] solve class 143 18.8s (cumulative)
[nb_ridge] solve class 144 18.9s (cumulative)
[nb_ridge] solve class 145 19.1s (cumulative)
[nb_ridge] solve class 146 19.2s (cumulative)
[nb_ridge] solve class 147 19.3s (cumulative)
[nb_ridge] solve class 148 19.5s (cumulative)
[nb_ridge] solve class 149 19.6s (cumulative)
[nb_ridge] solve class 150 19.7s (cumulative)
[nb_ridge] solve class 151 19.8s (cumulative)
[nb_ridge] solve class 152 20.0s (cumulative)
[nb_ridge] solve class 153 20.1s (cumulative)
[nb_ridge] solve class 154 20.2s (cumulative)
[nb_ridge] solve class 155 20.4s (cumulative)
[nb_ridge] solve class 156 20.5s (cumulative)
[nb_ridge] solve class 157 20.6s (cumulative)
[nb_ridge] solve class 158 20.8s (cumulative)
[nb_ridge] solve class 159 20.9s (cumulative)
[nb_ridge] solve class 160 21.0s (cumulative)
[nb_ridge] solve class 161 21.2s (cumulative)
[nb_ridge] solve class 162 21.3s (cumulative)
[nb_ridge] solve class 163 21.4s (cumulative)
[nb_ridge] solve class 164 21.6s (cumulative)
[nb_ridge] solve class 165 21.7s (cumulative)
[nb_ridge] solve class 166 21.8s (cumulative)
[nb_ridge] solve class 167 22.0s (cumulative)
[nb_ridge] solve class 168 22.1s (cumulative)
[nb_ridge] solve class 169 22.3s (cumulative)
[nb_ridge] solve class 170 22.4s (cumulative)
[nb_ridge] solve class 171 22.5s (cumulative)
[nb_ridge] solve class 172 22.7s (cumulative)
[nb_ridge] solve class 173 22.8s (cumulative)
[nb_ridge] solve class 174 22.9s (cumulative)
[nb_ridge] solve class 175 23.0s (cumulative)
[nb_ridge] solve class 176 23.2s (cumulative)
[nb_ridge] solve class 177 23.3s (cumulative)
[nb_ridge] solve class 178 23.4s (cumulative)
[nb_ridge] solve class 179 23.6s (cumulative)
[nb_ridge] solve class 180 23.7s (cumulative)
[nb_ridge] solve class 181 23.8s (cumulative)
[nb_ridge] solve class 182 24.0s (cumulative)
[nb_ridge] solve class 183 24.1s (cumulative)
[nb_ridge] solve class 184 24.2s (cumulative)
[nb_ridge] solve class 185 24.3s (cumulative)
[nb_ridge] solve class 186 24.5s (cumulative)
[nb_ridge] solve class 187 24.6s (cumulative)
[nb_ridge] solve class 188 24.7s (cumulative)
[nb_ridge] solve class 189 24.8s (cumulative)
[nb_ridge] solve class 190 25.0s (cumulative)
[nb_ridge] solve class 191 25.1s (cumulative)
[nb_ridge] solve class 192 25.2s (cumulative)
[nb_ridge] solve class 193 25.4s (cumulative)
[nb_ridge] solve class 194 25.5s (cumulative)
[nb_ridge] solve class 195 25.6s (cumulative)
[nb_ridge] solve class 196 25.7s (cumulative)
[nb_ridge] solve class 197 25.9s (cumulative)
[nb_ridge] solve class 198 26.0s (cumulative)
[nb_ridge] solve class 199 26.1s (cumulative)
[nb_ridge] solve class 200 26.3s (cumulative)
[nb_ridge] solve class 201 26.4s (cumulative)
[nb_ridge] solve class 202 26.5s (cumulative)
[nb_ridge] solve class 203 26.6s (cumulative)
[nb_ridge] solve class 204 26.8s (cumulative)
[nb_ridge] solve class 205 26.9s (cumulative)
[nb_ridge] solve class 206 27.0s (cumulative)
[nb_ridge] solve class 207 27.1s (cumulative)
[nb_ridge] solve class 208 27.3s (cumulative)
[nb_ridge] solve class 209 27.4s (cumulative)
[nb_ridge] solve class 210 27.5s (cumulative)
[nb_ridge] solve class 211 27.7s (cumulative)
[nb_ridge] solve class 212 27.8s (cumulative)
[nb_ridge] solve class 213 27.9s (cumulative)
[nb_ridge] solve class 214 28.0s (cumulative)
[nb_ridge] solve class 215 28.2s (cumulative)
[nb_ridge] solve class 216 28.3s (cumulative)
[nb_ridge] solve class 217 28.4s (cumulative)
[nb_ridge] solve class 218 28.5s (cumulative)
[nb_ridge] solve class 219 28.7s (cumulative)
[nb_ridge] solve class 220 28.8s (cumulative)
[nb_ridge] solve class 221 28.9s (cumulative)
[nb_ridge] solve class 222 29.1s (cumulative)
[nb_ridge] solve class 223 29.2s (cumulative)
[nb_ridge] solve class 224 29.3s (cumulative)
[nb_ridge] solve class 225 29.5s (cumulative)
[nb_ridge] solve class 226 29.6s (cumulative)
[nb_ridge] solve class 227 29.7s (cumulative)
[nb_ridge] solve class 228 29.9s (cumulative)
[nb_ridge] solve class 229 30.0s (cumulative)
[nb_ridge] solve class 230 30.1s (cumulative)
[nb_ridge] solve class 231 30.2s (cumulative)
[nb_ridge] solve class 232 30.4s (cumulative)
[nb_ridge] solve class 233 30.5s (cumulative)
[nb_ridge] solve class 234 30.6s (cumulative)
[nb_ridge] solve class 235 30.7s (cumulative)
[nb_ridge] solve class 236 30.9s (cumulative)
[nb_ridge] solve class 237 31.0s (cumulative)
[nb_ridge] solve class 238 31.1s (cumulative)
[nb_ridge] solve class 239 31.3s (cumulative)
[nb_ridge] solve class 240 31.4s (cumulative)
[nb_ridge] solve class 241 31.5s (cumulative)
[nb_ridge] solve class 242 31.7s (cumulative)
[nb_ridge] solve class 243 31.8s (cumulative)
[nb_ridge] solve class 244 31.9s (cumulative)
[nb_ridge] solve class 245 32.0s (cumulative)
[nb_ridge] solve class 246 32.2s (cumulative)
[nb_ridge] solve class 247 32.3s (cumulative)
[nb_ridge] solve class 248 32.4s (cumulative)
[nb_ridge] solve class 249 32.6s (cumulative)
[nb_ridge] solve class 250 32.7s (cumulative)
[nb_ridge] solve class 251 32.8s (cumulative)
[nb_ridge] solve class 252 33.0s (cumulative)
[nb_ridge] solve class 253 33.1s (cumulative)
[nb_ridge] solve class 254 33.2s (cumulative)
[nb_ridge] solve class 255 33.4s (cumulative)
[nb_ridge] solve class 256 33.5s (cumulative)
[nb_ridge] solve class 257 33.6s (cumulative)
[nb_ridge] solve class 258 33.8s (cumulative)
[nb_ridge] solve class 259 33.9s (cumulative)
[nb_ridge] solve class 260 34.0s (cumulative)
[nb_ridge] solve class 261 34.2s (cumulative)
[nb_ridge] solve class 262 34.3s (cumulative)
[nb_ridge] solve class 263 34.4s (cumulative)
[nb_ridge] solve class 264 34.6s (cumulative)
[nb_ridge] solve class 265 34.7s (cumulative)
[nb_ridge] solve class 266 34.8s (cumulative)
[nb_ridge] solve class 267 35.0s (cumulative)
[nb_ridge] solve class 268 35.1s (cumulative)
[nb_ridge] solve class 269 35.2s (cumulative)
[nb_ridge] solve class 270 35.4s (cumulative)
[nb_ridge] solve class 271 35.5s (cumulative)
[nb_ridge] solve class 272 35.6s (cumulative)
[nb_ridge] solve class 273 35.8s (cumulative)
[nb_ridge] solve class 274 35.9s (cumulative)
[nb_ridge] solve class 275 36.0s (cumulative)
[nb_ridge] solve class 276 36.2s (cumulative)
[nb_ridge] solve class 277 36.3s (cumulative)
[nb_ridge] solve class 278 36.4s (cumulative)
[nb_ridge] solve class 279 36.5s (cumulative)
[nb_ridge] solve class 280 36.7s (cumulative)
[nb_ridge] solve class 281 36.8s (cumulative)
[nb_ridge] solve class 282 36.9s (cumulative)
[nb_ridge] solve class 283 37.1s (cumulative)
[nb_ridge] solve class 284 37.2s (cumulative)
[nb_ridge] solve class 285 37.3s (cumulative)
[nb_ridge] solve class 286 37.4s (cumulative)
[nb_ridge] solve class 287 37.6s (cumulative)
[nb_ridge] solve class 288 37.7s (cumulative)
[nb_ridge] solve class 289 37.8s (cumulative)
[nb_ridge] solve class 290 37.9s (cumulative)
[nb_ridge] solve class 291 38.1s (cumulative)
[nb_ridge] solve class 292 38.2s (cumulative)
[nb_ridge] solve class 293 38.3s (cumulative)
[nb_ridge] solve class 294 38.5s (cumulative)
[nb_ridge] solve class 295 38.6s (cumulative)
[nb_ridge] solve class 296 38.7s (cumulative)
[nb_ridge] solve class 297 38.8s (cumulative)
[nb_ridge] solve class 298 39.0s (cumulative)
[nb_ridge] solve class 299 39.1s (cumulative)
[nb_ridge] solve class 300 39.2s (cumulative)
[nb_ridge] solve class 301 39.4s (cumulative)
[nb_ridge] solve class 302 39.5s (cumulative)
[nb_ridge] solve class 303 39.6s (cumulative)
[nb_ridge] solve class 304 39.8s (cumulative)
[nb_ridge] solve class 305 39.9s (cumulative)
[nb_ridge] solve class 306 40.0s (cumulative)
[nb_ridge] solve class 307 40.2s (cumulative)
[nb_ridge] solve class 308 40.3s (cumulative)
[nb_ridge] solve class 309 40.4s (cumulative)
[nb_ridge] solve class 310 40.5s (cumulative)
[nb_ridge] solve class 311 40.7s (cumulative)
[nb_ridge] solve class 312 40.8s (cumulative)
[nb_ridge] solve class 313 40.9s (cumulative)
[nb_ridge] solve class 314 41.0s (cumulative)
[nb_ridge] solve class 315 41.2s (cumulative)
[nb_ridge] solve class 316 41.3s (cumulative)
[nb_ridge] solve class 317 41.4s (cumulative)
[nb_ridge] solve class 318 41.5s (cumulative)
[nb_ridge] solve class 319 41.6s (cumulative)
[nb_ridge] solve class 320 41.8s (cumulative)
[nb_ridge] solve class 321 41.9s (cumulative)
[nb_ridge] solve class 322 42.0s (cumulative)
[nb_ridge] solve class 323 42.1s (cumulative)
[nb_ridge] solve class 324 42.3s (cumulative)
[nb_ridge] solve class 325 42.4s (cumulative)
[nb_ridge] solve class 326 42.5s (cumulative)
[nb_ridge] solve class 327 42.6s (cumulative)
[nb_ridge] solve class 328 42.8s (cumulative)
[nb_ridge] solve class 329 42.9s (cumulative)
[nb_ridge] solve class 330 43.0s (cumulative)
[nb_ridge] solve class 331 43.1s (cumulative)
[nb_ridge] solve class 332 43.2s (cumulative)
[nb_ridge] solve class 333 43.4s (cumulative)
[nb_ridge] solve class 334 43.5s (cumulative)
[nb_ridge] solve class 335 43.6s (cumulative)
[nb_ridge] solve class 336 43.7s (cumulative)
[nb_ridge] solve class 337 43.9s (cumulative)
[nb_ridge] solve class 338 44.0s (cumulative)
[nb_ridge] solve class 339 44.1s (cumulative)
[nb_ridge] solve class 340 44.2s (cumulative)
[nb_ridge] solve class 341 44.4s (cumulative)
[nb_ridge] solve class 342 44.5s (cumulative)
[nb_ridge] solve class 343 44.6s (cumulative)
[nb_ridge] solve class 344 44.7s (cumulative)
[nb_ridge] solve class 345 44.9s (cumulative)
[nb_ridge] solve class 346 45.0s (cumulative)
[nb_ridge] solve class 347 45.1s (cumulative)
[nb_ridge] solve class 348 45.2s (cumulative)
[nb_ridge] solve class 349 45.3s (cumulative)
[nb_ridge] solve class 350 45.5s (cumulative)
[nb_ridge] solve class 351 45.6s (cumulative)
[nb_ridge] solve class 352 45.7s (cumulative)
[nb_ridge] solve class 353 45.9s (cumulative)
[nb_ridge] solve class 354 46.0s (cumulative)
[nb_ridge] solve class 355 46.1s (cumulative)
[nb_ridge] solve class 356 46.3s (cumulative)
[nb_ridge] solve class 357 46.4s (cumulative)
[nb_ridge] solve class 358 46.5s (cumulative)
[nb_ridge] solve class 359 46.6s (cumulative)
[nb_ridge] solve class 360 46.8s (cumulative)
[nb_ridge] solve class 361 46.9s (cumulative)
[nb_ridge] solve class 362 47.0s (cumulative)
[nb_ridge] solve class 363 47.2s (cumulative)
[nb_ridge] solve class 364 47.3s (cumulative)
[nb_ridge] solve class 365 47.4s (cumulative)
[nb_ridge] solve class 366 47.5s (cumulative)
[nb_ridge] solve class 367 47.7s (cumulative)
[nb_ridge] solve class 368 47.8s (cumulative)
[nb_ridge] solve class 369 47.9s (cumulative)
[nb_ridge] solve class 370 48.1s (cumulative)
[nb_ridge] solve class 371 48.2s (cumulative)
[nb_ridge] solve class 372 48.3s (cumulative)
[nb_ridge] solve class 373 48.4s (cumulative)
[nb_ridge] solve class 374 48.6s (cumulative)
[nb_ridge] solve class 375 48.7s (cumulative)
[nb_ridge] solve class 376 48.8s (cumulative)
[nb_ridge] solve class 377 48.9s (cumulative)
[nb_ridge] solve class 378 49.1s (cumulative)
[nb_ridge] solve class 379 49.2s (cumulative)
[nb_ridge] solve class 380 49.3s (cumulative)
[nb_ridge] solve class 381 49.5s (cumulative)
[nb_ridge] solve class 382 49.6s (cumulative)
[nb_ridge] solve class 383 49.7s (cumulative)
[nb_ridge] solve class 384 49.9s (cumulative)
[nb_ridge] solve class 385 50.0s (cumulative)
[nb_ridge] solve class 386 50.1s (cumulative)
[nb_ridge] solve class 387 50.2s (cumulative)
[nb_ridge] solve class 388 50.4s (cumulative)
[nb_ridge] solve class 389 50.5s (cumulative)
[nb_ridge] solve class 390 50.6s (cumulative)
[nb_ridge] solve class 391 50.7s (cumulative)
[nb_ridge] solve class 392 50.9s (cumulative)
[nb_ridge] solve class 393 51.0s (cumulative)
[nb_ridge] solve class 394 51.1s (cumulative)
[nb_ridge] solve class 395 51.3s (cumulative)
[nb_ridge] solve class 396 51.4s (cumulative)
[nb_ridge] solve class 397 51.5s (cumulative)
[nb_ridge] solve class 398 51.7s (cumulative)
[nb_ridge] solve class 399 51.8s (cumulative)
[nb_ridge] solve class 400 51.9s (cumulative)
[nb_ridge] solve class 401 52.1s (cumulative)
[nb_ridge] solve class 402 52.2s (cumulative)
[nb_ridge] solve class 403 52.3s (cumulative)
[nb_ridge] solve class 404 52.5s (cumulative)
[nb_ridge] solve class 405 52.6s (cumulative)
[nb_ridge] solve class 406 52.7s (cumulative)
[nb_ridge] solve class 407 52.8s (cumulative)
[nb_ridge] solve class 408 53.0s (cumulative)
[nb_ridge] solve class 409 53.1s (cumulative)
[nb_ridge] solve class 410 53.2s (cumulative)
[nb_ridge] solve class 411 53.4s (cumulative)
[nb_ridge] solve class 412 53.5s (cumulative)
[nb_ridge] solve class 413 53.6s (cumulative)
[nb_ridge] solve class 414 53.8s (cumulative)
[nb_ridge] solve class 415 53.9s (cumulative)
[nb_ridge] solve class 416 54.0s (cumulative)
[nb_ridge] solve class 417 54.2s (cumulative)
[nb_ridge] solve class 418 54.3s (cumulative)
[nb_ridge] solve class 419 54.4s (cumulative)
[nb_ridge] solve class 420 54.6s (cumulative)
[nb_ridge] solve class 421 54.7s (cumulative)
[nb_ridge] solve class 422 54.8s (cumulative)
[nb_ridge] solve class 423 54.9s (cumulative)
[nb_ridge] solve class 424 55.1s (cumulative)
[nb_ridge] solve class 425 55.2s (cumulative)
[nb_ridge] solve class 426 55.3s (cumulative)
[nb_ridge] solve class 427 55.5s (cumulative)
[nb_ridge] solve class 428 55.6s (cumulative)
[nb_ridge] solve class 429 55.7s (cumulative)
[nb_ridge] solve class 430 55.9s (cumulative)
[nb_ridge] solve class 431 56.0s (cumulative)
[nb_ridge] solve class 432 56.1s (cumulative)
[nb_ridge] solve class 433 56.2s (cumulative)
[nb_ridge] solve class 434 56.4s (cumulative)
[nb_ridge] solve class 435 56.5s (cumulative)
[nb_ridge] solve class 436 56.6s (cumulative)
[nb_ridge] solve class 437 56.8s (cumulative)
[nb_ridge] solve class 438 56.9s (cumulative)
[nb_ridge] solve class 439 57.0s (cumulative)
[nb_ridge] solve class 440 57.2s (cumulative)
[nb_ridge] solve class 441 57.3s (cumulative)
[nb_ridge] solve class 442 57.4s (cumulative)
[nb_ridge] solve class 443 57.6s (cumulative)
[nb_ridge] solve class 444 57.7s (cumulative)
[nb_ridge] solve class 445 57.8s (cumulative)
[nb_ridge] solve class 446 58.0s (cumulative)
[nb_ridge] solve class 447 58.1s (cumulative)
[nb_ridge] solve class 448 58.2s (cumulative)
[nb_ridge] solve class 449 58.4s (cumulative)
[nb_ridge] solve class 450 58.5s (cumulative)
[nb_ridge] solve class 451 58.6s (cumulative)
[nb_ridge] solve class 452 58.7s (cumulative)
[nb_ridge] solve class 453 58.9s (cumulative)
[nb_ridge] solve class 454 59.0s (cumulative)
[nb_ridge] solve class 455 59.1s (cumulative)
[nb_ridge] solve class 456 59.3s (cumulative)
[nb_ridge] solve class 457 59.4s (cumulative)
[nb_ridge] solve class 458 59.5s (cumulative)
[nb_ridge] solve class 459 59.7s (cumulative)
[nb_ridge] solve class 460 59.8s (cumulative)
[nb_ridge] solve class 461 59.9s (cumulative)
[nb_ridge] solve class 462 60.0s (cumulative)
[nb_ridge] solve class 463 60.2s (cumulative)
[nb_ridge] solve class 464 60.3s (cumulative)
[nb_ridge] solve class 465 60.4s (cumulative)
[nb_ridge] solve class 466 60.5s (cumulative)
[nb_ridge] solve class 467 60.7s (cumulative)
[nb_ridge] solve class 468 60.8s (cumulative)
[nb_ridge] solve class 469 60.9s (cumulative)
[nb_ridge] solve class 470 61.1s (cumulative)
[nb_ridge] solve class 471 61.2s (cumulative)
[nb_ridge] solve class 472 61.3s (cumulative)
[nb_ridge] solve class 473 61.5s (cumulative)
[nb_ridge] solve class 474 61.6s (cumulative)
[nb_ridge] solve class 475 61.7s (cumulative)
[nb_ridge] solve class 476 61.9s (cumulative)
[nb_ridge] solve class 477 62.0s (cumulative)
[nb_ridge] solve class 478 62.1s (cumulative)
[nb_ridge] solve class 479 62.2s (cumulative)
[nb_ridge] solve class 480 62.3s (cumulative)
[nb_ridge] solve class 481 62.5s (cumulative)
[nb_ridge] solve class 482 62.6s (cumulative)
[nb_ridge] solve class 483 62.7s (cumulative)
[nb_ridge] solve class 484 62.8s (cumulative)
[nb_ridge] solve class 485 63.0s (cumulative)
[nb_ridge] solve class 486 63.1s (cumulative)
[nb_ridge] solve class 487 63.2s (cumulative)
[nb_ridge] solve class 488 63.3s (cumulative)
[nb_ridge] solve class 489 63.5s (cumulative)
[nb_ridge] solve class 490 63.6s (cumulative)
[nb_ridge] solve class 491 63.7s (cumulative)
[nb_ridge] solve class 492 63.8s (cumulative)
[nb_ridge] solve class 493 64.0s (cumulative)
[nb_ridge] solve class 494 64.1s (cumulative)
[nb_ridge] solve class 495 64.2s (cumulative)
[nb_ridge] solve class 496 64.3s (cumulative)
[nb_ridge] solve class 497 64.4s (cumulative)
[nb_ridge] solve class 498 64.6s (cumulative)
[nb_ridge] solve class 499 64.7s (cumulative)
[nb_ridge] solve class 500 64.8s (cumulative)
[nb_ridge] solve class 501 64.9s (cumulative)
[nb_ridge] solve class 502 65.1s (cumulative)
[nb_ridge] solve class 503 65.2s (cumulative)
[nb_ridge] solve class 504 65.3s (cumulative)
[nb_ridge] solve class 505 65.4s (cumulative)
[nb_ridge] solve class 506 65.6s (cumulative)
[nb_ridge] solve class 507 65.7s (cumulative)
[nb_ridge] solve class 508 65.8s (cumulative)
[nb_ridge] solve class 509 65.9s (cumulative)
[nb_ridge] solve class 510 66.1s (cumulative)
[nb_ridge] solve class 511 66.2s (cumulative)
[nb_ridge] solve class 512 66.3s (cumulative)
[nb_ridge] solve class 513 66.4s (cumulative)
[nb_ridge] solve class 514 66.6s (cumulative)
[nb_ridge] solve class 515 66.7s (cumulative)
[nb_ridge] solve class 516 66.8s (cumulative)
[nb_ridge] solve class 517 67.0s (cumulative)
[nb_ridge] solve class 518 67.1s (cumulative)
[nb_ridge] solve class 519 67.2s (cumulative)
[nb_ridge] solve class 520 67.3s (cumulative)
[nb_ridge] solve class 521 67.5s (cumulative)
[nb_ridge] solve class 522 67.6s (cumulative)
[nb_ridge] solve class 523 67.7s (cumulative)
[nb_ridge] solve class 524 67.9s (cumulative)
[nb_ridge] solve class 525 68.0s (cumulative)
[nb_ridge] solve class 526 68.1s (cumulative)
[nb_ridge] solve class 527 68.3s (cumulative)
[nb_ridge] solve class 528 68.4s (cumulative)
[nb_ridge] solve class 529 68.5s (cumulative)
[nb_ridge] solve class 530 68.7s (cumulative)
[nb_ridge] solve class 531 68.8s (cumulative)
[nb_ridge] solve class 532 68.9s (cumulative)
[nb_ridge] solve class 533 69.0s (cumulative)
[nb_ridge] solve class 534 69.2s (cumulative)
[nb_ridge] solve class 535 69.3s (cumulative)
[nb_ridge] solve class 536 69.4s (cumulative)
[nb_ridge] solve class 537 69.6s (cumulative)
[nb_ridge] solve class 538 69.7s (cumulative)
[nb_ridge] solve class 539 69.8s (cumulative)
[nb_ridge] solve class 540 70.0s (cumulative)
[nb_ridge] solve class 541 70.1s (cumulative)
[nb_ridge] solve class 542 70.2s (cumulative)
[nb_ridge] solve class 543 70.3s (cumulative)
[nb_ridge] solve class 544 70.5s (cumulative)
[nb_ridge] solve class 545 70.6s (cumulative)
[nb_ridge] solve class 546 70.7s (cumulative)
[nb_ridge] solve class 547 70.8s (cumulative)
[nb_ridge] solve class 548 71.0s (cumulative)
[nb_ridge] solve class 549 71.1s (cumulative)
[nb_ridge] solve class 550 71.2s (cumulative)
[nb_ridge] solve class 551 71.3s (cumulative)
[nb_ridge] solve class 552 71.5s (cumulative)
[nb_ridge] solve class 553 71.6s (cumulative)
[nb_ridge] solve class 554 71.7s (cumulative)
[nb_ridge] solve class 555 71.8s (cumulative)
[nb_ridge] solve class 556 71.9s (cumulative)
[nb_ridge] solve class 557 72.1s (cumulative)
[nb_ridge] solve class 558 72.2s (cumulative)
[nb_ridge] solve class 559 72.3s (cumulative)
[nb_ridge] solve class 560 72.4s (cumulative)
[nb_ridge] solve class 561 72.6s (cumulative)
[nb_ridge] solve class 562 72.7s (cumulative)
[nb_ridge] solve class 563 72.8s (cumulative)
[nb_ridge] solve class 564 72.9s (cumulative)
[nb_ridge] solve class 565 73.1s (cumulative)
[nb_ridge] solve class 566 73.2s (cumulative)
[nb_ridge] solve class 567 73.3s (cumulative)
[nb_ridge] solve class 568 73.4s (cumulative)
[nb_ridge] solve class 569 73.6s (cumulative)
[nb_ridge] solve class 570 73.7s (cumulative)
[nb_ridge] solve class 571 73.8s (cumulative)
[nb_ridge] solve class 572 73.9s (cumulative)
[nb_ridge] solve class 573 74.1s (cumulative)
[nb_ridge] solve class 574 74.2s (cumulative)
[nb_ridge] solve class 575 74.3s (cumulative)
[nb_ridge] solve class 576 74.4s (cumulative)
[nb_ridge] solve class 577 74.5s (cumulative)
[nb_ridge] solve class 578 74.7s (cumulative)
[nb_ridge] solve class 579 74.8s (cumulative)
[nb_ridge] solve class 580 74.9s (cumulative)
[nb_ridge] solve class 581 75.0s (cumulative)
[nb_ridge] solve class 582 75.2s (cumulative)
[nb_ridge] solve class 583 75.3s (cumulative)
[nb_ridge] solve class 584 75.4s (cumulative)
[nb_ridge] solve class 585 75.5s (cumulative)
[nb_ridge] solve class 586 75.7s (cumulative)
[nb_ridge] solve class 587 75.8s (cumulative)
[nb_ridge] solve class 588 75.9s (cumulative)
[nb_ridge] solve class 589 76.0s (cumulative)
[nb_ridge] solve class 590 76.2s (cumulative)
[nb_ridge] solve class 591 76.3s (cumulative)
[nb_ridge] solve class 592 76.4s (cumulative)
[nb_ridge] solve class 593 76.5s (cumulative)
[nb_ridge] solve class 594 76.7s (cumulative)
[nb_ridge] solve class 595 76.8s (cumulative)
[nb_ridge] solve class 596 76.9s (cumulative)
[nb_ridge] solve class 597 77.0s (cumulative)
[nb_ridge] solve class 598 77.2s (cumulative)
[nb_ridge] solve class 599 77.3s (cumulative)
[nb_ridge] solve class 600 77.4s (cumulative)
[nb_ridge] solve class 601 77.5s (cumulative)
[nb_ridge] solve class 602 77.7s (cumulative)
[nb_ridge] solve class 603 77.8s (cumulative)
[nb_ridge] solve class 604 77.9s (cumulative)
[nb_ridge] solve class 605 78.0s (cumulative)
[nb_ridge] solve class 606 78.1s (cumulative)
[nb_ridge] solve class 607 78.3s (cumulative)
[nb_ridge] solve class 608 78.4s (cumulative)
[nb_ridge] solve class 609 78.5s (cumulative)
[nb_ridge] solve class 610 78.6s (cumulative)
[nb_ridge] solve class 611 78.8s (cumulative)
[nb_ridge] solve class 612 78.9s (cumulative)
[nb_ridge] solve class 613 79.0s (cumulative)
[nb_ridge] solve class 614 79.1s (cumulative)
[nb_ridge] solve class 615 79.3s (cumulative)
[nb_ridge] solve class 616 79.4s (cumulative)
[nb_ridge] solve class 617 79.5s (cumulative)
[nb_ridge] solve class 618 79.6s (cumulative)
[nb_ridge] solve class 619 79.8s (cumulative)
[nb_ridge] solve class 620 79.9s (cumulative)
[nb_ridge] solve class 621 80.0s (cumulative)
[nb_ridge] solve class 622 80.1s (cumulative)
[nb_ridge] solve class 623 80.3s (cumulative)
[nb_ridge] solve class 624 80.4s (cumulative)
[nb_ridge] solve class 625 80.5s (cumulative)
[nb_ridge] solve class 626 80.6s (cumulative)
[nb_ridge] solve class 627 80.8s (cumulative)
[nb_ridge] solve class 628 80.9s (cumulative)
[nb_ridge] solve class 629 81.0s (cumulative)
[nb_ridge] solve class 630 81.1s (cumulative)
[nb_ridge] solve class 631 81.3s (cumulative)
[nb_ridge] solve class 632 81.4s (cumulative)
[nb_ridge] solve class 633 81.5s (cumulative)
[nb_ridge] solve class 634 81.6s (cumulative)
[nb_ridge] solve class 635 81.8s (cumulative)
[nb_ridge] solve class 636 81.9s (cumulative)
[nb_ridge] solve class 637 82.0s (cumulative)
[nb_ridge] solve class 638 82.1s (cumulative)
[nb_ridge] solve class 639 82.2s (cumulative)
[nb_ridge] solve class 640 82.4s (cumulative)
[nb_ridge] solve class 641 82.5s (cumulative)
[nb_ridge] solve class 642 82.6s (cumulative)
[nb_ridge] solve class 643 82.7s (cumulative)
[nb_ridge] solve class 644 82.9s (cumulative)
[nb_ridge] solve class 645 83.0s (cumulative)
[nb_ridge] solve class 646 83.1s (cumulative)
[nb_ridge] solve class 647 83.2s (cumulative)
[nb_ridge] solve class 648 83.4s (cumulative)
[nb_ridge] solve class 649 83.5s (cumulative)
[nb_ridge] solve class 650 83.6s (cumulative)
[nb_ridge] solve class 651 83.7s (cumulative)
[nb_ridge] solve class 652 83.9s (cumulative)
[nb_ridge] solve class 653 84.0s (cumulative)
[nb_ridge] solve class 654 84.1s (cumulative)
[nb_ridge] solve class 655 84.2s (cumulative)
[nb_ridge] solve class 656 84.4s (cumulative)
[nb_ridge] solve class 657 84.5s (cumulative)
[nb_ridge] solve class 658 84.6s (cumulative)
[nb_ridge] solve class 659 84.7s (cumulative)
[nb_ridge] solve class 660 84.9s (cumulative)
[nb_ridge] solve class 661 85.0s (cumulative)
[nb_ridge] solve class 662 85.1s (cumulative)
[nb_ridge] solve class 663 85.2s (cumulative)
[nb_ridge] solve class 664 85.4s (cumulative)
[nb_ridge] solve class 665 85.5s (cumulative)
[nb_ridge] solve class 666 85.6s (cumulative)
[nb_ridge] solve class 667 85.7s (cumulative)
[nb_ridge] solve class 668 85.9s (cumulative)
[nb_ridge] solve class 669 86.0s (cumulative)
[nb_ridge] solve class 670 86.1s (cumulative)
[nb_ridge] solve class 671 86.2s (cumulative)
[nb_ridge] solve class 672 86.4s (cumulative)
[nb_ridge] solve class 673 86.5s (cumulative)
[nb_ridge] solve class 674 86.6s (cumulative)
[nb_ridge] solve class 675 86.7s (cumulative)
[nb_ridge] solve class 676 86.9s (cumulative)
[nb_ridge] solve class 677 87.0s (cumulative)
[nb_ridge] solve class 678 87.1s (cumulative)
[nb_ridge] solve class 679 87.2s (cumulative)
[nb_ridge] solve class 680 87.4s (cumulative)
[nb_ridge] solve class 681 87.5s (cumulative)
[nb_ridge] solve class 682 87.6s (cumulative)
[nb_ridge] solve class 683 87.7s (cumulative)
[nb_ridge] solve class 684 87.8s (cumulative)
[nb_ridge] solve class 685 88.0s (cumulative)
[nb_ridge] solve class 686 88.1s (cumulative)
[nb_ridge] solve class 687 88.2s (cumulative)
[nb_ridge] solve class 688 88.3s (cumulative)
[nb_ridge] solve class 689 88.5s (cumulative)
[nb_ridge] solve class 690 88.6s (cumulative)
[nb_ridge] solve class 691 88.7s (cumulative)
[nb_ridge] solve class 692 88.8s (cumulative)
[nb_ridge] solve class 693 89.0s (cumulative)
[nb_ridge] solve class 694 89.1s (cumulative)
[nb_ridge] solve class 695 89.2s (cumulative)
[nb_ridge] solve class 696 89.3s (cumulative)
[nb_ridge] solve class 697 89.5s (cumulative)
[nb_ridge] solve class 698 89.6s (cumulative)
[nb_ridge] solve class 699 89.7s (cumulative)
[nb_ridge] solve class 700 89.8s (cumulative)
[nb_ridge] solve class 701 90.0s (cumulative)
[nb_ridge] solve class 702 90.1s (cumulative)
[nb_ridge] solve class 703 90.2s (cumulative)
[nb_ridge] solve class 704 90.3s (cumulative)
[nb_ridge] solve class 705 90.5s (cumulative)
[nb_ridge] solve class 706 90.6s (cumulative)
[nb_ridge] solve class 707 90.7s (cumulative)
[nb_ridge] solve class 708 90.9s (cumulative)
[nb_ridge] solve class 709 91.0s (cumulative)
[nb_ridge] solve class 710 91.1s (cumulative)
[nb_ridge] solve class 711 91.2s (cumulative)
[nb_ridge] solve class 712 91.3s (cumulative)
[nb_ridge] solve class 713 91.5s (cumulative)
[nb_ridge] solve class 714 91.6s (cumulative)
[nb_ridge] solve class 715 91.7s (cumulative)
[nb_ridge] solve class 716 91.8s (cumulative)
[nb_ridge] solve class 717 92.0s (cumulative)
[nb_ridge] solve class 718 92.1s (cumulative)
[nb_ridge] solve class 719 92.2s (cumulative)
[nb_ridge] solve class 720 92.3s (cumulative)
[nb_ridge] solve class 721 92.4s (cumulative)
[nb_ridge] solve class 722 92.5s (cumulative)
[nb_ridge] solve class 723 92.7s (cumulative)
[nb_ridge] solve class 724 92.8s (cumulative)
[nb_ridge] solve class 725 92.9s (cumulative)
[nb_ridge] solve class 726 93.1s (cumulative)
[nb_ridge] solve class 727 93.2s (cumulative)
[nb_ridge] solve class 728 93.3s (cumulative)
[nb_ridge] solve class 729 93.4s (cumulative)
[nb_ridge] solve class 730 93.6s (cumulative)
[nb_ridge] solve class 731 93.7s (cumulative)
[nb_ridge] solve class 732 93.8s (cumulative)
[nb_ridge] solve class 733 93.9s (cumulative)
[nb_ridge] solve class 734 94.1s (cumulative)
[nb_ridge] solve class 735 94.2s (cumulative)
[nb_ridge] solve class 736 94.3s (cumulative)
[nb_ridge] solve class 737 94.4s (cumulative)
[nb_ridge] solve class 738 94.5s (cumulative)
[nb_ridge] solve class 739 94.7s (cumulative)
[nb_ridge] solve class 740 94.8s (cumulative)
[nb_ridge] solve class 741 94.9s (cumulative)
[nb_ridge] solve class 742 95.0s (cumulative)
[nb_ridge] solve class 743 95.2s (cumulative)
[nb_ridge] solve class 744 95.3s (cumulative)
[nb_ridge] solve class 745 95.4s (cumulative)
[nb_ridge] solve class 746 95.5s (cumulative)
[nb_ridge] solve class 747 95.6s (cumulative)
[nb_ridge] solve class 748 95.8s (cumulative)
[nb_ridge] solve class 749 95.9s (cumulative)
[nb_ridge] solve class 750 96.0s (cumulative)
[nb_ridge] solve class 751 96.1s (cumulative)
[nb_ridge] solve class 752 96.3s (cumulative)
[nb_ridge] solve class 753 96.4s (cumulative)
[nb_ridge] solve class 754 96.5s (cumulative)
[nb_ridge] solve class 755 96.6s (cumulative)
[nb_ridge] solve class 756 96.7s (cumulative)
[nb_ridge] solve class 757 96.9s (cumulative)
[nb_ridge] solve class 758 97.0s (cumulative)
[nb_ridge] solve class 759 97.1s (cumulative)
[nb_ridge] solve class 760 97.2s (cumulative)
[nb_ridge] solve class 761 97.4s (cumulative)
[nb_ridge] solve class 762 97.5s (cumulative)
[nb_ridge] solve class 763 97.6s (cumulative)
[nb_ridge] solve class 764 97.7s (cumulative)
[nb_ridge] solve class 765 97.9s (cumulative)
[nb_ridge] solve class 766 98.0s (cumulative)
[nb_ridge] solve class 767 98.1s (cumulative)
[nb_ridge] solve class 768 98.2s (cumulative)
[nb_ridge] solve class 769 98.4s (cumulative)
[nb_ridge] solve class 770 98.5s (cumulative)
[nb_ridge] solve class 771 98.6s (cumulative)
[nb_ridge] solve class 772 98.7s (cumulative)
[nb_ridge] solve class 773 98.9s (cumulative)
[nb_ridge] solve class 774 99.0s (cumulative)
[nb_ridge] solve class 775 99.1s (cumulative)
[nb_ridge] solve class 776 99.2s (cumulative)
[nb_ridge] solve class 777 99.4s (cumulative)
[nb_ridge] solve class 778 99.5s (cumulative)
[nb_ridge] solve class 779 99.6s (cumulative)
[nb_ridge] solve class 780 99.7s (cumulative)
[nb_ridge] solve class 781 99.8s (cumulative)
[nb_ridge] solve class 782 100.0s (cumulative)
[nb_ridge] solve class 783 100.1s (cumulative)
[nb_ridge] solve class 784 100.2s (cumulative)
[nb_ridge] solve class 785 100.3s (cumulative)
[nb_ridge] solve class 786 100.4s (cumulative)
[nb_ridge] solve class 787 100.6s (cumulative)
[nb_ridge] solve class 788 100.7s (cumulative)
[nb_ridge] solve class 789 100.8s (cumulative)
[nb_ridge] solve class 790 100.9s (cumulative)
[nb_ridge] solve class 791 101.0s (cumulative)
[nb_ridge] solve class 792 101.2s (cumulative)
[nb_ridge] solve class 793 101.3s (cumulative)
[nb_ridge] solve class 794 101.4s (cumulative)
[nb_ridge] solve class 795 101.5s (cumulative)
[nb_ridge] solve class 796 101.6s (cumulative)
[nb_ridge] solve class 797 101.8s (cumulative)
[nb_ridge] solve class 798 101.9s (cumulative)
[nb_ridge] solve class 799 102.0s (cumulative)
[nb_ridge] solve class 800 102.1s (cumulative)
[nb_ridge] solve class 801 102.3s (cumulative)
[nb_ridge] solve class 802 102.4s (cumulative)
[nb_ridge] solve class 803 102.5s (cumulative)
[nb_ridge] solve class 804 102.6s (cumulative)
[nb_ridge] solve class 805 102.8s (cumulative)
[nb_ridge] solve class 806 102.9s (cumulative)
[nb_ridge] solve class 807 103.0s (cumulative)
[nb_ridge] solve class 808 103.1s (cumulative)
[nb_ridge] solve class 809 103.3s (cumulative)
[nb_ridge] solve class 810 103.4s (cumulative)
[nb_ridge] solve class 811 103.5s (cumulative)
[nb_ridge] solve class 812 103.7s (cumulative)
[nb_ridge] solve class 813 103.8s (cumulative)
[nb_ridge] solve class 814 103.9s (cumulative)
[nb_ridge] solve class 815 104.0s (cumulative)
[nb_ridge] solve class 816 104.2s (cumulative)
[nb_ridge] solve class 817 104.3s (cumulative)
[nb_ridge] solve class 818 104.4s (cumulative)
[nb_ridge] solve class 819 104.5s (cumulative)
[nb_ridge] solve class 820 104.6s (cumulative)
[nb_ridge] solve class 821 104.8s (cumulative)
[nb_ridge] solve class 822 104.9s (cumulative)
[nb_ridge] solve class 823 105.0s (cumulative)
[nb_ridge] solve class 824 105.2s (cumulative)
[nb_ridge] solve class 825 105.3s (cumulative)
[nb_ridge] solve class 826 105.4s (cumulative)
[nb_ridge] solve class 827 105.5s (cumulative)
[nb_ridge] solve class 828 105.7s (cumulative)
[nb_ridge] solve class 829 105.8s (cumulative)
[nb_ridge] solve class 830 105.9s (cumulative)
[nb_ridge] solve class 831 106.0s (cumulative)
[nb_ridge] solve class 832 106.2s (cumulative)
[nb_ridge] solve class 833 106.3s (cumulative)
[nb_ridge] solve class 834 106.4s (cumulative)
[nb_ridge] solve class 835 106.5s (cumulative)
[nb_ridge] solve class 836 106.7s (cumulative)
[nb_ridge] solve class 837 106.8s (cumulative)
[nb_ridge] solve class 838 106.9s (cumulative)
[nb_ridge] solve class 839 107.0s (cumulative)
[nb_ridge] solve class 840 107.2s (cumulative)
[nb_ridge] solve class 841 107.3s (cumulative)
    ridge-select: scale 0.5 → sel-slice acc 0.1700
[nb_ridge] tokenize+counts 0.0s (1981 docs, 842 classes)
[nb_ridge] solve class 0 0.2s (cumulative)
[nb_ridge] solve class 1 0.3s (cumulative)
[nb_ridge] solve class 2 0.4s (cumulative)
[nb_ridge] solve class 3 0.5s (cumulative)
[nb_ridge] solve class 4 0.7s (cumulative)
[nb_ridge] solve class 5 0.8s (cumulative)
[nb_ridge] solve class 6 0.9s (cumulative)
[nb_ridge] solve class 7 1.0s (cumulative)
[nb_ridge] solve class 8 1.2s (cumulative)
[nb_ridge] solve class 9 1.3s (cumulative)
[nb_ridge] solve class 10 1.4s (cumulative)
[nb_ridge] solve class 11 1.5s (cumulative)
[nb_ridge] solve class 12 1.7s (cumulative)
[nb_ridge] solve class 13 1.8s (cumulative)
[nb_ridge] solve class 14 1.9s (cumulative)
[nb_ridge] solve class 15 2.0s (cumulative)
[nb_ridge] solve class 16 2.2s (cumulative)
[nb_ridge] solve class 17 2.3s (cumulative)
[nb_ridge] solve class 18 2.4s (cumulative)
[nb_ridge] solve class 19 2.5s (cumulative)
[nb_ridge] solve class 20 2.7s (cumulative)
[nb_ridge] solve class 21 2.8s (cumulative)
[nb_ridge] solve class 22 2.9s (cumulative)
[nb_ridge] solve class 23 3.0s (cumulative)
[nb_ridge] solve class 24 3.2s (cumulative)
[nb_ridge] solve class 25 3.3s (cumulative)
[nb_ridge] solve class 26 3.4s (cumulative)
[nb_ridge] solve class 27 3.5s (cumulative)
[nb_ridge] solve class 28 3.7s (cumulative)
[nb_ridge] solve class 29 3.8s (cumulative)
[nb_ridge] solve class 30 3.9s (cumulative)
[nb_ridge] solve class 31 4.0s (cumulative)
[nb_ridge] solve class 32 4.2s (cumulative)
[nb_ridge] solve class 33 4.3s (cumulative)
[nb_ridge] solve class 34 4.4s (cumulative)
[nb_ridge] solve class 35 4.5s (cumulative)
[nb_ridge] solve class 36 4.7s (cumulative)
[nb_ridge] solve class 37 4.8s (cumulative)
[nb_ridge] solve class 38 4.9s (cumulative)
[nb_ridge] solve class 39 5.0s (cumulative)
[nb_ridge] solve class 40 5.2s (cumulative)
[nb_ridge] solve class 41 5.3s (cumulative)
[nb_ridge] solve class 42 5.4s (cumulative)
[nb_ridge] solve class 43 5.5s (cumulative)
[nb_ridge] solve class 44 5.6s (cumulative)
[nb_ridge] solve class 45 5.8s (cumulative)
[nb_ridge] solve class 46 5.9s (cumulative)
[nb_ridge] solve class 47 6.0s (cumulative)
[nb_ridge] solve class 48 6.1s (cumulative)
[nb_ridge] solve class 49 6.3s (cumulative)
[nb_ridge] solve class 50 6.4s (cumulative)
[nb_ridge] solve class 51 6.5s (cumulative)
[nb_ridge] solve class 52 6.6s (cumulative)
[nb_ridge] solve class 53 6.8s (cumulative)
[nb_ridge] solve class 54 6.9s (cumulative)
[nb_ridge] solve class 55 7.0s (cumulative)
[nb_ridge] solve class 56 7.1s (cumulative)
[nb_ridge] solve class 57 7.3s (cumulative)
[nb_ridge] solve class 58 7.4s (cumulative)
[nb_ridge] solve class 59 7.5s (cumulative)
[nb_ridge] solve class 60 7.6s (cumulative)
[nb_ridge] solve class 61 7.8s (cumulative)
[nb_ridge] solve class 62 7.9s (cumulative)
[nb_ridge] solve class 63 8.0s (cumulative)
[nb_ridge] solve class 64 8.1s (cumulative)
[nb_ridge] solve class 65 8.2s (cumulative)
[nb_ridge] solve class 66 8.4s (cumulative)
[nb_ridge] solve class 67 8.5s (cumulative)
[nb_ridge] solve class 68 8.6s (cumulative)
[nb_ridge] solve class 69 8.7s (cumulative)
[nb_ridge] solve class 70 8.9s (cumulative)
[nb_ridge] solve class 71 9.0s (cumulative)
[nb_ridge] solve class 72 9.1s (cumulative)
[nb_ridge] solve class 73 9.2s (cumulative)
[nb_ridge] solve class 74 9.4s (cumulative)
[nb_ridge] solve class 75 9.5s (cumulative)
[nb_ridge] solve class 76 9.6s (cumulative)
[nb_ridge] solve class 77 9.7s (cumulative)
[nb_ridge] solve class 78 9.9s (cumulative)
[nb_ridge] solve class 79 10.0s (cumulative)
[nb_ridge] solve class 80 10.1s (cumulative)
[nb_ridge] solve class 81 10.2s (cumulative)
[nb_ridge] solve class 82 10.4s (cumulative)
[nb_ridge] solve class 83 10.5s (cumulative)
[nb_ridge] solve class 84 10.6s (cumulative)
[nb_ridge] solve class 85 10.7s (cumulative)
[nb_ridge] solve class 86 10.9s (cumulative)
[nb_ridge] solve class 87 11.0s (cumulative)
[nb_ridge] solve class 88 11.1s (cumulative)
[nb_ridge] solve class 89 11.2s (cumulative)
[nb_ridge] solve class 90 11.4s (cumulative)
[nb_ridge] solve class 91 11.5s (cumulative)
[nb_ridge] solve class 92 11.6s (cumulative)
[nb_ridge] solve class 93 11.7s (cumulative)
[nb_ridge] solve class 94 11.8s (cumulative)
[nb_ridge] solve class 95 12.0s (cumulative)
[nb_ridge] solve class 96 12.1s (cumulative)
[nb_ridge] solve class 97 12.2s (cumulative)
[nb_ridge] solve class 98 12.3s (cumulative)
[nb_ridge] solve class 99 12.5s (cumulative)
[nb_ridge] solve class 100 12.6s (cumulative)
[nb_ridge] solve class 101 12.7s (cumulative)
[nb_ridge] solve class 102 12.8s (cumulative)
[nb_ridge] solve class 103 13.0s (cumulative)
[nb_ridge] solve class 104 13.1s (cumulative)
[nb_ridge] solve class 105 13.2s (cumulative)
[nb_ridge] solve class 106 13.3s (cumulative)
[nb_ridge] solve class 107 13.5s (cumulative)
[nb_ridge] solve class 108 13.6s (cumulative)
[nb_ridge] solve class 109 13.7s (cumulative)
[nb_ridge] solve class 110 13.8s (cumulative)
[nb_ridge] solve class 111 14.0s (cumulative)
[nb_ridge] solve class 112 14.1s (cumulative)
[nb_ridge] solve class 113 14.2s (cumulative)
[nb_ridge] solve class 114 14.3s (cumulative)
[nb_ridge] solve class 115 14.5s (cumulative)
[nb_ridge] solve class 116 14.6s (cumulative)
[nb_ridge] solve class 117 14.7s (cumulative)
[nb_ridge] solve class 118 14.8s (cumulative)
[nb_ridge] solve class 119 15.0s (cumulative)
[nb_ridge] solve class 120 15.1s (cumulative)
[nb_ridge] solve class 121 15.2s (cumulative)
[nb_ridge] solve class 122 15.3s (cumulative)
[nb_ridge] solve class 123 15.5s (cumulative)
[nb_ridge] solve class 124 15.6s (cumulative)
[nb_ridge] solve class 125 15.7s (cumulative)
[nb_ridge] solve class 126 15.8s (cumulative)
[nb_ridge] solve class 127 15.9s (cumulative)
[nb_ridge] solve class 128 16.1s (cumulative)
[nb_ridge] solve class 129 16.2s (cumulative)
[nb_ridge] solve class 130 16.3s (cumulative)
[nb_ridge] solve class 131 16.5s (cumulative)
[nb_ridge] solve class 132 16.6s (cumulative)
[nb_ridge] solve class 133 16.7s (cumulative)
[nb_ridge] solve class 134 16.8s (cumulative)
[nb_ridge] solve class 135 16.9s (cumulative)
[nb_ridge] solve class 136 17.1s (cumulative)
[nb_ridge] solve class 137 17.2s (cumulative)
[nb_ridge] solve class 138 17.3s (cumulative)
[nb_ridge] solve class 139 17.5s (cumulative)
[nb_ridge] solve class 140 17.6s (cumulative)
[nb_ridge] solve class 141 17.7s (cumulative)
[nb_ridge] solve class 142 17.9s (cumulative)
[nb_ridge] solve class 143 18.0s (cumulative)
[nb_ridge] solve class 144 18.1s (cumulative)
[nb_ridge] solve class 145 18.6s (cumulative)
[nb_ridge] solve class 146 19.2s (cumulative)
[nb_ridge] solve class 147 19.3s (cumulative)
[nb_ridge] solve class 148 19.5s (cumulative)
[nb_ridge] solve class 149 19.6s (cumulative)
[nb_ridge] solve class 150 19.7s (cumulative)
[nb_ridge] solve class 151 19.9s (cumulative)
[nb_ridge] solve class 152 20.0s (cumulative)
[nb_ridge] solve class 153 20.1s (cumulative)
[nb_ridge] solve class 154 20.3s (cumulative)
[nb_ridge] solve class 155 20.4s (cumulative)
[nb_ridge] solve class 156 20.5s (cumulative)
[nb_ridge] solve class 157 20.6s (cumulative)
[nb_ridge] solve class 158 20.8s (cumulative)
[nb_ridge] solve class 159 20.9s (cumulative)
[nb_ridge] solve class 160 21.0s (cumulative)
[nb_ridge] solve class 161 21.2s (cumulative)
[nb_ridge] solve class 162 21.3s (cumulative)
[nb_ridge] solve class 163 21.4s (cumulative)
[nb_ridge] solve class 164 21.5s (cumulative)
[nb_ridge] solve class 165 21.7s (cumulative)
[nb_ridge] solve class 166 21.8s (cumulative)
[nb_ridge] solve class 167 21.9s (cumulative)
[nb_ridge] solve class 168 22.0s (cumulative)
[nb_ridge] solve class 169 22.2s (cumulative)
[nb_ridge] solve class 170 22.3s (cumulative)
[nb_ridge] solve class 171 22.4s (cumulative)
[nb_ridge] solve class 172 22.5s (cumulative)
[nb_ridge] solve class 173 22.6s (cumulative)
[nb_ridge] solve class 174 22.8s (cumulative)
[nb_ridge] solve class 175 22.9s (cumulative)
[nb_ridge] solve class 176 23.0s (cumulative)
[nb_ridge] solve class 177 23.1s (cumulative)
[nb_ridge] solve class 178 23.3s (cumulative)
[nb_ridge] solve class 179 23.4s (cumulative)
[nb_ridge] solve class 180 23.5s (cumulative)
[nb_ridge] solve class 181 23.6s (cumulative)
[nb_ridge] solve class 182 23.8s (cumulative)
[nb_ridge] solve class 183 23.9s (cumulative)
[nb_ridge] solve class 184 24.0s (cumulative)
[nb_ridge] solve class 185 24.2s (cumulative)
[nb_ridge] solve class 186 24.3s (cumulative)
[nb_ridge] solve class 187 24.4s (cumulative)
[nb_ridge] solve class 188 24.5s (cumulative)
[nb_ridge] solve class 189 24.7s (cumulative)
[nb_ridge] solve class 190 24.8s (cumulative)
[nb_ridge] solve class 191 24.9s (cumulative)
[nb_ridge] solve class 192 25.0s (cumulative)
[nb_ridge] solve class 193 25.1s (cumulative)
[nb_ridge] solve class 194 25.3s (cumulative)
[nb_ridge] solve class 195 25.4s (cumulative)
[nb_ridge] solve class 196 25.5s (cumulative)
[nb_ridge] solve class 197 25.6s (cumulative)
[nb_ridge] solve class 198 25.8s (cumulative)
[nb_ridge] solve class 199 25.9s (cumulative)
[nb_ridge] solve class 200 26.0s (cumulative)
[nb_ridge] solve class 201 26.1s (cumulative)
[nb_ridge] solve class 202 26.3s (cumulative)
[nb_ridge] solve class 203 26.4s (cumulative)
[nb_ridge] solve class 204 26.5s (cumulative)
[nb_ridge] solve class 205 26.6s (cumulative)
[nb_ridge] solve class 206 26.8s (cumulative)
[nb_ridge] solve class 207 26.9s (cumulative)
[nb_ridge] solve class 208 27.0s (cumulative)
[nb_ridge] solve class 209 27.1s (cumulative)
[nb_ridge] solve class 210 27.3s (cumulative)
[nb_ridge] solve class 211 27.4s (cumulative)
[nb_ridge] solve class 212 27.5s (cumulative)
[nb_ridge] solve class 213 27.6s (cumulative)
[nb_ridge] solve class 214 27.8s (cumulative)
[nb_ridge] solve class 215 27.9s (cumulative)
[nb_ridge] solve class 216 28.0s (cumulative)
[nb_ridge] solve class 217 28.1s (cumulative)
[nb_ridge] solve class 218 28.3s (cumulative)
[nb_ridge] solve class 219 28.4s (cumulative)
[nb_ridge] solve class 220 28.5s (cumulative)
[nb_ridge] solve class 221 28.6s (cumulative)
[nb_ridge] solve class 222 28.8s (cumulative)
[nb_ridge] solve class 223 28.9s (cumulative)
[nb_ridge] solve class 224 29.0s (cumulative)
[nb_ridge] solve class 225 29.1s (cumulative)
[nb_ridge] solve class 226 29.2s (cumulative)
[nb_ridge] solve class 227 29.4s (cumulative)
[nb_ridge] solve class 228 29.5s (cumulative)
[nb_ridge] solve class 229 29.6s (cumulative)
[nb_ridge] solve class 230 29.7s (cumulative)
[nb_ridge] solve class 231 29.9s (cumulative)
[nb_ridge] solve class 232 30.0s (cumulative)
[nb_ridge] solve class 233 30.1s (cumulative)
[nb_ridge] solve class 234 30.2s (cumulative)
[nb_ridge] solve class 235 30.4s (cumulative)
[nb_ridge] solve class 236 30.5s (cumulative)
[nb_ridge] solve class 237 30.6s (cumulative)
[nb_ridge] solve class 238 30.7s (cumulative)
[nb_ridge] solve class 239 30.9s (cumulative)
[nb_ridge] solve class 240 31.0s (cumulative)
[nb_ridge] solve class 241 31.1s (cumulative)
[nb_ridge] solve class 242 31.2s (cumulative)
[nb_ridge] solve class 243 31.4s (cumulative)
[nb_ridge] solve class 244 31.5s (cumulative)
[nb_ridge] solve class 245 31.6s (cumulative)
[nb_ridge] solve class 246 31.8s (cumulative)
[nb_ridge] solve class 247 31.9s (cumulative)
[nb_ridge] solve class 248 32.0s (cumulative)
[nb_ridge] solve class 249 32.2s (cumulative)
[nb_ridge] solve class 250 32.3s (cumulative)
[nb_ridge] solve class 251 32.4s (cumulative)
[nb_ridge] solve class 252 32.6s (cumulative)
[nb_ridge] solve class 253 32.7s (cumulative)
[nb_ridge] solve class 254 32.8s (cumulative)
[nb_ridge] solve class 255 32.9s (cumulative)
[nb_ridge] solve class 256 33.1s (cumulative)
[nb_ridge] solve class 257 33.2s (cumulative)
[nb_ridge] solve class 258 33.3s (cumulative)
[nb_ridge] solve class 259 33.5s (cumulative)
[nb_ridge] solve class 260 33.6s (cumulative)
[nb_ridge] solve class 261 33.7s (cumulative)
[nb_ridge] solve class 262 33.9s (cumulative)
[nb_ridge] solve class 263 34.0s (cumulative)
[nb_ridge] solve class 264 34.1s (cumulative)
[nb_ridge] solve class 265 34.3s (cumulative)
[nb_ridge] solve class 266 34.4s (cumulative)
[nb_ridge] solve class 267 34.5s (cumulative)
[nb_ridge] solve class 268 34.7s (cumulative)
[nb_ridge] solve class 269 34.8s (cumulative)
[nb_ridge] solve class 270 34.9s (cumulative)
[nb_ridge] solve class 271 35.1s (cumulative)
[nb_ridge] solve class 272 35.2s (cumulative)
[nb_ridge] solve class 273 35.3s (cumulative)
[nb_ridge] solve class 274 35.5s (cumulative)
[nb_ridge] solve class 275 35.6s (cumulative)
[nb_ridge] solve class 276 35.7s (cumulative)
[nb_ridge] solve class 277 35.9s (cumulative)
[nb_ridge] solve class 278 36.0s (cumulative)
[nb_ridge] solve class 279 36.1s (cumulative)
[nb_ridge] solve class 280 36.3s (cumulative)
[nb_ridge] solve class 281 36.4s (cumulative)
[nb_ridge] solve class 282 36.5s (cumulative)
[nb_ridge] solve class 283 36.7s (cumulative)
[nb_ridge] solve class 284 36.8s (cumulative)
[nb_ridge] solve class 285 36.9s (cumulative)
[nb_ridge] solve class 286 37.1s (cumulative)
[nb_ridge] solve class 287 37.2s (cumulative)
[nb_ridge] solve class 288 37.4s (cumulative)
[nb_ridge] solve class 289 37.5s (cumulative)
[nb_ridge] solve class 290 37.6s (cumulative)
[nb_ridge] solve class 291 37.8s (cumulative)
[nb_ridge] solve class 292 37.9s (cumulative)
[nb_ridge] solve class 293 38.0s (cumulative)
[nb_ridge] solve class 294 38.2s (cumulative)
[nb_ridge] solve class 295 38.3s (cumulative)
[nb_ridge] solve class 296 38.4s (cumulative)
[nb_ridge] solve class 297 38.6s (cumulative)
[nb_ridge] solve class 298 38.7s (cumulative)
[nb_ridge] solve class 299 38.8s (cumulative)
[nb_ridge] solve class 300 38.9s (cumulative)
[nb_ridge] solve class 301 39.1s (cumulative)
[nb_ridge] solve class 302 39.2s (cumulative)
[nb_ridge] solve class 303 39.3s (cumulative)
[nb_ridge] solve class 304 39.5s (cumulative)
[nb_ridge] solve class 305 39.6s (cumulative)
[nb_ridge] solve class 306 39.7s (cumulative)
[nb_ridge] solve class 307 39.9s (cumulative)
[nb_ridge] solve class 308 40.0s (cumulative)
[nb_ridge] solve class 309 40.1s (cumulative)
[nb_ridge] solve class 310 40.3s (cumulative)
[nb_ridge] solve class 311 40.4s (cumulative)
[nb_ridge] solve class 312 40.5s (cumulative)
[nb_ridge] solve class 313 40.7s (cumulative)
[nb_ridge] solve class 314 40.8s (cumulative)
[nb_ridge] solve class 315 40.9s (cumulative)
[nb_ridge] solve class 316 41.1s (cumulative)
[nb_ridge] solve class 317 41.2s (cumulative)
[nb_ridge] solve class 318 41.3s (cumulative)
[nb_ridge] solve class 319 41.5s (cumulative)
[nb_ridge] solve class 320 41.6s (cumulative)
[nb_ridge] solve class 321 41.7s (cumulative)
[nb_ridge] solve class 322 41.9s (cumulative)
[nb_ridge] solve class 323 42.0s (cumulative)
[nb_ridge] solve class 324 42.1s (cumulative)
[nb_ridge] solve class 325 42.3s (cumulative)
[nb_ridge] solve class 326 42.4s (cumulative)
[nb_ridge] solve class 327 42.5s (cumulative)
[nb_ridge] solve class 328 42.7s (cumulative)
[nb_ridge] solve class 329 42.8s (cumulative)
[nb_ridge] solve class 330 42.9s (cumulative)
[nb_ridge] solve class 331 43.1s (cumulative)
[nb_ridge] solve class 332 43.2s (cumulative)
[nb_ridge] solve class 333 43.3s (cumulative)
[nb_ridge] solve class 334 43.5s (cumulative)
[nb_ridge] solve class 335 43.6s (cumulative)
[nb_ridge] solve class 336 43.7s (cumulative)
[nb_ridge] solve class 337 43.9s (cumulative)
[nb_ridge] solve class 338 44.0s (cumulative)
[nb_ridge] solve class 339 44.1s (cumulative)
[nb_ridge] solve class 340 44.3s (cumulative)
[nb_ridge] solve class 341 44.4s (cumulative)
[nb_ridge] solve class 342 44.5s (cumulative)
[nb_ridge] solve class 343 44.6s (cumulative)
[nb_ridge] solve class 344 44.8s (cumulative)
[nb_ridge] solve class 345 44.9s (cumulative)
[nb_ridge] solve class 346 45.0s (cumulative)
[nb_ridge] solve class 347 45.2s (cumulative)
[nb_ridge] solve class 348 45.3s (cumulative)
[nb_ridge] solve class 349 45.4s (cumulative)
[nb_ridge] solve class 350 45.6s (cumulative)
[nb_ridge] solve class 351 45.7s (cumulative)
[nb_ridge] solve class 352 45.8s (cumulative)
[nb_ridge] solve class 353 46.0s (cumulative)
[nb_ridge] solve class 354 46.1s (cumulative)
[nb_ridge] solve class 355 46.2s (cumulative)
[nb_ridge] solve class 356 46.4s (cumulative)
[nb_ridge] solve class 357 46.5s (cumulative)
[nb_ridge] solve class 358 46.6s (cumulative)
[nb_ridge] solve class 359 46.8s (cumulative)
[nb_ridge] solve class 360 46.9s (cumulative)
[nb_ridge] solve class 361 47.1s (cumulative)
[nb_ridge] solve class 362 47.2s (cumulative)
[nb_ridge] solve class 363 47.3s (cumulative)
[nb_ridge] solve class 364 47.5s (cumulative)
[nb_ridge] solve class 365 47.6s (cumulative)
[nb_ridge] solve class 366 47.7s (cumulative)
[nb_ridge] solve class 367 47.9s (cumulative)
[nb_ridge] solve class 368 48.0s (cumulative)
[nb_ridge] solve class 369 48.1s (cumulative)
[nb_ridge] solve class 370 48.3s (cumulative)
[nb_ridge] solve class 371 48.4s (cumulative)
[nb_ridge] solve class 372 48.5s (cumulative)
[nb_ridge] solve class 373 48.7s (cumulative)
[nb_ridge] solve class 374 48.8s (cumulative)
[nb_ridge] solve class 375 48.9s (cumulative)
[nb_ridge] solve class 376 49.1s (cumulative)
[nb_ridge] solve class 377 49.2s (cumulative)
[nb_ridge] solve class 378 49.3s (cumulative)
[nb_ridge] solve class 379 49.5s (cumulative)
[nb_ridge] solve class 380 49.6s (cumulative)
[nb_ridge] solve class 381 49.7s (cumulative)
[nb_ridge] solve class 382 49.9s (cumulative)
[nb_ridge] solve class 383 50.0s (cumulative)
[nb_ridge] solve class 384 50.1s (cumulative)
[nb_ridge] solve class 385 50.3s (cumulative)
[nb_ridge] solve class 386 50.4s (cumulative)
[nb_ridge] solve class 387 50.5s (cumulative)
[nb_ridge] solve class 388 50.7s (cumulative)
[nb_ridge] solve class 389 50.8s (cumulative)
[nb_ridge] solve class 390 50.9s (cumulative)
[nb_ridge] solve class 391 51.1s (cumulative)
[nb_ridge] solve class 392 51.2s (cumulative)
[nb_ridge] solve class 393 51.3s (cumulative)
[nb_ridge] solve class 394 51.5s (cumulative)
[nb_ridge] solve class 395 51.6s (cumulative)
[nb_ridge] solve class 396 51.7s (cumulative)
[nb_ridge] solve class 397 51.9s (cumulative)
[nb_ridge] solve class 398 52.0s (cumulative)
[nb_ridge] solve class 399 52.1s (cumulative)
[nb_ridge] solve class 400 52.3s (cumulative)
[nb_ridge] solve class 401 52.4s (cumulative)
[nb_ridge] solve class 402 52.5s (cumulative)
[nb_ridge] solve class 403 52.7s (cumulative)
[nb_ridge] solve class 404 52.8s (cumulative)
[nb_ridge] solve class 405 52.9s (cumulative)
[nb_ridge] solve class 406 53.1s (cumulative)
[nb_ridge] solve class 407 53.2s (cumulative)
[nb_ridge] solve class 408 53.3s (cumulative)
[nb_ridge] solve class 409 53.5s (cumulative)
[nb_ridge] solve class 410 53.6s (cumulative)
[nb_ridge] solve class 411 53.7s (cumulative)
[nb_ridge] solve class 412 53.9s (cumulative)
[nb_ridge] solve class 413 54.0s (cumulative)
[nb_ridge] solve class 414 54.1s (cumulative)
[nb_ridge] solve class 415 54.3s (cumulative)
[nb_ridge] solve class 416 54.4s (cumulative)
[nb_ridge] solve class 417 54.5s (cumulative)
[nb_ridge] solve class 418 54.7s (cumulative)
[nb_ridge] solve class 419 54.8s (cumulative)
[nb_ridge] solve class 420 54.9s (cumulative)
[nb_ridge] solve class 421 55.1s (cumulative)
[nb_ridge] solve class 422 55.2s (cumulative)
[nb_ridge] solve class 423 55.3s (cumulative)
[nb_ridge] solve class 424 55.5s (cumulative)
[nb_ridge] solve class 425 55.6s (cumulative)
[nb_ridge] solve class 426 55.7s (cumulative)
[nb_ridge] solve class 427 55.9s (cumulative)
[nb_ridge] solve class 428 56.0s (cumulative)
[nb_ridge] solve class 429 56.1s (cumulative)
[nb_ridge] solve class 430 56.2s (cumulative)
[nb_ridge] solve class 431 56.4s (cumulative)
[nb_ridge] solve class 432 56.5s (cumulative)
[nb_ridge] solve class 433 56.6s (cumulative)
[nb_ridge] solve class 434 56.8s (cumulative)
[nb_ridge] solve class 435 56.9s (cumulative)
[nb_ridge] solve class 436 57.1s (cumulative)
[nb_ridge] solve class 437 57.2s (cumulative)
[nb_ridge] solve class 438 57.3s (cumulative)
[nb_ridge] solve class 439 57.5s (cumulative)
[nb_ridge] solve class 440 57.6s (cumulative)
[nb_ridge] solve class 441 57.7s (cumulative)
[nb_ridge] solve class 442 57.9s (cumulative)
[nb_ridge] solve class 443 58.0s (cumulative)
[nb_ridge] solve class 444 58.1s (cumulative)
[nb_ridge] solve class 445 58.3s (cumulative)
[nb_ridge] solve class 446 58.4s (cumulative)
[nb_ridge] solve class 447 58.5s (cumulative)
[nb_ridge] solve class 448 58.7s (cumulative)
[nb_ridge] solve class 449 58.8s (cumulative)
[nb_ridge] solve class 450 58.9s (cumulative)
[nb_ridge] solve class 451 59.1s (cumulative)
[nb_ridge] solve class 452 59.2s (cumulative)
[nb_ridge] solve class 453 59.3s (cumulative)
[nb_ridge] solve class 454 59.4s (cumulative)
[nb_ridge] solve class 455 59.6s (cumulative)
[nb_ridge] solve class 456 59.7s (cumulative)
[nb_ridge] solve class 457 59.8s (cumulative)
[nb_ridge] solve class 458 60.0s (cumulative)
[nb_ridge] solve class 459 60.1s (cumulative)
[nb_ridge] solve class 460 60.2s (cumulative)
[nb_ridge] solve class 461 60.4s (cumulative)
[nb_ridge] solve class 462 60.5s (cumulative)
[nb_ridge] solve class 463 60.6s (cumulative)
[nb_ridge] solve class 464 60.8s (cumulative)
[nb_ridge] solve class 465 60.9s (cumulative)
[nb_ridge] solve class 466 61.0s (cumulative)
[nb_ridge] solve class 467 61.2s (cumulative)
[nb_ridge] solve class 468 61.3s (cumulative)
[nb_ridge] solve class 469 61.4s (cumulative)
[nb_ridge] solve class 470 61.6s (cumulative)
[nb_ridge] solve class 471 61.7s (cumulative)
[nb_ridge] solve class 472 61.8s (cumulative)
[nb_ridge] solve class 473 62.0s (cumulative)
[nb_ridge] solve class 474 62.1s (cumulative)
[nb_ridge] solve class 475 62.2s (cumulative)
[nb_ridge] solve class 476 62.4s (cumulative)
[nb_ridge] solve class 477 62.5s (cumulative)
[nb_ridge] solve class 478 62.6s (cumulative)
[nb_ridge] solve class 479 62.8s (cumulative)
[nb_ridge] solve class 480 62.9s (cumulative)
[nb_ridge] solve class 481 63.0s (cumulative)
[nb_ridge] solve class 482 63.2s (cumulative)
[nb_ridge] solve class 483 63.3s (cumulative)
[nb_ridge] solve class 484 63.4s (cumulative)
[nb_ridge] solve class 485 63.6s (cumulative)
[nb_ridge] solve class 486 63.7s (cumulative)
[nb_ridge] solve class 487 63.8s (cumulative)
[nb_ridge] solve class 488 64.0s (cumulative)
[nb_ridge] solve class 489 64.1s (cumulative)
[nb_ridge] solve class 490 64.2s (cumulative)
[nb_ridge] solve class 491 64.4s (cumulative)
[nb_ridge] solve class 492 64.5s (cumulative)
[nb_ridge] solve class 493 64.6s (cumulative)
[nb_ridge] solve class 494 64.8s (cumulative)
[nb_ridge] solve class 495 64.9s (cumulative)
[nb_ridge] solve class 496 65.0s (cumulative)
[nb_ridge] solve class 497 65.2s (cumulative)
[nb_ridge] solve class 498 65.3s (cumulative)
[nb_ridge] solve class 499 65.4s (cumulative)
[nb_ridge] solve class 500 65.6s (cumulative)
[nb_ridge] solve class 501 65.7s (cumulative)
[nb_ridge] solve class 502 65.8s (cumulative)
[nb_ridge] solve class 503 66.0s (cumulative)
[nb_ridge] solve class 504 66.1s (cumulative)
[nb_ridge] solve class 505 66.2s (cumulative)
[nb_ridge] solve class 506 66.4s (cumulative)
[nb_ridge] solve class 507 66.5s (cumulative)
[nb_ridge] solve class 508 66.6s (cumulative)
[nb_ridge] solve class 509 66.8s (cumulative)
[nb_ridge] solve class 510 66.9s (cumulative)
[nb_ridge] solve class 511 67.0s (cumulative)
[nb_ridge] solve class 512 67.2s (cumulative)
[nb_ridge] solve class 513 67.3s (cumulative)
[nb_ridge] solve class 514 67.4s (cumulative)
[nb_ridge] solve class 515 67.5s (cumulative)
[nb_ridge] solve class 516 67.7s (cumulative)
[nb_ridge] solve class 517 67.8s (cumulative)
[nb_ridge] solve class 518 67.9s (cumulative)
[nb_ridge] solve class 519 68.1s (cumulative)
[nb_ridge] solve class 520 68.2s (cumulative)
[nb_ridge] solve class 521 68.3s (cumulative)
[nb_ridge] solve class 522 68.5s (cumulative)
[nb_ridge] solve class 523 68.6s (cumulative)
[nb_ridge] solve class 524 68.7s (cumulative)
[nb_ridge] solve class 525 68.9s (cumulative)
[nb_ridge] solve class 526 69.0s (cumulative)
[nb_ridge] solve class 527 69.1s (cumulative)
[nb_ridge] solve class 528 69.3s (cumulative)
[nb_ridge] solve class 529 69.4s (cumulative)
[nb_ridge] solve class 530 69.5s (cumulative)
[nb_ridge] solve class 531 69.7s (cumulative)
[nb_ridge] solve class 532 69.8s (cumulative)
[nb_ridge] solve class 533 69.9s (cumulative)
[nb_ridge] solve class 534 70.1s (cumulative)
[nb_ridge] solve class 535 70.2s (cumulative)
[nb_ridge] solve class 536 70.3s (cumulative)
[nb_ridge] solve class 537 70.5s (cumulative)
[nb_ridge] solve class 538 70.6s (cumulative)
[nb_ridge] solve class 539 70.7s (cumulative)
[nb_ridge] solve class 540 70.9s (cumulative)
[nb_ridge] solve class 541 71.0s (cumulative)
[nb_ridge] solve class 542 71.1s (cumulative)
[nb_ridge] solve class 543 71.3s (cumulative)
[nb_ridge] solve class 544 71.4s (cumulative)
[nb_ridge] solve class 545 71.5s (cumulative)
[nb_ridge] solve class 546 71.7s (cumulative)
[nb_ridge] solve class 547 71.8s (cumulative)
[nb_ridge] solve class 548 71.9s (cumulative)
[nb_ridge] solve class 549 72.0s (cumulative)
[nb_ridge] solve class 550 72.2s (cumulative)
[nb_ridge] solve class 551 72.3s (cumulative)
[nb_ridge] solve class 552 72.4s (cumulative)
[nb_ridge] solve class 553 72.6s (cumulative)
[nb_ridge] solve class 554 72.7s (cumulative)
[nb_ridge] solve class 555 72.8s (cumulative)
[nb_ridge] solve class 556 73.0s (cumulative)
[nb_ridge] solve class 557 73.1s (cumulative)
[nb_ridge] solve class 558 73.2s (cumulative)
[nb_ridge] solve class 559 73.4s (cumulative)
[nb_ridge] solve class 560 73.5s (cumulative)
[nb_ridge] solve class 561 73.6s (cumulative)
[nb_ridge] solve class 562 73.8s (cumulative)
[nb_ridge] solve class 563 73.9s (cumulative)
[nb_ridge] solve class 564 74.0s (cumulative)
[nb_ridge] solve class 565 74.2s (cumulative)
[nb_ridge] solve class 566 74.3s (cumulative)
[nb_ridge] solve class 567 74.4s (cumulative)
[nb_ridge] solve class 568 74.6s (cumulative)
[nb_ridge] solve class 569 74.7s (cumulative)
[nb_ridge] solve class 570 74.8s (cumulative)
[nb_ridge] solve class 571 75.0s (cumulative)
[nb_ridge] solve class 572 75.1s (cumulative)
[nb_ridge] solve class 573 75.2s (cumulative)
[nb_ridge] solve class 574 75.4s (cumulative)
[nb_ridge] solve class 575 75.5s (cumulative)
[nb_ridge] solve class 576 75.6s (cumulative)
[nb_ridge] solve class 577 75.8s (cumulative)
[nb_ridge] solve class 578 75.9s (cumulative)
[nb_ridge] solve class 579 76.0s (cumulative)
[nb_ridge] solve class 580 76.2s (cumulative)
[nb_ridge] solve class 581 76.3s (cumulative)
[nb_ridge] solve class 582 76.4s (cumulative)
[nb_ridge] solve class 583 76.6s (cumulative)
[nb_ridge] solve class 584 76.7s (cumulative)
[nb_ridge] solve class 585 76.8s (cumulative)
[nb_ridge] solve class 586 76.9s (cumulative)
[nb_ridge] solve class 587 77.1s (cumulative)
[nb_ridge] solve class 588 77.2s (cumulative)
[nb_ridge] solve class 589 77.3s (cumulative)
[nb_ridge] solve class 590 77.5s (cumulative)
[nb_ridge] solve class 591 77.6s (cumulative)
[nb_ridge] solve class 592 77.7s (cumulative)
[nb_ridge] solve class 593 77.9s (cumulative)
[nb_ridge] solve class 594 78.0s (cumulative)
[nb_ridge] solve class 595 78.1s (cumulative)
[nb_ridge] solve class 596 78.3s (cumulative)
[nb_ridge] solve class 597 78.4s (cumulative)
[nb_ridge] solve class 598 78.5s (cumulative)
[nb_ridge] solve class 599 78.7s (cumulative)
[nb_ridge] solve class 600 78.8s (cumulative)
[nb_ridge] solve class 601 78.9s (cumulative)
[nb_ridge] solve class 602 79.1s (cumulative)
[nb_ridge] solve class 603 79.2s (cumulative)
[nb_ridge] solve class 604 79.3s (cumulative)
[nb_ridge] solve class 605 79.5s (cumulative)
[nb_ridge] solve class 606 79.6s (cumulative)
[nb_ridge] solve class 607 79.7s (cumulative)
[nb_ridge] solve class 608 79.9s (cumulative)
[nb_ridge] solve class 609 80.0s (cumulative)
[nb_ridge] solve class 610 80.1s (cumulative)
[nb_ridge] solve class 611 80.3s (cumulative)
[nb_ridge] solve class 612 80.4s (cumulative)
[nb_ridge] solve class 613 80.5s (cumulative)
[nb_ridge] solve class 614 80.7s (cumulative)
[nb_ridge] solve class 615 80.8s (cumulative)
[nb_ridge] solve class 616 80.9s (cumulative)
[nb_ridge] solve class 617 81.1s (cumulative)
[nb_ridge] solve class 618 81.2s (cumulative)
[nb_ridge] solve class 619 81.3s (cumulative)
[nb_ridge] solve class 620 81.5s (cumulative)
[nb_ridge] solve class 621 81.6s (cumulative)
[nb_ridge] solve class 622 81.7s (cumulative)
[nb_ridge] solve class 623 81.9s (cumulative)
[nb_ridge] solve class 624 82.0s (cumulative)
[nb_ridge] solve class 625 82.1s (cumulative)
[nb_ridge] solve class 626 82.3s (cumulative)
[nb_ridge] solve class 627 82.4s (cumulative)
[nb_ridge] solve class 628 82.5s (cumulative)
[nb_ridge] solve class 629 82.7s (cumulative)
[nb_ridge] solve class 630 82.8s (cumulative)
[nb_ridge] solve class 631 82.9s (cumulative)
[nb_ridge] solve class 632 83.1s (cumulative)
[nb_ridge] solve class 633 83.2s (cumulative)
[nb_ridge] solve class 634 83.3s (cumulative)
[nb_ridge] solve class 635 83.5s (cumulative)
[nb_ridge] solve class 636 83.6s (cumulative)
[nb_ridge] solve class 637 83.7s (cumulative)
[nb_ridge] solve class 638 83.9s (cumulative)
[nb_ridge] solve class 639 84.0s (cumulative)
[nb_ridge] solve class 640 84.1s (cumulative)
[nb_ridge] solve class 641 84.3s (cumulative)
[nb_ridge] solve class 642 84.4s (cumulative)
[nb_ridge] solve class 643 84.5s (cumulative)
[nb_ridge] solve class 644 84.7s (cumulative)
[nb_ridge] solve class 645 84.8s (cumulative)
[nb_ridge] solve class 646 84.9s (cumulative)
[nb_ridge] solve class 647 85.1s (cumulative)
[nb_ridge] solve class 648 85.2s (cumulative)
[nb_ridge] solve class 649 85.3s (cumulative)
[nb_ridge] solve class 650 85.5s (cumulative)
[nb_ridge] solve class 651 85.6s (cumulative)
[nb_ridge] solve class 652 85.7s (cumulative)
[nb_ridge] solve class 653 85.9s (cumulative)
[nb_ridge] solve class 654 86.0s (cumulative)
[nb_ridge] solve class 655 86.1s (cumulative)
[nb_ridge] solve class 656 86.3s (cumulative)
[nb_ridge] solve class 657 86.4s (cumulative)
[nb_ridge] solve class 658 86.5s (cumulative)
[nb_ridge] solve class 659 86.6s (cumulative)
[nb_ridge] solve class 660 86.8s (cumulative)
[nb_ridge] solve class 661 86.9s (cumulative)
[nb_ridge] solve class 662 87.1s (cumulative)
[nb_ridge] solve class 663 87.2s (cumulative)
[nb_ridge] solve class 664 87.3s (cumulative)
[nb_ridge] solve class 665 87.5s (cumulative)
[nb_ridge] solve class 666 87.6s (cumulative)
[nb_ridge] solve class 667 87.7s (cumulative)
[nb_ridge] solve class 668 87.9s (cumulative)
[nb_ridge] solve class 669 88.0s (cumulative)
[nb_ridge] solve class 670 88.1s (cumulative)
[nb_ridge] solve class 671 88.3s (cumulative)
[nb_ridge] solve class 672 88.4s (cumulative)
[nb_ridge] solve class 673 88.5s (cumulative)
[nb_ridge] solve class 674 88.6s (cumulative)
[nb_ridge] solve class 675 88.8s (cumulative)
[nb_ridge] solve class 676 88.9s (cumulative)
[nb_ridge] solve class 677 89.0s (cumulative)
[nb_ridge] solve class 678 89.2s (cumulative)
[nb_ridge] solve class 679 89.3s (cumulative)
[nb_ridge] solve class 680 89.4s (cumulative)
[nb_ridge] solve class 681 89.6s (cumulative)
[nb_ridge] solve class 682 89.7s (cumulative)
[nb_ridge] solve class 683 89.8s (cumulative)
[nb_ridge] solve class 684 90.0s (cumulative)
[nb_ridge] solve class 685 90.1s (cumulative)
[nb_ridge] solve class 686 90.2s (cumulative)
[nb_ridge] solve class 687 90.4s (cumulative)
[nb_ridge] solve class 688 90.5s (cumulative)
[nb_ridge] solve class 689 90.6s (cumulative)
[nb_ridge] solve class 690 90.8s (cumulative)
[nb_ridge] solve class 691 90.9s (cumulative)
[nb_ridge] solve class 692 91.0s (cumulative)
[nb_ridge] solve class 693 91.2s (cumulative)
[nb_ridge] solve class 694 91.3s (cumulative)
[nb_ridge] solve class 695 91.4s (cumulative)
[nb_ridge] solve class 696 91.6s (cumulative)
[nb_ridge] solve class 697 91.7s (cumulative)
[nb_ridge] solve class 698 91.8s (cumulative)
[nb_ridge] solve class 699 92.0s (cumulative)
[nb_ridge] solve class 700 92.1s (cumulative)
[nb_ridge] solve class 701 92.2s (cumulative)
[nb_ridge] solve class 702 92.4s (cumulative)
[nb_ridge] solve class 703 92.5s (cumulative)
[nb_ridge] solve class 704 92.6s (cumulative)
[nb_ridge] solve class 705 92.8s (cumulative)
[nb_ridge] solve class 706 92.9s (cumulative)
[nb_ridge] solve class 707 93.0s (cumulative)
[nb_ridge] solve class 708 93.2s (cumulative)
[nb_ridge] solve class 709 93.3s (cumulative)
[nb_ridge] solve class 710 93.4s (cumulative)
[nb_ridge] solve class 711 93.6s (cumulative)
[nb_ridge] solve class 712 93.7s (cumulative)
[nb_ridge] solve class 713 93.8s (cumulative)
[nb_ridge] solve class 714 94.0s (cumulative)
[nb_ridge] solve class 715 94.1s (cumulative)
[nb_ridge] solve class 716 94.2s (cumulative)
[nb_ridge] solve class 717 94.3s (cumulative)
[nb_ridge] solve class 718 94.5s (cumulative)
[nb_ridge] solve class 719 94.6s (cumulative)
[nb_ridge] solve class 720 94.7s (cumulative)
[nb_ridge] solve class 721 94.9s (cumulative)
[nb_ridge] solve class 722 95.0s (cumulative)
[nb_ridge] solve class 723 95.1s (cumulative)
[nb_ridge] solve class 724 95.3s (cumulative)
[nb_ridge] solve class 725 95.4s (cumulative)
[nb_ridge] solve class 726 95.5s (cumulative)
[nb_ridge] solve class 727 95.7s (cumulative)
[nb_ridge] solve class 728 95.8s (cumulative)
[nb_ridge] solve class 729 95.9s (cumulative)
[nb_ridge] solve class 730 96.1s (cumulative)
[nb_ridge] solve class 731 96.2s (cumulative)
[nb_ridge] solve class 732 96.3s (cumulative)
[nb_ridge] solve class 733 96.5s (cumulative)
[nb_ridge] solve class 734 96.6s (cumulative)
[nb_ridge] solve class 735 96.7s (cumulative)
[nb_ridge] solve class 736 96.9s (cumulative)
[nb_ridge] solve class 737 97.0s (cumulative)
[nb_ridge] solve class 738 97.1s (cumulative)
[nb_ridge] solve class 739 97.3s (cumulative)
[nb_ridge] solve class 740 97.4s (cumulative)
[nb_ridge] solve class 741 97.5s (cumulative)
[nb_ridge] solve class 742 97.7s (cumulative)
[nb_ridge] solve class 743 97.8s (cumulative)
[nb_ridge] solve class 744 97.9s (cumulative)
[nb_ridge] solve class 745 98.1s (cumulative)
[nb_ridge] solve class 746 98.2s (cumulative)
[nb_ridge] solve class 747 98.3s (cumulative)
[nb_ridge] solve class 748 98.5s (cumulative)
[nb_ridge] solve class 749 98.6s (cumulative)
[nb_ridge] solve class 750 98.7s (cumulative)
[nb_ridge] solve class 751 98.9s (cumulative)
[nb_ridge] solve class 752 99.0s (cumulative)
[nb_ridge] solve class 753 99.1s (cumulative)
[nb_ridge] solve class 754 99.3s (cumulative)
[nb_ridge] solve class 755 99.4s (cumulative)
[nb_ridge] solve class 756 99.5s (cumulative)
[nb_ridge] solve class 757 99.7s (cumulative)
[nb_ridge] solve class 758 99.8s (cumulative)
[nb_ridge] solve class 759 100.0s (cumulative)
[nb_ridge] solve class 760 100.1s (cumulative)
[nb_ridge] solve class 761 100.2s (cumulative)
[nb_ridge] solve class 762 100.4s (cumulative)
[nb_ridge] solve class 763 100.5s (cumulative)
[nb_ridge] solve class 764 100.6s (cumulative)
[nb_ridge] solve class 765 100.8s (cumulative)
[nb_ridge] solve class 766 100.9s (cumulative)
[nb_ridge] solve class 767 101.0s (cumulative)
[nb_ridge] solve class 768 101.2s (cumulative)
[nb_ridge] solve class 769 101.3s (cumulative)
[nb_ridge] solve class 770 101.4s (cumulative)
[nb_ridge] solve class 771 101.6s (cumulative)
[nb_ridge] solve class 772 101.7s (cumulative)
[nb_ridge] solve class 773 101.8s (cumulative)
[nb_ridge] solve class 774 102.0s (cumulative)
[nb_ridge] solve class 775 102.1s (cumulative)
[nb_ridge] solve class 776 102.2s (cumulative)
[nb_ridge] solve class 777 102.4s (cumulative)
[nb_ridge] solve class 778 102.5s (cumulative)
[nb_ridge] solve class 779 102.6s (cumulative)
[nb_ridge] solve class 780 102.8s (cumulative)
[nb_ridge] solve class 781 102.9s (cumulative)
[nb_ridge] solve class 782 103.0s (cumulative)
[nb_ridge] solve class 783 103.2s (cumulative)
[nb_ridge] solve class 784 103.3s (cumulative)
[nb_ridge] solve class 785 103.4s (cumulative)
[nb_ridge] solve class 786 103.5s (cumulative)
[nb_ridge] solve class 787 103.7s (cumulative)
[nb_ridge] solve class 788 103.8s (cumulative)
[nb_ridge] solve class 789 103.9s (cumulative)
[nb_ridge] solve class 790 104.1s (cumulative)
[nb_ridge] solve class 791 104.2s (cumulative)
[nb_ridge] solve class 792 104.3s (cumulative)
[nb_ridge] solve class 793 104.5s (cumulative)
[nb_ridge] solve class 794 104.6s (cumulative)
[nb_ridge] solve class 795 104.7s (cumulative)
[nb_ridge] solve class 796 104.9s (cumulative)
[nb_ridge] solve class 797 105.0s (cumulative)
[nb_ridge] solve class 798 105.2s (cumulative)
[nb_ridge] solve class 799 105.3s (cumulative)
[nb_ridge] solve class 800 105.4s (cumulative)
[nb_ridge] solve class 801 105.6s (cumulative)
[nb_ridge] solve class 802 105.7s (cumulative)
[nb_ridge] solve class 803 105.8s (cumulative)
[nb_ridge] solve class 804 105.9s (cumulative)
[nb_ridge] solve class 805 106.1s (cumulative)
[nb_ridge] solve class 806 106.2s (cumulative)
[nb_ridge] solve class 807 106.3s (cumulative)
[nb_ridge] solve class 808 106.5s (cumulative)
[nb_ridge] solve class 809 106.6s (cumulative)
[nb_ridge] solve class 810 106.7s (cumulative)
[nb_ridge] solve class 811 106.8s (cumulative)
[nb_ridge] solve class 812 107.0s (cumulative)
[nb_ridge] solve class 813 107.1s (cumulative)
[nb_ridge] solve class 814 107.2s (cumulative)
[nb_ridge] solve class 815 107.4s (cumulative)
[nb_ridge] solve class 816 107.5s (cumulative)
[nb_ridge] solve class 817 107.6s (cumulative)
[nb_ridge] solve class 818 107.7s (cumulative)
[nb_ridge] solve class 819 107.9s (cumulative)
[nb_ridge] solve class 820 108.0s (cumulative)
[nb_ridge] solve class 821 108.1s (cumulative)
[nb_ridge] solve class 822 108.3s (cumulative)
[nb_ridge] solve class 823 108.4s (cumulative)
[nb_ridge] solve class 824 108.5s (cumulative)
[nb_ridge] solve class 825 108.6s (cumulative)
[nb_ridge] solve class 826 108.8s (cumulative)
[nb_ridge] solve class 827 108.9s (cumulative)
[nb_ridge] solve class 828 109.0s (cumulative)
[nb_ridge] solve class 829 109.2s (cumulative)
[nb_ridge] solve class 830 109.3s (cumulative)
[nb_ridge] solve class 831 109.4s (cumulative)
[nb_ridge] solve class 832 109.5s (cumulative)
[nb_ridge] solve class 833 109.7s (cumulative)
[nb_ridge] solve class 834 109.8s (cumulative)
[nb_ridge] solve class 835 109.9s (cumulative)
[nb_ridge] solve class 836 110.0s (cumulative)
[nb_ridge] solve class 837 110.2s (cumulative)
[nb_ridge] solve class 838 110.3s (cumulative)
[nb_ridge] solve class 839 110.4s (cumulative)
[nb_ridge] solve class 840 110.5s (cumulative)
[nb_ridge] solve class 841 110.7s (cumulative)
    ridge-select: scale 1 → sel-slice acc 0.1900
[nb_ridge] tokenize+counts 0.0s (1981 docs, 842 classes)
[nb_ridge] solve class 0 0.2s (cumulative)
[nb_ridge] solve class 1 0.3s (cumulative)
[nb_ridge] solve class 2 0.4s (cumulative)
[nb_ridge] solve class 3 0.6s (cumulative)
[nb_ridge] solve class 4 0.7s (cumulative)
[nb_ridge] solve class 5 0.8s (cumulative)
[nb_ridge] solve class 6 0.9s (cumulative)
[nb_ridge] solve class 7 1.1s (cumulative)
[nb_ridge] solve class 8 1.2s (cumulative)
[nb_ridge] solve class 9 1.3s (cumulative)
[nb_ridge] solve class 10 1.4s (cumulative)
[nb_ridge] solve class 11 1.6s (cumulative)
[nb_ridge] solve class 12 1.7s (cumulative)
[nb_ridge] solve class 13 1.8s (cumulative)
[nb_ridge] solve class 14 1.9s (cumulative)
[nb_ridge] solve class 15 2.1s (cumulative)
[nb_ridge] solve class 16 2.2s (cumulative)
[nb_ridge] solve class 17 2.3s (cumulative)
[nb_ridge] solve class 18 2.4s (cumulative)
[nb_ridge] solve class 19 2.6s (cumulative)
[nb_ridge] solve class 20 2.7s (cumulative)
[nb_ridge] solve class 21 2.8s (cumulative)
[nb_ridge] solve class 22 2.9s (cumulative)
[nb_ridge] solve class 23 3.1s (cumulative)
[nb_ridge] solve class 24 3.2s (cumulative)
[nb_ridge] solve class 25 3.3s (cumulative)
[nb_ridge] solve class 26 3.4s (cumulative)
[nb_ridge] solve class 27 3.6s (cumulative)
[nb_ridge] solve class 28 3.7s (cumulative)
[nb_ridge] solve class 29 3.8s (cumulative)
[nb_ridge] solve class 30 3.9s (cumulative)
[nb_ridge] solve class 31 4.1s (cumulative)
[nb_ridge] solve class 32 4.2s (cumulative)
[nb_ridge] solve class 33 4.3s (cumulative)
[nb_ridge] solve class 34 4.4s (cumulative)
[nb_ridge] solve class 35 4.6s (cumulative)
[nb_ridge] solve class 36 4.7s (cumulative)
[nb_ridge] solve class 37 4.8s (cumulative)
[nb_ridge] solve class 38 4.9s (cumulative)
[nb_ridge] solve class 39 5.1s (cumulative)
[nb_ridge] solve class 40 5.2s (cumulative)
[nb_ridge] solve class 41 5.3s (cumulative)
[nb_ridge] solve class 42 5.4s (cumulative)
[nb_ridge] solve class 43 5.6s (cumulative)
[nb_ridge] solve class 44 5.7s (cumulative)
[nb_ridge] solve class 45 5.8s (cumulative)
[nb_ridge] solve class 46 6.0s (cumulative)
[nb_ridge] solve class 47 6.1s (cumulative)
[nb_ridge] solve class 48 6.2s (cumulative)
[nb_ridge] solve class 49 6.3s (cumulative)
[nb_ridge] solve class 50 6.5s (cumulative)
[nb_ridge] solve class 51 6.6s (cumulative)
[nb_ridge] solve class 52 6.7s (cumulative)
[nb_ridge] solve class 53 6.8s (cumulative)
[nb_ridge] solve class 54 7.0s (cumulative)
[nb_ridge] solve class 55 7.1s (cumulative)
[nb_ridge] solve class 56 7.2s (cumulative)
[nb_ridge] solve class 57 7.4s (cumulative)
[nb_ridge] solve class 58 7.5s (cumulative)
[nb_ridge] solve class 59 7.6s (cumulative)
[nb_ridge] solve class 60 7.7s (cumulative)
[nb_ridge] solve class 61 7.9s (cumulative)
[nb_ridge] solve class 62 8.0s (cumulative)
[nb_ridge] solve class 63 8.1s (cumulative)
[nb_ridge] solve class 64 8.2s (cumulative)
[nb_ridge] solve class 65 8.4s (cumulative)
[nb_ridge] solve class 66 8.5s (cumulative)
[nb_ridge] solve class 67 8.6s (cumulative)
[nb_ridge] solve class 68 8.7s (cumulative)
[nb_ridge] solve class 69 8.9s (cumulative)
[nb_ridge] solve class 70 9.0s (cumulative)
[nb_ridge] solve class 71 9.1s (cumulative)
[nb_ridge] solve class 72 9.2s (cumulative)
[nb_ridge] solve class 73 9.4s (cumulative)
[nb_ridge] solve class 74 9.5s (cumulative)
[nb_ridge] solve class 75 9.6s (cumulative)
[nb_ridge] solve class 76 9.7s (cumulative)
[nb_ridge] solve class 77 9.9s (cumulative)
[nb_ridge] solve class 78 10.0s (cumulative)
[nb_ridge] solve class 79 10.1s (cumulative)
[nb_ridge] solve class 80 10.3s (cumulative)
[nb_ridge] solve class 81 10.4s (cumulative)
[nb_ridge] solve class 82 10.5s (cumulative)
[nb_ridge] solve class 83 10.7s (cumulative)
[nb_ridge] solve class 84 10.8s (cumulative)
[nb_ridge] solve class 85 10.9s (cumulative)
[nb_ridge] solve class 86 11.1s (cumulative)
[nb_ridge] solve class 87 11.2s (cumulative)
[nb_ridge] solve class 88 11.3s (cumulative)
[nb_ridge] solve class 89 11.4s (cumulative)
[nb_ridge] solve class 90 11.6s (cumulative)
[nb_ridge] solve class 91 11.7s (cumulative)
[nb_ridge] solve class 92 11.8s (cumulative)
[nb_ridge] solve class 93 11.9s (cumulative)
[nb_ridge] solve class 94 12.1s (cumulative)
[nb_ridge] solve class 95 12.2s (cumulative)
[nb_ridge] solve class 96 12.3s (cumulative)
[nb_ridge] solve class 97 12.5s (cumulative)
[nb_ridge] solve class 98 12.6s (cumulative)
[nb_ridge] solve class 99 12.7s (cumulative)
[nb_ridge] solve class 100 12.8s (cumulative)
[nb_ridge] solve class 101 13.0s (cumulative)
[nb_ridge] solve class 102 13.1s (cumulative)
[nb_ridge] solve class 103 13.2s (cumulative)
[nb_ridge] solve class 104 13.3s (cumulative)
[nb_ridge] solve class 105 13.5s (cumulative)
[nb_ridge] solve class 106 13.6s (cumulative)
[nb_ridge] solve class 107 13.7s (cumulative)
[nb_ridge] solve class 108 13.8s (cumulative)
[nb_ridge] solve class 109 14.0s (cumulative)
[nb_ridge] solve class 110 14.1s (cumulative)
[nb_ridge] solve class 111 14.2s (cumulative)
[nb_ridge] solve class 112 14.3s (cumulative)
[nb_ridge] solve class 113 14.5s (cumulative)
[nb_ridge] solve class 114 14.6s (cumulative)
[nb_ridge] solve class 115 14.7s (cumulative)
[nb_ridge] solve class 116 14.8s (cumulative)
[nb_ridge] solve class 117 15.0s (cumulative)
[nb_ridge] solve class 118 15.1s (cumulative)
[nb_ridge] solve class 119 15.2s (cumulative)
[nb_ridge] solve class 120 15.3s (cumulative)
[nb_ridge] solve class 121 15.5s (cumulative)
[nb_ridge] solve class 122 15.6s (cumulative)
[nb_ridge] solve class 123 15.7s (cumulative)
[nb_ridge] solve class 124 15.8s (cumulative)
[nb_ridge] solve class 125 16.0s (cumulative)
[nb_ridge] solve class 126 16.1s (cumulative)
[nb_ridge] solve class 127 16.2s (cumulative)
[nb_ridge] solve class 128 16.3s (cumulative)
[nb_ridge] solve class 129 16.5s (cumulative)
[nb_ridge] solve class 130 16.6s (cumulative)
[nb_ridge] solve class 131 16.7s (cumulative)
[nb_ridge] solve class 132 16.8s (cumulative)
[nb_ridge] solve class 133 17.0s (cumulative)
[nb_ridge] solve class 134 17.1s (cumulative)
[nb_ridge] solve class 135 17.2s (cumulative)
[nb_ridge] solve class 136 17.3s (cumulative)
[nb_ridge] solve class 137 17.5s (cumulative)
[nb_ridge] solve class 138 17.6s (cumulative)
[nb_ridge] solve class 139 17.7s (cumulative)
[nb_ridge] solve class 140 17.8s (cumulative)
[nb_ridge] solve class 141 18.0s (cumulative)
[nb_ridge] solve class 142 18.1s (cumulative)
[nb_ridge] solve class 143 18.2s (cumulative)
[nb_ridge] solve class 144 18.3s (cumulative)
[nb_ridge] solve class 145 18.5s (cumulative)
[nb_ridge] solve class 146 18.6s (cumulative)
[nb_ridge] solve class 147 18.7s (cumulative)
[nb_ridge] solve class 148 18.8s (cumulative)
[nb_ridge] solve class 149 19.0s (cumulative)
[nb_ridge] solve class 150 19.1s (cumulative)
[nb_ridge] solve class 151 19.2s (cumulative)
[nb_ridge] solve class 152 19.3s (cumulative)
[nb_ridge] solve class 153 19.5s (cumulative)
[nb_ridge] solve class 154 19.6s (cumulative)
[nb_ridge] solve class 155 19.7s (cumulative)
[nb_ridge] solve class 156 19.8s (cumulative)
[nb_ridge] solve class 157 20.0s (cumulative)
[nb_ridge] solve class 158 20.1s (cumulative)
[nb_ridge] solve class 159 20.2s (cumulative)
[nb_ridge] solve class 160 20.3s (cumulative)
[nb_ridge] solve class 161 20.5s (cumulative)
[nb_ridge] solve class 162 20.6s (cumulative)
[nb_ridge] solve class 163 20.7s (cumulative)
[nb_ridge] solve class 164 20.8s (cumulative)
[nb_ridge] solve class 165 21.0s (cumulative)
[nb_ridge] solve class 166 21.1s (cumulative)
[nb_ridge] solve class 167 21.2s (cumulative)
[nb_ridge] solve class 168 21.3s (cumulative)
[nb_ridge] solve class 169 21.5s (cumulative)
[nb_ridge] solve class 170 21.6s (cumulative)
[nb_ridge] solve class 171 21.7s (cumulative)
[nb_ridge] solve class 172 21.8s (cumulative)
[nb_ridge] solve class 173 22.0s (cumulative)
[nb_ridge] solve class 174 22.1s (cumulative)
[nb_ridge] solve class 175 22.2s (cumulative)
[nb_ridge] solve class 176 22.3s (cumulative)
[nb_ridge] solve class 177 22.5s (cumulative)
[nb_ridge] solve class 178 22.6s (cumulative)
[nb_ridge] solve class 179 22.7s (cumulative)
[nb_ridge] solve class 180 22.8s (cumulative)
[nb_ridge] solve class 181 23.0s (cumulative)
[nb_ridge] solve class 182 23.1s (cumulative)
[nb_ridge] solve class 183 23.2s (cumulative)
[nb_ridge] solve class 184 23.3s (cumulative)
[nb_ridge] solve class 185 23.5s (cumulative)
[nb_ridge] solve class 186 23.6s (cumulative)
[nb_ridge] solve class 187 23.7s (cumulative)
[nb_ridge] solve class 188 23.8s (cumulative)
[nb_ridge] solve class 189 24.0s (cumulative)
[nb_ridge] solve class 190 24.1s (cumulative)
[nb_ridge] solve class 191 24.2s (cumulative)
[nb_ridge] solve class 192 24.3s (cumulative)
[nb_ridge] solve class 193 24.5s (cumulative)
[nb_ridge] solve class 194 24.6s (cumulative)
[nb_ridge] solve class 195 24.7s (cumulative)
[nb_ridge] solve class 196 24.8s (cumulative)
[nb_ridge] solve class 197 25.0s (cumulative)
[nb_ridge] solve class 198 25.1s (cumulative)
[nb_ridge] solve class 199 25.2s (cumulative)
[nb_ridge] solve class 200 25.3s (cumulative)
[nb_ridge] solve class 201 25.4s (cumulative)
[nb_ridge] solve class 202 25.6s (cumulative)
[nb_ridge] solve class 203 25.7s (cumulative)
[nb_ridge] solve class 204 25.8s (cumulative)
[nb_ridge] solve class 205 25.9s (cumulative)
[nb_ridge] solve class 206 26.1s (cumulative)
[nb_ridge] solve class 207 26.2s (cumulative)
[nb_ridge] solve class 208 26.3s (cumulative)
[nb_ridge] solve class 209 26.4s (cumulative)
[nb_ridge] solve class 210 26.6s (cumulative)
[nb_ridge] solve class 211 26.7s (cumulative)
[nb_ridge] solve class 212 26.8s (cumulative)
[nb_ridge] solve class 213 27.0s (cumulative)
[nb_ridge] solve class 214 27.1s (cumulative)
[nb_ridge] solve class 215 27.2s (cumulative)
[nb_ridge] solve class 216 27.3s (cumulative)
[nb_ridge] solve class 217 27.5s (cumulative)
[nb_ridge] solve class 218 27.6s (cumulative)
[nb_ridge] solve class 219 27.7s (cumulative)
[nb_ridge] solve class 220 27.8s (cumulative)
[nb_ridge] solve class 221 28.0s (cumulative)
[nb_ridge] solve class 222 28.1s (cumulative)
[nb_ridge] solve class 223 28.2s (cumulative)
[nb_ridge] solve class 224 28.3s (cumulative)
[nb_ridge] solve class 225 28.5s (cumulative)
[nb_ridge] solve class 226 28.6s (cumulative)
[nb_ridge] solve class 227 28.7s (cumulative)
[nb_ridge] solve class 228 28.8s (cumulative)
[nb_ridge] solve class 229 29.0s (cumulative)
[nb_ridge] solve class 230 29.1s (cumulative)
[nb_ridge] solve class 231 29.2s (cumulative)
[nb_ridge] solve class 232 29.3s (cumulative)
[nb_ridge] solve class 233 29.4s (cumulative)
[nb_ridge] solve class 234 29.6s (cumulative)
[nb_ridge] solve class 235 29.7s (cumulative)
[nb_ridge] solve class 236 29.8s (cumulative)
[nb_ridge] solve class 237 30.0s (cumulative)
[nb_ridge] solve class 238 30.1s (cumulative)
[nb_ridge] solve class 239 30.2s (cumulative)
[nb_ridge] solve class 240 30.3s (cumulative)
[nb_ridge] solve class 241 30.5s (cumulative)
[nb_ridge] solve class 242 30.6s (cumulative)
[nb_ridge] solve class 243 30.7s (cumulative)
[nb_ridge] solve class 244 30.8s (cumulative)
[nb_ridge] solve class 245 31.0s (cumulative)
[nb_ridge] solve class 246 31.1s (cumulative)
[nb_ridge] solve class 247 31.2s (cumulative)
[nb_ridge] solve class 248 31.3s (cumulative)
[nb_ridge] solve class 249 31.5s (cumulative)
[nb_ridge] solve class 250 31.6s (cumulative)
[nb_ridge] solve class 251 31.7s (cumulative)
[nb_ridge] solve class 252 31.9s (cumulative)
[nb_ridge] solve class 253 32.0s (cumulative)
[nb_ridge] solve class 254 32.1s (cumulative)
[nb_ridge] solve class 255 32.3s (cumulative)
[nb_ridge] solve class 256 32.4s (cumulative)
[nb_ridge] solve class 257 32.5s (cumulative)
[nb_ridge] solve class 258 32.7s (cumulative)
[nb_ridge] solve class 259 32.8s (cumulative)
[nb_ridge] solve class 260 32.9s (cumulative)
[nb_ridge] solve class 261 33.0s (cumulative)
[nb_ridge] solve class 262 33.2s (cumulative)
[nb_ridge] solve class 263 33.3s (cumulative)
[nb_ridge] solve class 264 33.4s (cumulative)
[nb_ridge] solve class 265 33.5s (cumulative)
[nb_ridge] solve class 266 33.7s (cumulative)
[nb_ridge] solve class 267 33.8s (cumulative)
[nb_ridge] solve class 268 33.9s (cumulative)
[nb_ridge] solve class 269 34.0s (cumulative)
[nb_ridge] solve class 270 34.2s (cumulative)
[nb_ridge] solve class 271 34.3s (cumulative)
[nb_ridge] solve class 272 34.4s (cumulative)
[nb_ridge] solve class 273 34.5s (cumulative)
[nb_ridge] solve class 274 34.7s (cumulative)
[nb_ridge] solve class 275 34.8s (cumulative)
[nb_ridge] solve class 276 34.9s (cumulative)
[nb_ridge] solve class 277 35.0s (cumulative)
[nb_ridge] solve class 278 35.2s (cumulative)
[nb_ridge] solve class 279 35.3s (cumulative)
[nb_ridge] solve class 280 35.4s (cumulative)
[nb_ridge] solve class 281 35.5s (cumulative)
[nb_ridge] solve class 282 35.7s (cumulative)
[nb_ridge] solve class 283 35.8s (cumulative)
[nb_ridge] solve class 284 35.9s (cumulative)
[nb_ridge] solve class 285 36.0s (cumulative)
[nb_ridge] solve class 286 36.2s (cumulative)
[nb_ridge] solve class 287 36.3s (cumulative)
[nb_ridge] solve class 288 36.4s (cumulative)
[nb_ridge] solve class 289 36.6s (cumulative)
[nb_ridge] solve class 290 36.7s (cumulative)
[nb_ridge] solve class 291 36.8s (cumulative)
[nb_ridge] solve class 292 36.9s (cumulative)
[nb_ridge] solve class 293 37.1s (cumulative)
[nb_ridge] solve class 294 37.2s (cumulative)
[nb_ridge] solve class 295 37.3s (cumulative)
[nb_ridge] solve class 296 37.4s (cumulative)
[nb_ridge] solve class 297 37.6s (cumulative)
[nb_ridge] solve class 298 37.7s (cumulative)
[nb_ridge] solve class 299 37.8s (cumulative)
[nb_ridge] solve class 300 37.9s (cumulative)
[nb_ridge] solve class 301 38.1s (cumulative)
[nb_ridge] solve class 302 38.2s (cumulative)
[nb_ridge] solve class 303 38.3s (cumulative)
[nb_ridge] solve class 304 38.4s (cumulative)
[nb_ridge] solve class 305 38.6s (cumulative)
[nb_ridge] solve class 306 38.7s (cumulative)
[nb_ridge] solve class 307 38.8s (cumulative)
[nb_ridge] solve class 308 38.9s (cumulative)
[nb_ridge] solve class 309 39.1s (cumulative)
[nb_ridge] solve class 310 39.2s (cumulative)
[nb_ridge] solve class 311 39.3s (cumulative)
[nb_ridge] solve class 312 39.4s (cumulative)
[nb_ridge] solve class 313 39.6s (cumulative)
[nb_ridge] solve class 314 39.7s (cumulative)
[nb_ridge] solve class 315 39.8s (cumulative)
[nb_ridge] solve class 316 39.9s (cumulative)
[nb_ridge] solve class 317 40.1s (cumulative)
[nb_ridge] solve class 318 40.2s (cumulative)
[nb_ridge] solve class 319 40.3s (cumulative)
[nb_ridge] solve class 320 40.4s (cumulative)
[nb_ridge] solve class 321 40.6s (cumulative)
[nb_ridge] solve class 322 40.7s (cumulative)
[nb_ridge] solve class 323 40.8s (cumulative)
[nb_ridge] solve class 324 40.9s (cumulative)
[nb_ridge] solve class 325 41.1s (cumulative)
[nb_ridge] solve class 326 41.2s (cumulative)
[nb_ridge] solve class 327 41.3s (cumulative)
[nb_ridge] solve class 328 41.4s (cumulative)
[nb_ridge] solve class 329 41.6s (cumulative)
[nb_ridge] solve class 330 41.7s (cumulative)
[nb_ridge] solve class 331 41.8s (cumulative)
[nb_ridge] solve class 332 41.9s (cumulative)
[nb_ridge] solve class 333 42.1s (cumulative)
[nb_ridge] solve class 334 42.2s (cumulative)
[nb_ridge] solve class 335 42.3s (cumulative)
[nb_ridge] solve class 336 42.4s (cumulative)
[nb_ridge] solve class 337 42.6s (cumulative)
[nb_ridge] solve class 338 42.7s (cumulative)
[nb_ridge] solve class 339 42.8s (cumulative)
[nb_ridge] solve class 340 42.9s (cumulative)
[nb_ridge] solve class 341 43.1s (cumulative)
[nb_ridge] solve class 342 43.2s (cumulative)
[nb_ridge] solve class 343 43.3s (cumulative)
[nb_ridge] solve class 344 43.4s (cumulative)
[nb_ridge] solve class 345 43.6s (cumulative)
[nb_ridge] solve class 346 43.7s (cumulative)
[nb_ridge] solve class 347 43.8s (cumulative)
[nb_ridge] solve class 348 43.9s (cumulative)
[nb_ridge] solve class 349 44.1s (cumulative)
[nb_ridge] solve class 350 44.2s (cumulative)
[nb_ridge] solve class 351 44.3s (cumulative)
[nb_ridge] solve class 352 44.4s (cumulative)
[nb_ridge] solve class 353 44.6s (cumulative)
[nb_ridge] solve class 354 44.7s (cumulative)
[nb_ridge] solve class 355 44.8s (cumulative)
[nb_ridge] solve class 356 44.9s (cumulative)
[nb_ridge] solve class 357 45.1s (cumulative)
[nb_ridge] solve class 358 45.2s (cumulative)
[nb_ridge] solve class 359 45.3s (cumulative)
[nb_ridge] solve class 360 45.4s (cumulative)
[nb_ridge] solve class 361 45.6s (cumulative)
[nb_ridge] solve class 362 45.7s (cumulative)
[nb_ridge] solve class 363 45.8s (cumulative)
[nb_ridge] solve class 364 45.9s (cumulative)
[nb_ridge] solve class 365 46.1s (cumulative)
[nb_ridge] solve class 366 46.2s (cumulative)
[nb_ridge] solve class 367 46.3s (cumulative)
[nb_ridge] solve class 368 46.4s (cumulative)
[nb_ridge] solve class 369 46.6s (cumulative)
[nb_ridge] solve class 370 46.7s (cumulative)
[nb_ridge] solve class 371 46.8s (cumulative)
[nb_ridge] solve class 372 46.9s (cumulative)
[nb_ridge] solve class 373 47.1s (cumulative)
[nb_ridge] solve class 374 47.2s (cumulative)
[nb_ridge] solve class 375 47.3s (cumulative)
[nb_ridge] solve class 376 47.4s (cumulative)
[nb_ridge] solve class 377 47.5s (cumulative)
[nb_ridge] solve class 378 47.6s (cumulative)
[nb_ridge] solve class 379 47.8s (cumulative)
[nb_ridge] solve class 380 47.9s (cumulative)
[nb_ridge] solve class 381 48.0s (cumulative)
[nb_ridge] solve class 382 48.1s (cumulative)
[nb_ridge] solve class 383 48.2s (cumulative)
[nb_ridge] solve class 384 48.4s (cumulative)
[nb_ridge] solve class 385 48.5s (cumulative)
[nb_ridge] solve class 386 48.6s (cumulative)
[nb_ridge] solve class 387 48.7s (cumulative)
[nb_ridge] solve class 388 48.8s (cumulative)
[nb_ridge] solve class 389 49.0s (cumulative)
[nb_ridge] solve class 390 49.1s (cumulative)
[nb_ridge] solve class 391 49.2s (cumulative)
[nb_ridge] solve class 392 49.3s (cumulative)
[nb_ridge] solve class 393 49.4s (cumulative)
[nb_ridge] solve class 394 49.6s (cumulative)
[nb_ridge] solve class 395 49.7s (cumulative)
[nb_ridge] solve class 396 49.8s (cumulative)
[nb_ridge] solve class 397 49.9s (cumulative)
[nb_ridge] solve class 398 50.0s (cumulative)
[nb_ridge] solve class 399 50.2s (cumulative)
[nb_ridge] solve class 400 50.3s (cumulative)
[nb_ridge] solve class 401 50.4s (cumulative)
[nb_ridge] solve class 402 50.5s (cumulative)
[nb_ridge] solve class 403 50.6s (cumulative)
[nb_ridge] solve class 404 50.7s (cumulative)
[nb_ridge] solve class 405 50.9s (cumulative)
[nb_ridge] solve class 406 51.0s (cumulative)
[nb_ridge] solve class 407 51.1s (cumulative)
[nb_ridge] solve class 408 51.2s (cumulative)
[nb_ridge] solve class 409 51.3s (cumulative)
[nb_ridge] solve class 410 51.5s (cumulative)
[nb_ridge] solve class 411 51.6s (cumulative)
[nb_ridge] solve class 412 51.7s (cumulative)
[nb_ridge] solve class 413 51.8s (cumulative)
[nb_ridge] solve class 414 51.9s (cumulative)
[nb_ridge] solve class 415 52.1s (cumulative)
[nb_ridge] solve class 416 52.2s (cumulative)
[nb_ridge] solve class 417 52.3s (cumulative)
[nb_ridge] solve class 418 52.4s (cumulative)
[nb_ridge] solve class 419 52.5s (cumulative)
[nb_ridge] solve class 420 52.7s (cumulative)
[nb_ridge] solve class 421 52.8s (cumulative)
[nb_ridge] solve class 422 52.9s (cumulative)
[nb_ridge] solve class 423 53.0s (cumulative)
[nb_ridge] solve class 424 53.1s (cumulative)
[nb_ridge] solve class 425 53.3s (cumulative)
[nb_ridge] solve class 426 53.4s (cumulative)
[nb_ridge] solve class 427 53.5s (cumulative)
[nb_ridge] solve class 428 53.6s (cumulative)
[nb_ridge] solve class 429 53.7s (cumulative)
[nb_ridge] solve class 430 53.8s (cumulative)
[nb_ridge] solve class 431 54.0s (cumulative)
[nb_ridge] solve class 432 54.1s (cumulative)
[nb_ridge] solve class 433 54.2s (cumulative)
[nb_ridge] solve class 434 54.3s (cumulative)
[nb_ridge] solve class 435 54.4s (cumulative)
[nb_ridge] solve class 436 54.6s (cumulative)
[nb_ridge] solve class 437 54.7s (cumulative)
[nb_ridge] solve class 438 54.8s (cumulative)
[nb_ridge] solve class 439 54.9s (cumulative)
[nb_ridge] solve class 440 55.0s (cumulative)
[nb_ridge] solve class 441 55.2s (cumulative)
[nb_ridge] solve class 442 55.3s (cumulative)
[nb_ridge] solve class 443 55.4s (cumulative)
[nb_ridge] solve class 444 55.5s (cumulative)
[nb_ridge] solve class 445 55.6s (cumulative)
[nb_ridge] solve class 446 55.8s (cumulative)
[nb_ridge] solve class 447 55.9s (cumulative)
[nb_ridge] solve class 448 56.0s (cumulative)
[nb_ridge] solve class 449 56.1s (cumulative)
[nb_ridge] solve class 450 56.2s (cumulative)
[nb_ridge] solve class 451 56.4s (cumulative)
[nb_ridge] solve class 452 56.5s (cumulative)
[nb_ridge] solve class 453 56.6s (cumulative)
[nb_ridge] solve class 454 56.7s (cumulative)
[nb_ridge] solve class 455 56.8s (cumulative)
[nb_ridge] solve class 456 57.0s (cumulative)
[nb_ridge] solve class 457 57.1s (cumulative)
[nb_ridge] solve class 458 57.2s (cumulative)
[nb_ridge] solve class 459 57.3s (cumulative)
[nb_ridge] solve class 460 57.4s (cumulative)
[nb_ridge] solve class 461 57.5s (cumulative)
[nb_ridge] solve class 462 57.7s (cumulative)
[nb_ridge] solve class 463 57.8s (cumulative)
[nb_ridge] solve class 464 57.9s (cumulative)
[nb_ridge] solve class 465 58.0s (cumulative)
[nb_ridge] solve class 466 58.1s (cumulative)
[nb_ridge] solve class 467 58.3s (cumulative)
[nb_ridge] solve class 468 58.4s (cumulative)
[nb_ridge] solve class 469 58.5s (cumulative)
[nb_ridge] solve class 470 58.6s (cumulative)
[nb_ridge] solve class 471 58.7s (cumulative)
[nb_ridge] solve class 472 58.9s (cumulative)
[nb_ridge] solve class 473 59.0s (cumulative)
[nb_ridge] solve class 474 59.1s (cumulative)
[nb_ridge] solve class 475 59.2s (cumulative)
[nb_ridge] solve class 476 59.3s (cumulative)
[nb_ridge] solve class 477 59.5s (cumulative)
[nb_ridge] solve class 478 59.6s (cumulative)
[nb_ridge] solve class 479 59.7s (cumulative)
[nb_ridge] solve class 480 59.8s (cumulative)
[nb_ridge] solve class 481 59.9s (cumulative)
[nb_ridge] solve class 482 60.1s (cumulative)
[nb_ridge] solve class 483 60.2s (cumulative)
[nb_ridge] solve class 484 60.3s (cumulative)
[nb_ridge] solve class 485 60.4s (cumulative)
[nb_ridge] solve class 486 60.5s (cumulative)
[nb_ridge] solve class 487 60.6s (cumulative)
[nb_ridge] solve class 488 60.8s (cumulative)
[nb_ridge] solve class 489 60.9s (cumulative)
[nb_ridge] solve class 490 61.0s (cumulative)
[nb_ridge] solve class 491 61.1s (cumulative)
[nb_ridge] solve class 492 61.2s (cumulative)
[nb_ridge] solve class 493 61.4s (cumulative)
[nb_ridge] solve class 494 61.5s (cumulative)
[nb_ridge] solve class 495 61.6s (cumulative)
[nb_ridge] solve class 496 61.7s (cumulative)
[nb_ridge] solve class 497 61.8s (cumulative)
[nb_ridge] solve class 498 62.0s (cumulative)
[nb_ridge] solve class 499 62.1s (cumulative)
[nb_ridge] solve class 500 62.2s (cumulative)
[nb_ridge] solve class 501 62.3s (cumulative)
[nb_ridge] solve class 502 62.4s (cumulative)
[nb_ridge] solve class 503 62.6s (cumulative)
[nb_ridge] solve class 504 62.7s (cumulative)
[nb_ridge] solve class 505 62.8s (cumulative)
[nb_ridge] solve class 506 62.9s (cumulative)
[nb_ridge] solve class 507 63.0s (cumulative)
[nb_ridge] solve class 508 63.2s (cumulative)
[nb_ridge] solve class 509 63.3s (cumulative)
[nb_ridge] solve class 510 63.4s (cumulative)
[nb_ridge] solve class 511 63.5s (cumulative)
[nb_ridge] solve class 512 63.6s (cumulative)
[nb_ridge] solve class 513 63.7s (cumulative)
[nb_ridge] solve class 514 63.9s (cumulative)
[nb_ridge] solve class 515 64.0s (cumulative)
[nb_ridge] solve class 516 64.1s (cumulative)
[nb_ridge] solve class 517 64.3s (cumulative)
[nb_ridge] solve class 518 64.4s (cumulative)
[nb_ridge] solve class 519 64.5s (cumulative)
[nb_ridge] solve class 520 64.6s (cumulative)
[nb_ridge] solve class 521 64.7s (cumulative)
[nb_ridge] solve class 522 64.9s (cumulative)
[nb_ridge] solve class 523 65.0s (cumulative)
[nb_ridge] solve class 524 65.1s (cumulative)
[nb_ridge] solve class 525 65.2s (cumulative)
[nb_ridge] solve class 526 65.3s (cumulative)
[nb_ridge] solve class 527 65.5s (cumulative)
[nb_ridge] solve class 528 65.6s (cumulative)
[nb_ridge] solve class 529 65.7s (cumulative)
[nb_ridge] solve class 530 65.8s (cumulative)
[nb_ridge] solve class 531 65.9s (cumulative)
[nb_ridge] solve class 532 66.0s (cumulative)
[nb_ridge] solve class 533 66.2s (cumulative)
[nb_ridge] solve class 534 66.3s (cumulative)
[nb_ridge] solve class 535 66.4s (cumulative)
[nb_ridge] solve class 536 66.5s (cumulative)
[nb_ridge] solve class 537 66.6s (cumulative)
[nb_ridge] solve class 538 66.8s (cumulative)
[nb_ridge] solve class 539 66.9s (cumulative)
[nb_ridge] solve class 540 67.0s (cumulative)
[nb_ridge] solve class 541 67.1s (cumulative)
[nb_ridge] solve class 542 67.2s (cumulative)
[nb_ridge] solve class 543 67.4s (cumulative)
[nb_ridge] solve class 544 67.5s (cumulative)
[nb_ridge] solve class 545 67.6s (cumulative)
[nb_ridge] solve class 546 67.7s (cumulative)
[nb_ridge] solve class 547 67.8s (cumulative)
[nb_ridge] solve class 548 68.0s (cumulative)
[nb_ridge] solve class 549 68.1s (cumulative)
[nb_ridge] solve class 550 68.2s (cumulative)
[nb_ridge] solve class 551 68.3s (cumulative)
[nb_ridge] solve class 552 68.4s (cumulative)
[nb_ridge] solve class 553 68.6s (cumulative)
[nb_ridge] solve class 554 68.7s (cumulative)
[nb_ridge] solve class 555 68.8s (cumulative)
[nb_ridge] solve class 556 68.9s (cumulative)
[nb_ridge] solve class 557 69.0s (cumulative)
[nb_ridge] solve class 558 69.2s (cumulative)
[nb_ridge] solve class 559 69.3s (cumulative)
[nb_ridge] solve class 560 69.4s (cumulative)
[nb_ridge] solve class 561 69.5s (cumulative)
[nb_ridge] solve class 562 69.6s (cumulative)
[nb_ridge] solve class 563 69.7s (cumulative)
[nb_ridge] solve class 564 69.9s (cumulative)
[nb_ridge] solve class 565 70.0s (cumulative)
[nb_ridge] solve class 566 70.1s (cumulative)
[nb_ridge] solve class 567 70.2s (cumulative)
[nb_ridge] solve class 568 70.3s (cumulative)
[nb_ridge] solve class 569 70.5s (cumulative)
[nb_ridge] solve class 570 70.6s (cumulative)
[nb_ridge] solve class 571 70.7s (cumulative)
[nb_ridge] solve class 572 70.8s (cumulative)
[nb_ridge] solve class 573 70.9s (cumulative)
[nb_ridge] solve class 574 71.1s (cumulative)
[nb_ridge] solve class 575 71.2s (cumulative)
[nb_ridge] solve class 576 71.3s (cumulative)
[nb_ridge] solve class 577 71.4s (cumulative)
[nb_ridge] solve class 578 71.5s (cumulative)
[nb_ridge] solve class 579 71.7s (cumulative)
[nb_ridge] solve class 580 71.8s (cumulative)
[nb_ridge] solve class 581 71.9s (cumulative)
[nb_ridge] solve class 582 72.0s (cumulative)
[nb_ridge] solve class 583 72.1s (cumulative)
[nb_ridge] solve class 584 72.3s (cumulative)
[nb_ridge] solve class 585 72.4s (cumulative)
[nb_ridge] solve class 586 72.5s (cumulative)
[nb_ridge] solve class 587 72.6s (cumulative)
[nb_ridge] solve class 588 72.7s (cumulative)
[nb_ridge] solve class 589 72.9s (cumulative)
[nb_ridge] solve class 590 73.0s (cumulative)
[nb_ridge] solve class 591 73.1s (cumulative)
[nb_ridge] solve class 592 73.2s (cumulative)
[nb_ridge] solve class 593 73.3s (cumulative)
[nb_ridge] solve class 594 73.5s (cumulative)
[nb_ridge] solve class 595 73.6s (cumulative)
[nb_ridge] solve class 596 73.7s (cumulative)
[nb_ridge] solve class 597 73.8s (cumulative)
[nb_ridge] solve class 598 73.9s (cumulative)
[nb_ridge] solve class 599 74.1s (cumulative)
[nb_ridge] solve class 600 74.2s (cumulative)
[nb_ridge] solve class 601 74.3s (cumulative)
[nb_ridge] solve class 602 74.4s (cumulative)
[nb_ridge] solve class 603 74.5s (cumulative)
[nb_ridge] solve class 604 74.7s (cumulative)
[nb_ridge] solve class 605 74.8s (cumulative)
[nb_ridge] solve class 606 74.9s (cumulative)
[nb_ridge] solve class 607 75.0s (cumulative)
[nb_ridge] solve class 608 75.1s (cumulative)
[nb_ridge] solve class 609 75.2s (cumulative)
[nb_ridge] solve class 610 75.4s (cumulative)
[nb_ridge] solve class 611 75.5s (cumulative)
[nb_ridge] solve class 612 75.6s (cumulative)
[nb_ridge] solve class 613 75.7s (cumulative)
[nb_ridge] solve class 614 75.8s (cumulative)
[nb_ridge] solve class 615 76.0s (cumulative)
[nb_ridge] solve class 616 76.1s (cumulative)
[nb_ridge] solve class 617 76.2s (cumulative)
[nb_ridge] solve class 618 76.3s (cumulative)
[nb_ridge] solve class 619 76.4s (cumulative)
[nb_ridge] solve class 620 76.6s (cumulative)
[nb_ridge] solve class 621 76.7s (cumulative)
[nb_ridge] solve class 622 76.8s (cumulative)
[nb_ridge] solve class 623 76.9s (cumulative)
[nb_ridge] solve class 624 77.0s (cumulative)
[nb_ridge] solve class 625 77.2s (cumulative)
[nb_ridge] solve class 626 77.3s (cumulative)
[nb_ridge] solve class 627 77.4s (cumulative)
[nb_ridge] solve class 628 77.5s (cumulative)
[nb_ridge] solve class 629 77.6s (cumulative)
[nb_ridge] solve class 630 77.8s (cumulative)
[nb_ridge] solve class 631 77.9s (cumulative)
[nb_ridge] solve class 632 78.0s (cumulative)
[nb_ridge] solve class 633 78.1s (cumulative)
[nb_ridge] solve class 634 78.2s (cumulative)
[nb_ridge] solve class 635 78.4s (cumulative)
[nb_ridge] solve class 636 78.5s (cumulative)
[nb_ridge] solve class 637 78.6s (cumulative)
[nb_ridge] solve class 638 78.7s (cumulative)
[nb_ridge] solve class 639 78.8s (cumulative)
[nb_ridge] solve class 640 79.0s (cumulative)
[nb_ridge] solve class 641 79.1s (cumulative)
[nb_ridge] solve class 642 79.2s (cumulative)
[nb_ridge] solve class 643 79.3s (cumulative)
[nb_ridge] solve class 644 79.4s (cumulative)
[nb_ridge] solve class 645 79.5s (cumulative)
[nb_ridge] solve class 646 79.7s (cumulative)
[nb_ridge] solve class 647 79.8s (cumulative)
[nb_ridge] solve class 648 79.9s (cumulative)
[nb_ridge] solve class 649 80.0s (cumulative)
[nb_ridge] solve class 650 80.1s (cumulative)
[nb_ridge] solve class 651 80.3s (cumulative)
[nb_ridge] solve class 652 80.4s (cumulative)
[nb_ridge] solve class 653 80.5s (cumulative)
[nb_ridge] solve class 654 80.6s (cumulative)
[nb_ridge] solve class 655 80.7s (cumulative)
[nb_ridge] solve class 656 80.9s (cumulative)
[nb_ridge] solve class 657 81.0s (cumulative)
[nb_ridge] solve class 658 81.1s (cumulative)
[nb_ridge] solve class 659 81.2s (cumulative)
[nb_ridge] solve class 660 81.3s (cumulative)
[nb_ridge] solve class 661 81.5s (cumulative)
[nb_ridge] solve class 662 81.6s (cumulative)
[nb_ridge] solve class 663 81.7s (cumulative)
[nb_ridge] solve class 664 81.8s (cumulative)
[nb_ridge] solve class 665 81.9s (cumulative)
[nb_ridge] solve class 666 82.1s (cumulative)
[nb_ridge] solve class 667 82.2s (cumulative)
[nb_ridge] solve class 668 82.3s (cumulative)
[nb_ridge] solve class 669 82.4s (cumulative)
[nb_ridge] solve class 670 82.5s (cumulative)
[nb_ridge] solve class 671 82.7s (cumulative)
[nb_ridge] solve class 672 82.8s (cumulative)
[nb_ridge] solve class 673 82.9s (cumulative)
[nb_ridge] solve class 674 83.0s (cumulative)
[nb_ridge] solve class 675 83.1s (cumulative)
[nb_ridge] solve class 676 83.2s (cumulative)
[nb_ridge] solve class 677 83.4s (cumulative)
[nb_ridge] solve class 678 83.5s (cumulative)
[nb_ridge] solve class 679 83.6s (cumulative)
[nb_ridge] solve class 680 83.7s (cumulative)
[nb_ridge] solve class 681 83.8s (cumulative)
[nb_ridge] solve class 682 84.0s (cumulative)
[nb_ridge] solve class 683 84.1s (cumulative)
[nb_ridge] solve class 684 84.2s (cumulative)
[nb_ridge] solve class 685 84.3s (cumulative)
[nb_ridge] solve class 686 84.4s (cumulative)
[nb_ridge] solve class 687 84.6s (cumulative)
[nb_ridge] solve class 688 84.7s (cumulative)
[nb_ridge] solve class 689 84.8s (cumulative)
[nb_ridge] solve class 690 84.9s (cumulative)
[nb_ridge] solve class 691 85.0s (cumulative)
[nb_ridge] solve class 692 85.2s (cumulative)
[nb_ridge] solve class 693 85.3s (cumulative)
[nb_ridge] solve class 694 85.4s (cumulative)
[nb_ridge] solve class 695 85.5s (cumulative)
[nb_ridge] solve class 696 85.6s (cumulative)
[nb_ridge] solve class 697 85.8s (cumulative)
[nb_ridge] solve class 698 85.9s (cumulative)
[nb_ridge] solve class 699 86.0s (cumulative)
[nb_ridge] solve class 700 86.1s (cumulative)
[nb_ridge] solve class 701 86.2s (cumulative)
[nb_ridge] solve class 702 86.4s (cumulative)
[nb_ridge] solve class 703 86.5s (cumulative)
[nb_ridge] solve class 704 86.6s (cumulative)
[nb_ridge] solve class 705 86.7s (cumulative)
[nb_ridge] solve class 706 86.8s (cumulative)
[nb_ridge] solve class 707 86.9s (cumulative)
[nb_ridge] solve class 708 87.1s (cumulative)
[nb_ridge] solve class 709 87.2s (cumulative)
[nb_ridge] solve class 710 87.3s (cumulative)
[nb_ridge] solve class 711 87.4s (cumulative)
[nb_ridge] solve class 712 87.5s (cumulative)
[nb_ridge] solve class 713 87.7s (cumulative)
[nb_ridge] solve class 714 87.8s (cumulative)
[nb_ridge] solve class 715 87.9s (cumulative)
[nb_ridge] solve class 716 88.0s (cumulative)
[nb_ridge] solve class 717 88.1s (cumulative)
[nb_ridge] solve class 718 88.3s (cumulative)
[nb_ridge] solve class 719 88.4s (cumulative)
[nb_ridge] solve class 720 88.5s (cumulative)
[nb_ridge] solve class 721 88.6s (cumulative)
[nb_ridge] solve class 722 88.7s (cumulative)
[nb_ridge] solve class 723 88.9s (cumulative)
[nb_ridge] solve class 724 89.0s (cumulative)
[nb_ridge] solve class 725 89.1s (cumulative)
[nb_ridge] solve class 726 89.2s (cumulative)
[nb_ridge] solve class 727 89.3s (cumulative)
[nb_ridge] solve class 728 89.5s (cumulative)
[nb_ridge] solve class 729 89.6s (cumulative)
[nb_ridge] solve class 730 89.7s (cumulative)
[nb_ridge] solve class 731 89.8s (cumulative)
[nb_ridge] solve class 732 89.9s (cumulative)
[nb_ridge] solve class 733 90.0s (cumulative)
[nb_ridge] solve class 734 90.2s (cumulative)
[nb_ridge] solve class 735 90.3s (cumulative)
[nb_ridge] solve class 736 90.4s (cumulative)
[nb_ridge] solve class 737 90.5s (cumulative)
[nb_ridge] solve class 738 90.6s (cumulative)
[nb_ridge] solve class 739 90.8s (cumulative)
[nb_ridge] solve class 740 90.9s (cumulative)
[nb_ridge] solve class 741 91.0s (cumulative)
[nb_ridge] solve class 742 91.1s (cumulative)
[nb_ridge] solve class 743 91.2s (cumulative)
[nb_ridge] solve class 744 91.4s (cumulative)
[nb_ridge] solve class 745 91.5s (cumulative)
[nb_ridge] solve class 746 91.6s (cumulative)
[nb_ridge] solve class 747 91.7s (cumulative)
[nb_ridge] solve class 748 91.8s (cumulative)
[nb_ridge] solve class 749 92.0s (cumulative)
[nb_ridge] solve class 750 92.1s (cumulative)
[nb_ridge] solve class 751 92.2s (cumulative)
[nb_ridge] solve class 752 92.3s (cumulative)
[nb_ridge] solve class 753 92.4s (cumulative)
[nb_ridge] solve class 754 92.6s (cumulative)
[nb_ridge] solve class 755 92.7s (cumulative)
[nb_ridge] solve class 756 92.8s (cumulative)
[nb_ridge] solve class 757 92.9s (cumulative)
[nb_ridge] solve class 758 93.0s (cumulative)
[nb_ridge] solve class 759 93.2s (cumulative)
[nb_ridge] solve class 760 93.3s (cumulative)
[nb_ridge] solve class 761 93.4s (cumulative)
[nb_ridge] solve class 762 93.5s (cumulative)
[nb_ridge] solve class 763 93.6s (cumulative)
[nb_ridge] solve class 764 93.7s (cumulative)
[nb_ridge] solve class 765 93.9s (cumulative)
[nb_ridge] solve class 766 94.0s (cumulative)
[nb_ridge] solve class 767 94.1s (cumulative)
[nb_ridge] solve class 768 94.2s (cumulative)
[nb_ridge] solve class 769 94.3s (cumulative)
[nb_ridge] solve class 770 94.5s (cumulative)
[nb_ridge] solve class 771 94.6s (cumulative)
[nb_ridge] solve class 772 94.7s (cumulative)
[nb_ridge] solve class 773 94.8s (cumulative)
[nb_ridge] solve class 774 94.9s (cumulative)
[nb_ridge] solve class 775 95.1s (cumulative)
[nb_ridge] solve class 776 95.2s (cumulative)
[nb_ridge] solve class 777 95.3s (cumulative)
[nb_ridge] solve class 778 95.4s (cumulative)
[nb_ridge] solve class 779 95.5s (cumulative)
[nb_ridge] solve class 780 95.7s (cumulative)
[nb_ridge] solve class 781 95.8s (cumulative)
[nb_ridge] solve class 782 95.9s (cumulative)
[nb_ridge] solve class 783 96.0s (cumulative)
[nb_ridge] solve class 784 96.1s (cumulative)
[nb_ridge] solve class 785 96.3s (cumulative)
[nb_ridge] solve class 786 96.4s (cumulative)
[nb_ridge] solve class 787 96.5s (cumulative)
[nb_ridge] solve class 788 96.6s (cumulative)
[nb_ridge] solve class 789 96.7s (cumulative)
[nb_ridge] solve class 790 96.9s (cumulative)
[nb_ridge] solve class 791 97.0s (cumulative)
[nb_ridge] solve class 792 97.1s (cumulative)
[nb_ridge] solve class 793 97.2s (cumulative)
[nb_ridge] solve class 794 97.3s (cumulative)
[nb_ridge] solve class 795 97.4s (cumulative)
[nb_ridge] solve class 796 97.6s (cumulative)
[nb_ridge] solve class 797 97.7s (cumulative)
[nb_ridge] solve class 798 97.8s (cumulative)
[nb_ridge] solve class 799 97.9s (cumulative)
[nb_ridge] solve class 800 98.0s (cumulative)
[nb_ridge] solve class 801 98.2s (cumulative)
[nb_ridge] solve class 802 98.3s (cumulative)
[nb_ridge] solve class 803 98.4s (cumulative)
[nb_ridge] solve class 804 98.5s (cumulative)
[nb_ridge] solve class 805 98.6s (cumulative)
[nb_ridge] solve class 806 98.8s (cumulative)
[nb_ridge] solve class 807 98.9s (cumulative)
[nb_ridge] solve class 808 99.0s (cumulative)
[nb_ridge] solve class 809 99.1s (cumulative)
[nb_ridge] solve class 810 99.2s (cumulative)
[nb_ridge] solve class 811 99.4s (cumulative)
[nb_ridge] solve class 812 99.5s (cumulative)
[nb_ridge] solve class 813 99.6s (cumulative)
[nb_ridge] solve class 814 99.7s (cumulative)
[nb_ridge] solve class 815 99.8s (cumulative)
[nb_ridge] solve class 816 100.0s (cumulative)
[nb_ridge] solve class 817 100.1s (cumulative)
[nb_ridge] solve class 818 100.2s (cumulative)
[nb_ridge] solve class 819 100.3s (cumulative)
[nb_ridge] solve class 820 100.4s (cumulative)
[nb_ridge] solve class 821 100.5s (cumulative)
[nb_ridge] solve class 822 100.7s (cumulative)
[nb_ridge] solve class 823 100.8s (cumulative)
[nb_ridge] solve class 824 100.9s (cumulative)
[nb_ridge] solve class 825 101.0s (cumulative)
[nb_ridge] solve class 826 101.1s (cumulative)
[nb_ridge] solve class 827 101.3s (cumulative)
[nb_ridge] solve class 828 101.4s (cumulative)
[nb_ridge] solve class 829 101.5s (cumulative)
[nb_ridge] solve class 830 101.6s (cumulative)
[nb_ridge] solve class 831 101.7s (cumulative)
[nb_ridge] solve class 832 101.9s (cumulative)
[nb_ridge] solve class 833 102.0s (cumulative)
[nb_ridge] solve class 834 102.1s (cumulative)
[nb_ridge] solve class 835 102.2s (cumulative)
[nb_ridge] solve class 836 102.3s (cumulative)
[nb_ridge] solve class 837 102.5s (cumulative)
[nb_ridge] solve class 838 102.6s (cumulative)
[nb_ridge] solve class 839 102.7s (cumulative)
[nb_ridge] solve class 840 102.8s (cumulative)
[nb_ridge] solve class 841 102.9s (cumulative)
    ridge-select: scale 2 → sel-slice acc 0.1950
[nb_ridge] tokenize+counts 0.0s (1981 docs, 842 classes)
[nb_ridge] solve class 0 0.2s (cumulative)
[nb_ridge] solve class 1 0.3s (cumulative)
[nb_ridge] solve class 2 0.4s (cumulative)
[nb_ridge] solve class 3 0.5s (cumulative)
[nb_ridge] solve class 4 0.6s (cumulative)
[nb_ridge] solve class 5 0.8s (cumulative)
[nb_ridge] solve class 6 0.9s (cumulative)
[nb_ridge] solve class 7 1.0s (cumulative)
[nb_ridge] solve class 8 1.1s (cumulative)
[nb_ridge] solve class 9 1.2s (cumulative)
[nb_ridge] solve class 10 1.4s (cumulative)
[nb_ridge] solve class 11 1.5s (cumulative)
[nb_ridge] solve class 12 1.6s (cumulative)
[nb_ridge] solve class 13 1.7s (cumulative)
[nb_ridge] solve class 14 1.8s (cumulative)
[nb_ridge] solve class 15 1.9s (cumulative)
[nb_ridge] solve class 16 2.1s (cumulative)
[nb_ridge] solve class 17 2.2s (cumulative)
[nb_ridge] solve class 18 2.3s (cumulative)
[nb_ridge] solve class 19 2.4s (cumulative)
[nb_ridge] solve class 20 2.5s (cumulative)
[nb_ridge] solve class 21 2.7s (cumulative)
[nb_ridge] solve class 22 2.8s (cumulative)
[nb_ridge] solve class 23 2.9s (cumulative)
[nb_ridge] solve class 24 3.0s (cumulative)
[nb_ridge] solve class 25 3.1s (cumulative)
[nb_ridge] solve class 26 3.3s (cumulative)
[nb_ridge] solve class 27 3.4s (cumulative)
[nb_ridge] solve class 28 3.5s (cumulative)
[nb_ridge] solve class 29 3.6s (cumulative)
[nb_ridge] solve class 30 3.7s (cumulative)
[nb_ridge] solve class 31 3.9s (cumulative)
[nb_ridge] solve class 32 4.0s (cumulative)
[nb_ridge] solve class 33 4.1s (cumulative)
[nb_ridge] solve class 34 4.2s (cumulative)
[nb_ridge] solve class 35 4.3s (cumulative)
[nb_ridge] solve class 36 4.5s (cumulative)
[nb_ridge] solve class 37 4.6s (cumulative)
[nb_ridge] solve class 38 4.7s (cumulative)
[nb_ridge] solve class 39 4.8s (cumulative)
[nb_ridge] solve class 40 4.9s (cumulative)
[nb_ridge] solve class 41 5.0s (cumulative)
[nb_ridge] solve class 42 5.2s (cumulative)
[nb_ridge] solve class 43 5.3s (cumulative)
[nb_ridge] solve class 44 5.4s (cumulative)
[nb_ridge] solve class 45 5.5s (cumulative)
[nb_ridge] solve class 46 5.7s (cumulative)
[nb_ridge] solve class 47 5.8s (cumulative)
[nb_ridge] solve class 48 5.9s (cumulative)
[nb_ridge] solve class 49 6.0s (cumulative)
[nb_ridge] solve class 50 6.1s (cumulative)
[nb_ridge] solve class 51 6.3s (cumulative)
[nb_ridge] solve class 52 6.4s (cumulative)
[nb_ridge] solve class 53 6.5s (cumulative)
[nb_ridge] solve class 54 6.6s (cumulative)
[nb_ridge] solve class 55 6.7s (cumulative)
[nb_ridge] solve class 56 6.9s (cumulative)
[nb_ridge] solve class 57 7.0s (cumulative)
[nb_ridge] solve class 58 7.1s (cumulative)
[nb_ridge] solve class 59 7.2s (cumulative)
[nb_ridge] solve class 60 7.4s (cumulative)
[nb_ridge] solve class 61 7.5s (cumulative)
[nb_ridge] solve class 62 7.6s (cumulative)
[nb_ridge] solve class 63 7.7s (cumulative)
[nb_ridge] solve class 64 7.8s (cumulative)
[nb_ridge] solve class 65 8.0s (cumulative)
[nb_ridge] solve class 66 8.1s (cumulative)
[nb_ridge] solve class 67 8.2s (cumulative)
[nb_ridge] solve class 68 8.3s (cumulative)
[nb_ridge] solve class 69 8.4s (cumulative)
[nb_ridge] solve class 70 8.6s (cumulative)
[nb_ridge] solve class 71 8.7s (cumulative)
[nb_ridge] solve class 72 8.8s (cumulative)
[nb_ridge] solve class 73 8.9s (cumulative)
[nb_ridge] solve class 74 9.0s (cumulative)
[nb_ridge] solve class 75 9.1s (cumulative)
[nb_ridge] solve class 76 9.3s (cumulative)
[nb_ridge] solve class 77 9.4s (cumulative)
[nb_ridge] solve class 78 9.5s (cumulative)
[nb_ridge] solve class 79 9.6s (cumulative)
[nb_ridge] solve class 80 9.8s (cumulative)
[nb_ridge] solve class 81 9.9s (cumulative)
[nb_ridge] solve class 82 10.0s (cumulative)
[nb_ridge] solve class 83 10.1s (cumulative)
[nb_ridge] solve class 84 10.2s (cumulative)
[nb_ridge] solve class 85 10.4s (cumulative)
[nb_ridge] solve class 86 10.5s (cumulative)
[nb_ridge] solve class 87 10.6s (cumulative)
[nb_ridge] solve class 88 10.7s (cumulative)
[nb_ridge] solve class 89 10.8s (cumulative)
[nb_ridge] solve class 90 11.0s (cumulative)
[nb_ridge] solve class 91 11.1s (cumulative)
[nb_ridge] solve class 92 11.2s (cumulative)
[nb_ridge] solve class 93 11.3s (cumulative)
[nb_ridge] solve class 94 11.4s (cumulative)
[nb_ridge] solve class 95 11.5s (cumulative)
[nb_ridge] solve class 96 11.7s (cumulative)
[nb_ridge] solve class 97 11.8s (cumulative)
[nb_ridge] solve class 98 11.9s (cumulative)
[nb_ridge] solve class 99 12.0s (cumulative)
[nb_ridge] solve class 100 12.1s (cumulative)
[nb_ridge] solve class 101 12.3s (cumulative)
[nb_ridge] solve class 102 12.4s (cumulative)
[nb_ridge] solve class 103 12.5s (cumulative)
[nb_ridge] solve class 104 12.6s (cumulative)
[nb_ridge] solve class 105 12.7s (cumulative)
[nb_ridge] solve class 106 12.9s (cumulative)
[nb_ridge] solve class 107 13.0s (cumulative)
[nb_ridge] solve class 108 13.1s (cumulative)
[nb_ridge] solve class 109 13.2s (cumulative)
[nb_ridge] solve class 110 13.3s (cumulative)
[nb_ridge] solve class 111 13.5s (cumulative)
[nb_ridge] solve class 112 13.6s (cumulative)
[nb_ridge] solve class 113 13.7s (cumulative)
[nb_ridge] solve class 114 13.8s (cumulative)
[nb_ridge] solve class 115 13.9s (cumulative)
[nb_ridge] solve class 116 14.1s (cumulative)
[nb_ridge] solve class 117 14.2s (cumulative)
[nb_ridge] solve class 118 14.3s (cumulative)
[nb_ridge] solve class 119 14.4s (cumulative)
[nb_ridge] solve class 120 14.5s (cumulative)
[nb_ridge] solve class 121 14.6s (cumulative)
[nb_ridge] solve class 122 14.8s (cumulative)
[nb_ridge] solve class 123 14.9s (cumulative)
[nb_ridge] solve class 124 15.0s (cumulative)
[nb_ridge] solve class 125 15.1s (cumulative)
[nb_ridge] solve class 126 15.2s (cumulative)
[nb_ridge] solve class 127 15.4s (cumulative)
[nb_ridge] solve class 128 15.5s (cumulative)
[nb_ridge] solve class 129 15.6s (cumulative)
[nb_ridge] solve class 130 15.7s (cumulative)
[nb_ridge] solve class 131 15.8s (cumulative)
[nb_ridge] solve class 132 16.0s (cumulative)
[nb_ridge] solve class 133 16.1s (cumulative)
[nb_ridge] solve class 134 16.2s (cumulative)
[nb_ridge] solve class 135 16.3s (cumulative)
[nb_ridge] solve class 136 16.4s (cumulative)
[nb_ridge] solve class 137 16.6s (cumulative)
[nb_ridge] solve class 138 16.7s (cumulative)
[nb_ridge] solve class 139 16.8s (cumulative)
[nb_ridge] solve class 140 16.9s (cumulative)
[nb_ridge] solve class 141 17.0s (cumulative)
[nb_ridge] solve class 142 17.2s (cumulative)
[nb_ridge] solve class 143 17.3s (cumulative)
[nb_ridge] solve class 144 17.4s (cumulative)
[nb_ridge] solve class 145 17.5s (cumulative)
[nb_ridge] solve class 146 17.6s (cumulative)
[nb_ridge] solve class 147 17.8s (cumulative)
[nb_ridge] solve class 148 17.9s (cumulative)
[nb_ridge] solve class 149 18.0s (cumulative)
[nb_ridge] solve class 150 18.1s (cumulative)
[nb_ridge] solve class 151 18.3s (cumulative)
[nb_ridge] solve class 152 18.4s (cumulative)
[nb_ridge] solve class 153 18.5s (cumulative)
[nb_ridge] solve class 154 18.6s (cumulative)
[nb_ridge] solve class 155 18.7s (cumulative)
[nb_ridge] solve class 156 18.9s (cumulative)
[nb_ridge] solve class 157 19.0s (cumulative)
[nb_ridge] solve class 158 19.1s (cumulative)
[nb_ridge] solve class 159 19.2s (cumulative)
[nb_ridge] solve class 160 19.3s (cumulative)
[nb_ridge] solve class 161 19.4s (cumulative)
[nb_ridge] solve class 162 19.6s (cumulative)
[nb_ridge] solve class 163 19.7s (cumulative)
[nb_ridge] solve class 164 19.8s (cumulative)
[nb_ridge] solve class 165 19.9s (cumulative)
[nb_ridge] solve class 166 20.0s (cumulative)
[nb_ridge] solve class 167 20.2s (cumulative)
[nb_ridge] solve class 168 20.3s (cumulative)
[nb_ridge] solve class 169 20.4s (cumulative)
[nb_ridge] solve class 170 20.5s (cumulative)
[nb_ridge] solve class 171 20.6s (cumulative)
[nb_ridge] solve class 172 20.8s (cumulative)
[nb_ridge] solve class 173 20.9s (cumulative)
[nb_ridge] solve class 174 21.0s (cumulative)
[nb_ridge] solve class 175 21.1s (cumulative)
[nb_ridge] solve class 176 21.2s (cumulative)
[nb_ridge] solve class 177 21.4s (cumulative)
[nb_ridge] solve class 178 21.5s (cumulative)
[nb_ridge] solve class 179 21.6s (cumulative)
[nb_ridge] solve class 180 21.7s (cumulative)
[nb_ridge] solve class 181 21.8s (cumulative)
[nb_ridge] solve class 182 22.0s (cumulative)
[nb_ridge] solve class 183 22.1s (cumulative)
[nb_ridge] solve class 184 22.2s (cumulative)
[nb_ridge] solve class 185 22.3s (cumulative)
[nb_ridge] solve class 186 22.4s (cumulative)
[nb_ridge] solve class 187 22.6s (cumulative)
[nb_ridge] solve class 188 22.7s (cumulative)
[nb_ridge] solve class 189 22.8s (cumulative)
[nb_ridge] solve class 190 22.9s (cumulative)
[nb_ridge] solve class 191 23.0s (cumulative)
[nb_ridge] solve class 192 23.1s (cumulative)
[nb_ridge] solve class 193 23.3s (cumulative)
[nb_ridge] solve class 194 23.4s (cumulative)
[nb_ridge] solve class 195 23.5s (cumulative)
[nb_ridge] solve class 196 23.6s (cumulative)
[nb_ridge] solve class 197 23.7s (cumulative)
[nb_ridge] solve class 198 23.9s (cumulative)
[nb_ridge] solve class 199 24.0s (cumulative)
[nb_ridge] solve class 200 24.1s (cumulative)
[nb_ridge] solve class 201 24.2s (cumulative)
[nb_ridge] solve class 202 24.3s (cumulative)
[nb_ridge] solve class 203 24.5s (cumulative)
[nb_ridge] solve class 204 24.6s (cumulative)
[nb_ridge] solve class 205 24.7s (cumulative)
[nb_ridge] solve class 206 24.8s (cumulative)
[nb_ridge] solve class 207 24.9s (cumulative)
[nb_ridge] solve class 208 25.1s (cumulative)
[nb_ridge] solve class 209 25.2s (cumulative)
[nb_ridge] solve class 210 25.3s (cumulative)
[nb_ridge] solve class 211 25.4s (cumulative)
[nb_ridge] solve class 212 25.5s (cumulative)
[nb_ridge] solve class 213 25.6s (cumulative)
[nb_ridge] solve class 214 25.8s (cumulative)
[nb_ridge] solve class 215 25.9s (cumulative)
[nb_ridge] solve class 216 26.0s (cumulative)
[nb_ridge] solve class 217 26.1s (cumulative)
[nb_ridge] solve class 218 26.2s (cumulative)
[nb_ridge] solve class 219 26.4s (cumulative)
[nb_ridge] solve class 220 26.5s (cumulative)
[nb_ridge] solve class 221 26.6s (cumulative)
[nb_ridge] solve class 222 26.7s (cumulative)
[nb_ridge] solve class 223 26.8s (cumulative)
[nb_ridge] solve class 224 27.0s (cumulative)
[nb_ridge] solve class 225 27.1s (cumulative)
[nb_ridge] solve class 226 27.2s (cumulative)
[nb_ridge] solve class 227 27.3s (cumulative)
[nb_ridge] solve class 228 27.5s (cumulative)
[nb_ridge] solve class 229 27.6s (cumulative)
[nb_ridge] solve class 230 27.7s (cumulative)
[nb_ridge] solve class 231 27.8s (cumulative)
[nb_ridge] solve class 232 27.9s (cumulative)
[nb_ridge] solve class 233 28.1s (cumulative)
[nb_ridge] solve class 234 28.2s (cumulative)
[nb_ridge] solve class 235 28.3s (cumulative)
[nb_ridge] solve class 236 28.4s (cumulative)
[nb_ridge] solve class 237 28.5s (cumulative)
[nb_ridge] solve class 238 28.7s (cumulative)
[nb_ridge] solve class 239 28.8s (cumulative)
[nb_ridge] solve class 240 28.9s (cumulative)
[nb_ridge] solve class 241 29.0s (cumulative)
[nb_ridge] solve class 242 29.1s (cumulative)
[nb_ridge] solve class 243 29.2s (cumulative)
[nb_ridge] solve class 244 29.4s (cumulative)
[nb_ridge] solve class 245 29.5s (cumulative)
[nb_ridge] solve class 246 29.6s (cumulative)
[nb_ridge] solve class 247 29.7s (cumulative)
[nb_ridge] solve class 248 29.9s (cumulative)
[nb_ridge] solve class 249 30.0s (cumulative)
[nb_ridge] solve class 250 30.1s (cumulative)
[nb_ridge] solve class 251 30.2s (cumulative)
[nb_ridge] solve class 252 30.3s (cumulative)
[nb_ridge] solve class 253 30.5s (cumulative)
[nb_ridge] solve class 254 30.6s (cumulative)
[nb_ridge] solve class 255 30.7s (cumulative)
[nb_ridge] solve class 256 30.8s (cumulative)
[nb_ridge] solve class 257 30.9s (cumulative)
[nb_ridge] solve class 258 31.1s (cumulative)
[nb_ridge] solve class 259 31.2s (cumulative)
[nb_ridge] solve class 260 31.3s (cumulative)
[nb_ridge] solve class 261 31.4s (cumulative)
[nb_ridge] solve class 262 31.5s (cumulative)
[nb_ridge] solve class 263 31.7s (cumulative)
[nb_ridge] solve class 264 31.8s (cumulative)
[nb_ridge] solve class 265 31.9s (cumulative)
[nb_ridge] solve class 266 32.0s (cumulative)
[nb_ridge] solve class 267 32.1s (cumulative)
[nb_ridge] solve class 268 32.3s (cumulative)
[nb_ridge] solve class 269 32.4s (cumulative)
[nb_ridge] solve class 270 32.5s (cumulative)
[nb_ridge] solve class 271 32.6s (cumulative)
[nb_ridge] solve class 272 32.7s (cumulative)
[nb_ridge] solve class 273 32.9s (cumulative)
[nb_ridge] solve class 274 33.0s (cumulative)
[nb_ridge] solve class 275 33.1s (cumulative)
[nb_ridge] solve class 276 33.2s (cumulative)
[nb_ridge] solve class 277 33.3s (cumulative)
[nb_ridge] solve class 278 33.5s (cumulative)
[nb_ridge] solve class 279 33.6s (cumulative)
[nb_ridge] solve class 280 33.7s (cumulative)
[nb_ridge] solve class 281 33.8s (cumulative)
[nb_ridge] solve class 282 33.9s (cumulative)
[nb_ridge] solve class 283 34.1s (cumulative)
[nb_ridge] solve class 284 34.2s (cumulative)
[nb_ridge] solve class 285 34.3s (cumulative)
[nb_ridge] solve class 286 34.4s (cumulative)
[nb_ridge] solve class 287 34.5s (cumulative)
[nb_ridge] solve class 288 34.7s (cumulative)
[nb_ridge] solve class 289 34.8s (cumulative)
[nb_ridge] solve class 290 34.9s (cumulative)
[nb_ridge] solve class 291 35.0s (cumulative)
[nb_ridge] solve class 292 35.1s (cumulative)
[nb_ridge] solve class 293 35.3s (cumulative)
[nb_ridge] solve class 294 35.4s (cumulative)
[nb_ridge] solve class 295 35.5s (cumulative)
[nb_ridge] solve class 296 35.6s (cumulative)
[nb_ridge] solve class 297 35.7s (cumulative)
[nb_ridge] solve class 298 35.8s (cumulative)
[nb_ridge] solve class 299 36.0s (cumulative)
[nb_ridge] solve class 300 36.1s (cumulative)
[nb_ridge] solve class 301 36.2s (cumulative)
[nb_ridge] solve class 302 36.3s (cumulative)
[nb_ridge] solve class 303 36.4s (cumulative)
[nb_ridge] solve class 304 36.6s (cumulative)
[nb_ridge] solve class 305 36.7s (cumulative)
[nb_ridge] solve class 306 36.8s (cumulative)
[nb_ridge] solve class 307 36.9s (cumulative)
[nb_ridge] solve class 308 37.0s (cumulative)
[nb_ridge] solve class 309 37.2s (cumulative)
[nb_ridge] solve class 310 37.3s (cumulative)
[nb_ridge] solve class 311 37.4s (cumulative)
[nb_ridge] solve class 312 37.5s (cumulative)
[nb_ridge] solve class 313 37.6s (cumulative)
[nb_ridge] solve class 314 37.8s (cumulative)
[nb_ridge] solve class 315 37.9s (cumulative)
[nb_ridge] solve class 316 38.0s (cumulative)
[nb_ridge] solve class 317 38.1s (cumulative)
[nb_ridge] solve class 318 38.2s (cumulative)
[nb_ridge] solve class 319 38.4s (cumulative)
[nb_ridge] solve class 320 38.5s (cumulative)
[nb_ridge] solve class 321 38.6s (cumulative)
[nb_ridge] solve class 322 38.7s (cumulative)
[nb_ridge] solve class 323 38.8s (cumulative)
[nb_ridge] solve class 324 39.0s (cumulative)
[nb_ridge] solve class 325 39.1s (cumulative)
[nb_ridge] solve class 326 39.2s (cumulative)
[nb_ridge] solve class 327 39.3s (cumulative)
[nb_ridge] solve class 328 39.4s (cumulative)
[nb_ridge] solve class 329 39.6s (cumulative)
[nb_ridge] solve class 330 39.7s (cumulative)
[nb_ridge] solve class 331 39.8s (cumulative)
[nb_ridge] solve class 332 39.9s (cumulative)
[nb_ridge] solve class 333 40.0s (cumulative)
[nb_ridge] solve class 334 40.2s (cumulative)
[nb_ridge] solve class 335 40.3s (cumulative)
[nb_ridge] solve class 336 40.4s (cumulative)
[nb_ridge] solve class 337 40.5s (cumulative)
[nb_ridge] solve class 338 40.7s (cumulative)
[nb_ridge] solve class 339 40.8s (cumulative)
[nb_ridge] solve class 340 40.9s (cumulative)
[nb_ridge] solve class 341 41.0s (cumulative)
[nb_ridge] solve class 342 41.2s (cumulative)
[nb_ridge] solve class 343 41.3s (cumulative)
[nb_ridge] solve class 344 41.4s (cumulative)
[nb_ridge] solve class 345 41.5s (cumulative)
[nb_ridge] solve class 346 41.6s (cumulative)
[nb_ridge] solve class 347 41.8s (cumulative)
[nb_ridge] solve class 348 41.9s (cumulative)
[nb_ridge] solve class 349 42.0s (cumulative)
[nb_ridge] solve class 350 42.1s (cumulative)
[nb_ridge] solve class 351 42.2s (cumulative)
[nb_ridge] solve class 352 42.3s (cumulative)
[nb_ridge] solve class 353 42.5s (cumulative)
[nb_ridge] solve class 354 42.6s (cumulative)
[nb_ridge] solve class 355 42.7s (cumulative)
[nb_ridge] solve class 356 42.8s (cumulative)
[nb_ridge] solve class 357 42.9s (cumulative)
[nb_ridge] solve class 358 43.1s (cumulative)
[nb_ridge] solve class 359 43.2s (cumulative)
[nb_ridge] solve class 360 43.3s (cumulative)
[nb_ridge] solve class 361 43.4s (cumulative)
[nb_ridge] solve class 362 43.5s (cumulative)
[nb_ridge] solve class 363 43.7s (cumulative)
[nb_ridge] solve class 364 43.8s (cumulative)
[nb_ridge] solve class 365 43.9s (cumulative)
[nb_ridge] solve class 366 44.0s (cumulative)
[nb_ridge] solve class 367 44.1s (cumulative)
[nb_ridge] solve class 368 44.3s (cumulative)
[nb_ridge] solve class 369 44.4s (cumulative)
[nb_ridge] solve class 370 44.5s (cumulative)
[nb_ridge] solve class 371 44.6s (cumulative)
[nb_ridge] solve class 372 44.7s (cumulative)
[nb_ridge] solve class 373 44.8s (cumulative)
[nb_ridge] solve class 374 45.0s (cumulative)
[nb_ridge] solve class 375 45.1s (cumulative)
[nb_ridge] solve class 376 45.2s (cumulative)
[nb_ridge] solve class 377 45.3s (cumulative)
[nb_ridge] solve class 378 45.4s (cumulative)
[nb_ridge] solve class 379 45.6s (cumulative)
[nb_ridge] solve class 380 45.7s (cumulative)
[nb_ridge] solve class 381 45.8s (cumulative)
[nb_ridge] solve class 382 45.9s (cumulative)
[nb_ridge] solve class 383 46.0s (cumulative)
[nb_ridge] solve class 384 46.2s (cumulative)
[nb_ridge] solve class 385 46.3s (cumulative)
[nb_ridge] solve class 386 46.4s (cumulative)
[nb_ridge] solve class 387 46.5s (cumulative)
[nb_ridge] solve class 388 46.6s (cumulative)
[nb_ridge] solve class 389 46.8s (cumulative)
[nb_ridge] solve class 390 46.9s (cumulative)
[nb_ridge] solve class 391 47.0s (cumulative)
[nb_ridge] solve class 392 47.1s (cumulative)
[nb_ridge] solve class 393 47.2s (cumulative)
[nb_ridge] solve class 394 47.4s (cumulative)
[nb_ridge] solve class 395 47.5s (cumulative)
[nb_ridge] solve class 396 47.6s (cumulative)
[nb_ridge] solve class 397 47.7s (cumulative)
[nb_ridge] solve class 398 47.8s (cumulative)
[nb_ridge] solve class 399 48.0s (cumulative)
[nb_ridge] solve class 400 48.1s (cumulative)
[nb_ridge] solve class 401 48.2s (cumulative)
[nb_ridge] solve class 402 48.3s (cumulative)
[nb_ridge] solve class 403 48.4s (cumulative)
[nb_ridge] solve class 404 48.5s (cumulative)
[nb_ridge] solve class 405 48.7s (cumulative)
[nb_ridge] solve class 406 48.8s (cumulative)
[nb_ridge] solve class 407 48.9s (cumulative)
[nb_ridge] solve class 408 49.0s (cumulative)
[nb_ridge] solve class 409 49.1s (cumulative)
[nb_ridge] solve class 410 49.3s (cumulative)
[nb_ridge] solve class 411 49.4s (cumulative)
[nb_ridge] solve class 412 49.5s (cumulative)
[nb_ridge] solve class 413 49.6s (cumulative)
[nb_ridge] solve class 414 49.7s (cumulative)
[nb_ridge] solve class 415 49.9s (cumulative)
[nb_ridge] solve class 416 50.0s (cumulative)
[nb_ridge] solve class 417 50.1s (cumulative)
[nb_ridge] solve class 418 50.2s (cumulative)
[nb_ridge] solve class 419 50.3s (cumulative)
[nb_ridge] solve class 420 50.5s (cumulative)
[nb_ridge] solve class 421 50.6s (cumulative)
[nb_ridge] solve class 422 50.7s (cumulative)
[nb_ridge] solve class 423 50.8s (cumulative)
[nb_ridge] solve class 424 50.9s (cumulative)
[nb_ridge] solve class 425 51.0s (cumulative)
[nb_ridge] solve class 426 51.2s (cumulative)
[nb_ridge] solve class 427 51.3s (cumulative)
[nb_ridge] solve class 428 51.4s (cumulative)
[nb_ridge] solve class 429 51.5s (cumulative)
[nb_ridge] solve class 430 51.6s (cumulative)
[nb_ridge] solve class 431 51.8s (cumulative)
[nb_ridge] solve class 432 51.9s (cumulative)
[nb_ridge] solve class 433 52.0s (cumulative)
[nb_ridge] solve class 434 52.1s (cumulative)
[nb_ridge] solve class 435 52.2s (cumulative)
[nb_ridge] solve class 436 52.4s (cumulative)
[nb_ridge] solve class 437 52.5s (cumulative)
[nb_ridge] solve class 438 52.6s (cumulative)
[nb_ridge] solve class 439 52.7s (cumulative)
[nb_ridge] solve class 440 52.8s (cumulative)
[nb_ridge] solve class 441 53.0s (cumulative)
[nb_ridge] solve class 442 53.1s (cumulative)
[nb_ridge] solve class 443 53.2s (cumulative)
[nb_ridge] solve class 444 53.3s (cumulative)
[nb_ridge] solve class 445 53.4s (cumulative)
[nb_ridge] solve class 446 53.6s (cumulative)
[nb_ridge] solve class 447 53.7s (cumulative)
[nb_ridge] solve class 448 53.8s (cumulative)
[nb_ridge] solve class 449 53.9s (cumulative)
[nb_ridge] solve class 450 54.0s (cumulative)
[nb_ridge] solve class 451 54.1s (cumulative)
[nb_ridge] solve class 452 54.3s (cumulative)
[nb_ridge] solve class 453 54.4s (cumulative)
[nb_ridge] solve class 454 54.5s (cumulative)
[nb_ridge] solve class 455 54.6s (cumulative)
[nb_ridge] solve class 456 54.7s (cumulative)
[nb_ridge] solve class 457 54.9s (cumulative)
[nb_ridge] solve class 458 55.0s (cumulative)
[nb_ridge] solve class 459 55.1s (cumulative)
[nb_ridge] solve class 460 55.2s (cumulative)
[nb_ridge] solve class 461 55.3s (cumulative)
[nb_ridge] solve class 462 55.5s (cumulative)
[nb_ridge] solve class 463 55.6s (cumulative)
[nb_ridge] solve class 464 55.7s (cumulative)
[nb_ridge] solve class 465 55.8s (cumulative)
[nb_ridge] solve class 466 55.9s (cumulative)
[nb_ridge] solve class 467 56.1s (cumulative)
[nb_ridge] solve class 468 56.2s (cumulative)
[nb_ridge] solve class 469 56.3s (cumulative)
[nb_ridge] solve class 470 56.4s (cumulative)
[nb_ridge] solve class 471 56.5s (cumulative)
[nb_ridge] solve class 472 56.6s (cumulative)
[nb_ridge] solve class 473 56.8s (cumulative)
[nb_ridge] solve class 474 56.9s (cumulative)
[nb_ridge] solve class 475 57.0s (cumulative)
[nb_ridge] solve class 476 57.1s (cumulative)
[nb_ridge] solve class 477 57.2s (cumulative)
[nb_ridge] solve class 478 57.4s (cumulative)
[nb_ridge] solve class 479 57.5s (cumulative)
[nb_ridge] solve class 480 57.6s (cumulative)
[nb_ridge] solve class 481 57.7s (cumulative)
[nb_ridge] solve class 482 57.8s (cumulative)
[nb_ridge] solve class 483 58.0s (cumulative)
[nb_ridge] solve class 484 58.1s (cumulative)
[nb_ridge] solve class 485 58.2s (cumulative)
[nb_ridge] solve class 486 58.3s (cumulative)
[nb_ridge] solve class 487 58.4s (cumulative)
[nb_ridge] solve class 488 58.6s (cumulative)
[nb_ridge] solve class 489 58.7s (cumulative)
[nb_ridge] solve class 490 58.8s (cumulative)
[nb_ridge] solve class 491 58.9s (cumulative)
[nb_ridge] solve class 492 59.0s (cumulative)
[nb_ridge] solve class 493 59.1s (cumulative)
[nb_ridge] solve class 494 59.3s (cumulative)
[nb_ridge] solve class 495 59.4s (cumulative)
[nb_ridge] solve class 496 59.5s (cumulative)
[nb_ridge] solve class 497 59.6s (cumulative)
[nb_ridge] solve class 498 59.7s (cumulative)
[nb_ridge] solve class 499 59.9s (cumulative)
[nb_ridge] solve class 500 60.0s (cumulative)
[nb_ridge] solve class 501 60.1s (cumulative)
[nb_ridge] solve class 502 60.2s (cumulative)
[nb_ridge] solve class 503 60.3s (cumulative)
[nb_ridge] solve class 504 60.5s (cumulative)
[nb_ridge] solve class 505 60.6s (cumulative)
[nb_ridge] solve class 506 60.7s (cumulative)
[nb_ridge] solve class 507 60.8s (cumulative)
[nb_ridge] solve class 508 60.9s (cumulative)
[nb_ridge] solve class 509 61.1s (cumulative)
[nb_ridge] solve class 510 61.2s (cumulative)
[nb_ridge] solve class 511 61.3s (cumulative)
[nb_ridge] solve class 512 61.4s (cumulative)
[nb_ridge] solve class 513 61.5s (cumulative)
[nb_ridge] solve class 514 61.7s (cumulative)
[nb_ridge] solve class 515 61.8s (cumulative)
[nb_ridge] solve class 516 61.9s (cumulative)
[nb_ridge] solve class 517 62.0s (cumulative)
[nb_ridge] solve class 518 62.1s (cumulative)
[nb_ridge] solve class 519 62.3s (cumulative)
[nb_ridge] solve class 520 62.4s (cumulative)
[nb_ridge] solve class 521 62.5s (cumulative)
[nb_ridge] solve class 522 62.6s (cumulative)
[nb_ridge] solve class 523 62.7s (cumulative)
[nb_ridge] solve class 524 62.8s (cumulative)
[nb_ridge] solve class 525 63.0s (cumulative)
[nb_ridge] solve class 526 63.1s (cumulative)
[nb_ridge] solve class 527 63.2s (cumulative)
[nb_ridge] solve class 528 63.3s (cumulative)
[nb_ridge] solve class 529 63.4s (cumulative)
[nb_ridge] solve class 530 63.6s (cumulative)
[nb_ridge] solve class 531 63.7s (cumulative)
[nb_ridge] solve class 532 63.8s (cumulative)
[nb_ridge] solve class 533 63.9s (cumulative)
[nb_ridge] solve class 534 64.0s (cumulative)
[nb_ridge] solve class 535 64.2s (cumulative)
[nb_ridge] solve class 536 64.3s (cumulative)
[nb_ridge] solve class 537 64.4s (cumulative)
[nb_ridge] solve class 538 64.5s (cumulative)
[nb_ridge] solve class 539 64.6s (cumulative)
[nb_ridge] solve class 540 64.8s (cumulative)
[nb_ridge] solve class 541 64.9s (cumulative)
[nb_ridge] solve class 542 65.0s (cumulative)
[nb_ridge] solve class 543 65.1s (cumulative)
[nb_ridge] solve class 544 65.2s (cumulative)
[nb_ridge] solve class 545 65.4s (cumulative)
[nb_ridge] solve class 546 65.5s (cumulative)
[nb_ridge] solve class 547 65.6s (cumulative)
[nb_ridge] solve class 548 65.7s (cumulative)
[nb_ridge] solve class 549 65.8s (cumulative)
[nb_ridge] solve class 550 65.9s (cumulative)
[nb_ridge] solve class 551 66.1s (cumulative)
[nb_ridge] solve class 552 66.2s (cumulative)
[nb_ridge] solve class 553 66.3s (cumulative)
[nb_ridge] solve class 554 66.4s (cumulative)
[nb_ridge] solve class 555 66.5s (cumulative)
[nb_ridge] solve class 556 66.7s (cumulative)
[nb_ridge] solve class 557 66.8s (cumulative)
[nb_ridge] solve class 558 66.9s (cumulative)
[nb_ridge] solve class 559 67.0s (cumulative)
[nb_ridge] solve class 560 67.1s (cumulative)
[nb_ridge] solve class 561 67.3s (cumulative)
[nb_ridge] solve class 562 67.4s (cumulative)
[nb_ridge] solve class 563 67.5s (cumulative)
[nb_ridge] solve class 564 67.6s (cumulative)
[nb_ridge] solve class 565 67.7s (cumulative)
[nb_ridge] solve class 566 67.8s (cumulative)
[nb_ridge] solve class 567 68.0s (cumulative)
[nb_ridge] solve class 568 68.1s (cumulative)
[nb_ridge] solve class 569 68.2s (cumulative)
[nb_ridge] solve class 570 68.3s (cumulative)
[nb_ridge] solve class 571 68.5s (cumulative)
[nb_ridge] solve class 572 68.6s (cumulative)
[nb_ridge] solve class 573 68.7s (cumulative)
[nb_ridge] solve class 574 68.8s (cumulative)
[nb_ridge] solve class 575 68.9s (cumulative)
[nb_ridge] solve class 576 69.1s (cumulative)
[nb_ridge] solve class 577 69.2s (cumulative)
[nb_ridge] solve class 578 69.3s (cumulative)
[nb_ridge] solve class 579 69.4s (cumulative)
[nb_ridge] solve class 580 69.6s (cumulative)
[nb_ridge] solve class 581 69.7s (cumulative)
[nb_ridge] solve class 582 69.8s (cumulative)
[nb_ridge] solve class 583 69.9s (cumulative)
[nb_ridge] solve class 584 70.0s (cumulative)
[nb_ridge] solve class 585 70.2s (cumulative)
[nb_ridge] solve class 586 70.3s (cumulative)
[nb_ridge] solve class 587 70.4s (cumulative)
[nb_ridge] solve class 588 70.5s (cumulative)
[nb_ridge] solve class 589 70.6s (cumulative)
[nb_ridge] solve class 590 70.8s (cumulative)
[nb_ridge] solve class 591 70.9s (cumulative)
[nb_ridge] solve class 592 71.0s (cumulative)
[nb_ridge] solve class 593 71.1s (cumulative)
[nb_ridge] solve class 594 71.2s (cumulative)
[nb_ridge] solve class 595 71.4s (cumulative)
[nb_ridge] solve class 596 71.5s (cumulative)
[nb_ridge] solve class 597 71.6s (cumulative)
[nb_ridge] solve class 598 71.7s (cumulative)
[nb_ridge] solve class 599 71.8s (cumulative)
[nb_ridge] solve class 600 71.9s (cumulative)
[nb_ridge] solve class 601 72.1s (cumulative)
[nb_ridge] solve class 602 72.2s (cumulative)
[nb_ridge] solve class 603 72.3s (cumulative)
[nb_ridge] solve class 604 72.4s (cumulative)
[nb_ridge] solve class 605 72.6s (cumulative)
[nb_ridge] solve class 606 72.7s (cumulative)
[nb_ridge] solve class 607 72.8s (cumulative)
[nb_ridge] solve class 608 72.9s (cumulative)
[nb_ridge] solve class 609 73.0s (cumulative)
[nb_ridge] solve class 610 73.2s (cumulative)
[nb_ridge] solve class 611 73.3s (cumulative)
[nb_ridge] solve class 612 73.4s (cumulative)
[nb_ridge] solve class 613 73.5s (cumulative)
[nb_ridge] solve class 614 73.6s (cumulative)
[nb_ridge] solve class 615 73.8s (cumulative)
[nb_ridge] solve class 616 73.9s (cumulative)
[nb_ridge] solve class 617 74.0s (cumulative)
[nb_ridge] solve class 618 74.1s (cumulative)
[nb_ridge] solve class 619 74.2s (cumulative)
[nb_ridge] solve class 620 74.4s (cumulative)
[nb_ridge] solve class 621 74.5s (cumulative)
[nb_ridge] solve class 622 74.6s (cumulative)
[nb_ridge] solve class 623 74.7s (cumulative)
[nb_ridge] solve class 624 74.8s (cumulative)
[nb_ridge] solve class 625 75.0s (cumulative)
[nb_ridge] solve class 626 75.1s (cumulative)
[nb_ridge] solve class 627 75.2s (cumulative)
[nb_ridge] solve class 628 75.3s (cumulative)
[nb_ridge] solve class 629 75.5s (cumulative)
[nb_ridge] solve class 630 75.6s (cumulative)
[nb_ridge] solve class 631 75.7s (cumulative)
[nb_ridge] solve class 632 75.8s (cumulative)
[nb_ridge] solve class 633 75.9s (cumulative)
[nb_ridge] solve class 634 76.1s (cumulative)
[nb_ridge] solve class 635 76.2s (cumulative)
[nb_ridge] solve class 636 76.3s (cumulative)
[nb_ridge] solve class 637 76.4s (cumulative)
[nb_ridge] solve class 638 76.5s (cumulative)
[nb_ridge] solve class 639 76.7s (cumulative)
[nb_ridge] solve class 640 76.8s (cumulative)
[nb_ridge] solve class 641 76.9s (cumulative)
[nb_ridge] solve class 642 77.0s (cumulative)
[nb_ridge] solve class 643 77.1s (cumulative)
[nb_ridge] solve class 644 77.3s (cumulative)
[nb_ridge] solve class 645 77.4s (cumulative)
[nb_ridge] solve class 646 77.5s (cumulative)
[nb_ridge] solve class 647 77.6s (cumulative)
[nb_ridge] solve class 648 77.7s (cumulative)
[nb_ridge] solve class 649 77.8s (cumulative)
[nb_ridge] solve class 650 78.0s (cumulative)
[nb_ridge] solve class 651 78.1s (cumulative)
[nb_ridge] solve class 652 78.2s (cumulative)
[nb_ridge] solve class 653 78.3s (cumulative)
[nb_ridge] solve class 654 78.4s (cumulative)
[nb_ridge] solve class 655 78.6s (cumulative)
[nb_ridge] solve class 656 78.7s (cumulative)
[nb_ridge] solve class 657 78.8s (cumulative)
[nb_ridge] solve class 658 78.9s (cumulative)
[nb_ridge] solve class 659 79.0s (cumulative)
[nb_ridge] solve class 660 79.2s (cumulative)
[nb_ridge] solve class 661 79.3s (cumulative)
[nb_ridge] solve class 662 79.4s (cumulative)
[nb_ridge] solve class 663 79.5s (cumulative)
[nb_ridge] solve class 664 79.6s (cumulative)
[nb_ridge] solve class 665 79.8s (cumulative)
[nb_ridge] solve class 666 79.9s (cumulative)
[nb_ridge] solve class 667 80.0s (cumulative)
[nb_ridge] solve class 668 80.1s (cumulative)
[nb_ridge] solve class 669 80.2s (cumulative)
[nb_ridge] solve class 670 80.3s (cumulative)
[nb_ridge] solve class 671 80.5s (cumulative)
[nb_ridge] solve class 672 80.6s (cumulative)
[nb_ridge] solve class 673 80.7s (cumulative)
[nb_ridge] solve class 674 80.8s (cumulative)
[nb_ridge] solve class 675 80.9s (cumulative)
[nb_ridge] solve class 676 81.1s (cumulative)
[nb_ridge] solve class 677 81.2s (cumulative)
[nb_ridge] solve class 678 81.3s (cumulative)
[nb_ridge] solve class 679 81.4s (cumulative)
[nb_ridge] solve class 680 81.5s (cumulative)
[nb_ridge] solve class 681 81.7s (cumulative)
[nb_ridge] solve class 682 81.8s (cumulative)
[nb_ridge] solve class 683 81.9s (cumulative)
[nb_ridge] solve class 684 82.0s (cumulative)
[nb_ridge] solve class 685 82.1s (cumulative)
[nb_ridge] solve class 686 82.3s (cumulative)
[nb_ridge] solve class 687 82.4s (cumulative)
[nb_ridge] solve class 688 82.5s (cumulative)
[nb_ridge] solve class 689 82.6s (cumulative)
[nb_ridge] solve class 690 82.7s (cumulative)
[nb_ridge] solve class 691 82.8s (cumulative)
[nb_ridge] solve class 692 83.0s (cumulative)
[nb_ridge] solve class 693 83.1s (cumulative)
[nb_ridge] solve class 694 83.2s (cumulative)
[nb_ridge] solve class 695 83.3s (cumulative)
[nb_ridge] solve class 696 83.4s (cumulative)
[nb_ridge] solve class 697 83.6s (cumulative)
[nb_ridge] solve class 698 83.7s (cumulative)
[nb_ridge] solve class 699 83.8s (cumulative)
[nb_ridge] solve class 700 83.9s (cumulative)
[nb_ridge] solve class 701 84.0s (cumulative)
[nb_ridge] solve class 702 84.2s (cumulative)
[nb_ridge] solve class 703 84.3s (cumulative)
[nb_ridge] solve class 704 84.4s (cumulative)
[nb_ridge] solve class 705 84.5s (cumulative)
[nb_ridge] solve class 706 84.6s (cumulative)
[nb_ridge] solve class 707 84.8s (cumulative)
[nb_ridge] solve class 708 84.9s (cumulative)
[nb_ridge] solve class 709 85.0s (cumulative)
[nb_ridge] solve class 710 85.1s (cumulative)
[nb_ridge] solve class 711 85.2s (cumulative)
[nb_ridge] solve class 712 85.3s (cumulative)
[nb_ridge] solve class 713 85.5s (cumulative)
[nb_ridge] solve class 714 85.6s (cumulative)
[nb_ridge] solve class 715 85.7s (cumulative)
[nb_ridge] solve class 716 85.8s (cumulative)
[nb_ridge] solve class 717 85.9s (cumulative)
[nb_ridge] solve class 718 86.1s (cumulative)
[nb_ridge] solve class 719 86.2s (cumulative)
[nb_ridge] solve class 720 86.3s (cumulative)
[nb_ridge] solve class 721 86.4s (cumulative)
[nb_ridge] solve class 722 86.5s (cumulative)
[nb_ridge] solve class 723 86.7s (cumulative)
[nb_ridge] solve class 724 86.8s (cumulative)
[nb_ridge] solve class 725 86.9s (cumulative)
[nb_ridge] solve class 726 87.0s (cumulative)
[nb_ridge] solve class 727 87.1s (cumulative)
[nb_ridge] solve class 728 87.3s (cumulative)
[nb_ridge] solve class 729 87.4s (cumulative)
[nb_ridge] solve class 730 87.5s (cumulative)
[nb_ridge] solve class 731 87.6s (cumulative)
[nb_ridge] solve class 732 87.7s (cumulative)
[nb_ridge] solve class 733 87.9s (cumulative)
[nb_ridge] solve class 734 88.0s (cumulative)
[nb_ridge] solve class 735 88.1s (cumulative)
[nb_ridge] solve class 736 88.2s (cumulative)
[nb_ridge] solve class 737 88.3s (cumulative)
[nb_ridge] solve class 738 88.5s (cumulative)
[nb_ridge] solve class 739 88.6s (cumulative)
[nb_ridge] solve class 740 88.7s (cumulative)
[nb_ridge] solve class 741 88.8s (cumulative)
[nb_ridge] solve class 742 89.0s (cumulative)
[nb_ridge] solve class 743 89.1s (cumulative)
[nb_ridge] solve class 744 89.2s (cumulative)
[nb_ridge] solve class 745 89.3s (cumulative)
[nb_ridge] solve class 746 89.4s (cumulative)
[nb_ridge] solve class 747 89.6s (cumulative)
[nb_ridge] solve class 748 89.7s (cumulative)
[nb_ridge] solve class 749 89.8s (cumulative)
[nb_ridge] solve class 750 89.9s (cumulative)
[nb_ridge] solve class 751 90.0s (cumulative)
[nb_ridge] solve class 752 90.1s (cumulative)
[nb_ridge] solve class 753 90.3s (cumulative)
[nb_ridge] solve class 754 90.4s (cumulative)
[nb_ridge] solve class 755 90.5s (cumulative)
[nb_ridge] solve class 756 90.6s (cumulative)
[nb_ridge] solve class 757 90.7s (cumulative)
[nb_ridge] solve class 758 90.9s (cumulative)
[nb_ridge] solve class 759 91.0s (cumulative)
[nb_ridge] solve class 760 91.1s (cumulative)
[nb_ridge] solve class 761 91.2s (cumulative)
[nb_ridge] solve class 762 91.3s (cumulative)
[nb_ridge] solve class 763 91.5s (cumulative)
[nb_ridge] solve class 764 91.6s (cumulative)
[nb_ridge] solve class 765 91.7s (cumulative)
[nb_ridge] solve class 766 91.8s (cumulative)
[nb_ridge] solve class 767 91.9s (cumulative)
[nb_ridge] solve class 768 92.1s (cumulative)
[nb_ridge] solve class 769 92.2s (cumulative)
[nb_ridge] solve class 770 92.3s (cumulative)
[nb_ridge] solve class 771 92.4s (cumulative)
[nb_ridge] solve class 772 92.5s (cumulative)
[nb_ridge] solve class 773 92.6s (cumulative)
[nb_ridge] solve class 774 92.8s (cumulative)
[nb_ridge] solve class 775 92.9s (cumulative)
[nb_ridge] solve class 776 93.0s (cumulative)
[nb_ridge] solve class 777 93.1s (cumulative)
[nb_ridge] solve class 778 93.3s (cumulative)
[nb_ridge] solve class 779 93.4s (cumulative)
[nb_ridge] solve class 780 93.5s (cumulative)
[nb_ridge] solve class 781 93.6s (cumulative)
[nb_ridge] solve class 782 93.7s (cumulative)
[nb_ridge] solve class 783 93.9s (cumulative)
[nb_ridge] solve class 784 94.0s (cumulative)
[nb_ridge] solve class 785 94.1s (cumulative)
[nb_ridge] solve class 786 94.2s (cumulative)
[nb_ridge] solve class 787 94.3s (cumulative)
[nb_ridge] solve class 788 94.5s (cumulative)
[nb_ridge] solve class 789 94.6s (cumulative)
[nb_ridge] solve class 790 94.7s (cumulative)
[nb_ridge] solve class 791 94.8s (cumulative)
[nb_ridge] solve class 792 94.9s (cumulative)
[nb_ridge] solve class 793 95.1s (cumulative)
[nb_ridge] solve class 794 95.2s (cumulative)
[nb_ridge] solve class 795 95.3s (cumulative)
[nb_ridge] solve class 796 95.4s (cumulative)
[nb_ridge] solve class 797 95.5s (cumulative)
[nb_ridge] solve class 798 95.7s (cumulative)
[nb_ridge] solve class 799 95.8s (cumulative)
[nb_ridge] solve class 800 95.9s (cumulative)
[nb_ridge] solve class 801 96.0s (cumulative)
[nb_ridge] solve class 802 96.1s (cumulative)
[nb_ridge] solve class 803 96.3s (cumulative)
[nb_ridge] solve class 804 96.4s (cumulative)
[nb_ridge] solve class 805 96.5s (cumulative)
[nb_ridge] solve class 806 96.6s (cumulative)
[nb_ridge] solve class 807 96.7s (cumulative)
[nb_ridge] solve class 808 96.9s (cumulative)
[nb_ridge] solve class 809 97.0s (cumulative)
[nb_ridge] solve class 810 97.1s (cumulative)
[nb_ridge] solve class 811 97.2s (cumulative)
[nb_ridge] solve class 812 97.3s (cumulative)
[nb_ridge] solve class 813 97.5s (cumulative)
[nb_ridge] solve class 814 97.6s (cumulative)
[nb_ridge] solve class 815 97.7s (cumulative)
[nb_ridge] solve class 816 97.8s (cumulative)
[nb_ridge] solve class 817 97.9s (cumulative)
[nb_ridge] solve class 818 98.1s (cumulative)
[nb_ridge] solve class 819 98.2s (cumulative)
[nb_ridge] solve class 820 98.3s (cumulative)
[nb_ridge] solve class 821 98.4s (cumulative)
[nb_ridge] solve class 822 98.5s (cumulative)
[nb_ridge] solve class 823 98.7s (cumulative)
[nb_ridge] solve class 824 98.8s (cumulative)
[nb_ridge] solve class 825 98.9s (cumulative)
[nb_ridge] solve class 826 99.0s (cumulative)
[nb_ridge] solve class 827 99.1s (cumulative)
[nb_ridge] solve class 828 99.2s (cumulative)
[nb_ridge] solve class 829 99.4s (cumulative)
[nb_ridge] solve class 830 99.5s (cumulative)
[nb_ridge] solve class 831 99.6s (cumulative)
[nb_ridge] solve class 832 99.7s (cumulative)
[nb_ridge] solve class 833 99.8s (cumulative)
[nb_ridge] solve class 834 100.0s (cumulative)
[nb_ridge] solve class 835 100.1s (cumulative)
[nb_ridge] solve class 836 100.2s (cumulative)
[nb_ridge] solve class 837 100.3s (cumulative)
[nb_ridge] solve class 838 100.4s (cumulative)
[nb_ridge] solve class 839 100.6s (cumulative)
[nb_ridge] solve class 840 100.7s (cumulative)
[nb_ridge] solve class 841 100.8s (cumulative)
    ridge-select: scale 4 → sel-slice acc 0.1850
[nb_ridge] tokenize+counts 0.0s (1981 docs, 842 classes)
[nb_ridge] solve class 0 0.2s (cumulative)
[nb_ridge] solve class 1 0.3s (cumulative)
[nb_ridge] solve class 2 0.4s (cumulative)
[nb_ridge] solve class 3 0.5s (cumulative)
[nb_ridge] solve class 4 0.6s (cumulative)
[nb_ridge] solve class 5 0.8s (cumulative)
[nb_ridge] solve class 6 0.9s (cumulative)
[nb_ridge] solve class 7 1.0s (cumulative)
[nb_ridge] solve class 8 1.1s (cumulative)
[nb_ridge] solve class 9 1.2s (cumulative)
[nb_ridge] solve class 10 1.4s (cumulative)
[nb_ridge] solve class 11 1.5s (cumulative)
[nb_ridge] solve class 12 1.6s (cumulative)
[nb_ridge] solve class 13 1.7s (cumulative)
[nb_ridge] solve class 14 1.8s (cumulative)
[nb_ridge] solve class 15 2.0s (cumulative)
[nb_ridge] solve class 16 2.1s (cumulative)
[nb_ridge] solve class 17 2.2s (cumulative)
[nb_ridge] solve class 18 2.3s (cumulative)
[nb_ridge] solve class 19 2.4s (cumulative)
[nb_ridge] solve class 20 2.6s (cumulative)
[nb_ridge] solve class 21 2.7s (cumulative)
[nb_ridge] solve class 22 2.8s (cumulative)
[nb_ridge] solve class 23 2.9s (cumulative)
[nb_ridge] solve class 24 3.0s (cumulative)
[nb_ridge] solve class 25 3.1s (cumulative)
[nb_ridge] solve class 26 3.3s (cumulative)
[nb_ridge] solve class 27 3.4s (cumulative)
[nb_ridge] solve class 28 3.5s (cumulative)
[nb_ridge] solve class 29 3.6s (cumulative)
[nb_ridge] solve class 30 3.7s (cumulative)
[nb_ridge] solve class 31 3.9s (cumulative)
[nb_ridge] solve class 32 4.0s (cumulative)
[nb_ridge] solve class 33 4.1s (cumulative)
[nb_ridge] solve class 34 4.2s (cumulative)
[nb_ridge] solve class 35 4.3s (cumulative)
[nb_ridge] solve class 36 4.5s (cumulative)
[nb_ridge] solve class 37 4.6s (cumulative)
[nb_ridge] solve class 38 4.7s (cumulative)
[nb_ridge] solve class 39 4.8s (cumulative)
[nb_ridge] solve class 40 4.9s (cumulative)
[nb_ridge] solve class 41 5.0s (cumulative)
[nb_ridge] solve class 42 5.2s (cumulative)
[nb_ridge] solve class 43 5.3s (cumulative)
[nb_ridge] solve class 44 5.4s (cumulative)
[nb_ridge] solve class 45 5.5s (cumulative)
[nb_ridge] solve class 46 5.6s (cumulative)
[nb_ridge] solve class 47 5.8s (cumulative)
[nb_ridge] solve class 48 5.9s (cumulative)
[nb_ridge] solve class 49 6.0s (cumulative)
[nb_ridge] solve class 50 6.1s (cumulative)
[nb_ridge] solve class 51 6.2s (cumulative)
[nb_ridge] solve class 52 6.4s (cumulative)
[nb_ridge] solve class 53 6.5s (cumulative)
[nb_ridge] solve class 54 6.6s (cumulative)
[nb_ridge] solve class 55 6.7s (cumulative)
[nb_ridge] solve class 56 6.9s (cumulative)
[nb_ridge] solve class 57 7.0s (cumulative)
[nb_ridge] solve class 58 7.1s (cumulative)
[nb_ridge] solve class 59 7.2s (cumulative)
[nb_ridge] solve class 60 7.3s (cumulative)
[nb_ridge] solve class 61 7.5s (cumulative)
[nb_ridge] solve class 62 7.6s (cumulative)
[nb_ridge] solve class 63 7.7s (cumulative)
[nb_ridge] solve class 64 7.8s (cumulative)
[nb_ridge] solve class 65 8.0s (cumulative)
[nb_ridge] solve class 66 8.1s (cumulative)
[nb_ridge] solve class 67 8.2s (cumulative)
[nb_ridge] solve class 68 8.3s (cumulative)
[nb_ridge] solve class 69 8.5s (cumulative)
[nb_ridge] solve class 70 8.6s (cumulative)
[nb_ridge] solve class 71 8.7s (cumulative)
[nb_ridge] solve class 72 8.8s (cumulative)
[nb_ridge] solve class 73 8.9s (cumulative)
[nb_ridge] solve class 74 9.1s (cumulative)
[nb_ridge] solve class 75 9.2s (cumulative)
[nb_ridge] solve class 76 9.3s (cumulative)
[nb_ridge] solve class 77 9.4s (cumulative)
[nb_ridge] solve class 78 9.5s (cumulative)
[nb_ridge] solve class 79 9.7s (cumulative)
[nb_ridge] solve class 80 9.8s (cumulative)
[nb_ridge] solve class 81 9.9s (cumulative)
[nb_ridge] solve class 82 10.0s (cumulative)
[nb_ridge] solve class 83 10.1s (cumulative)
[nb_ridge] solve class 84 10.3s (cumulative)
[nb_ridge] solve class 85 10.4s (cumulative)
[nb_ridge] solve class 86 10.5s (cumulative)
[nb_ridge] solve class 87 10.6s (cumulative)
[nb_ridge] solve class 88 10.8s (cumulative)
[nb_ridge] solve class 89 10.9s (cumulative)
[nb_ridge] solve class 90 11.0s (cumulative)
[nb_ridge] solve class 91 11.1s (cumulative)
[nb_ridge] solve class 92 11.2s (cumulative)
[nb_ridge] solve class 93 11.4s (cumulative)
[nb_ridge] solve class 94 11.5s (cumulative)
[nb_ridge] solve class 95 11.6s (cumulative)
[nb_ridge] solve class 96 11.7s (cumulative)
[nb_ridge] solve class 97 11.8s (cumulative)
[nb_ridge] solve class 98 12.0s (cumulative)
[nb_ridge] solve class 99 12.1s (cumulative)
[nb_ridge] solve class 100 12.2s (cumulative)
[nb_ridge] solve class 101 12.3s (cumulative)
[nb_ridge] solve class 102 12.4s (cumulative)
[nb_ridge] solve class 103 12.6s (cumulative)
[nb_ridge] solve class 104 12.7s (cumulative)
[nb_ridge] solve class 105 12.8s (cumulative)
[nb_ridge] solve class 106 12.9s (cumulative)
[nb_ridge] solve class 107 13.0s (cumulative)
[nb_ridge] solve class 108 13.2s (cumulative)
[nb_ridge] solve class 109 13.3s (cumulative)
[nb_ridge] solve class 110 13.4s (cumulative)
[nb_ridge] solve class 111 13.5s (cumulative)
[nb_ridge] solve class 112 13.6s (cumulative)
[nb_ridge] solve class 113 13.7s (cumulative)
[nb_ridge] solve class 114 13.9s (cumulative)
[nb_ridge] solve class 115 14.0s (cumulative)
[nb_ridge] solve class 116 14.1s (cumulative)
[nb_ridge] solve class 117 14.2s (cumulative)
[nb_ridge] solve class 118 14.3s (cumulative)
[nb_ridge] solve class 119 14.5s (cumulative)
[nb_ridge] solve class 120 14.6s (cumulative)
[nb_ridge] solve class 121 14.7s (cumulative)
[nb_ridge] solve class 122 14.8s (cumulative)
[nb_ridge] solve class 123 14.9s (cumulative)
[nb_ridge] solve class 124 15.1s (cumulative)
[nb_ridge] solve class 125 15.2s (cumulative)
[nb_ridge] solve class 126 15.3s (cumulative)
[nb_ridge] solve class 127 15.4s (cumulative)
[nb_ridge] solve class 128 15.5s (cumulative)
[nb_ridge] solve class 129 15.7s (cumulative)
[nb_ridge] solve class 130 15.8s (cumulative)
[nb_ridge] solve class 131 15.9s (cumulative)
[nb_ridge] solve class 132 16.0s (cumulative)
[nb_ridge] solve class 133 16.1s (cumulative)
[nb_ridge] solve class 134 16.3s (cumulative)
[nb_ridge] solve class 135 16.4s (cumulative)
[nb_ridge] solve class 136 16.5s (cumulative)
[nb_ridge] solve class 137 16.6s (cumulative)
[nb_ridge] solve class 138 16.7s (cumulative)
[nb_ridge] solve class 139 16.8s (cumulative)
[nb_ridge] solve class 140 17.0s (cumulative)
[nb_ridge] solve class 141 17.1s (cumulative)
[nb_ridge] solve class 142 17.2s (cumulative)
[nb_ridge] solve class 143 17.3s (cumulative)
[nb_ridge] solve class 144 17.4s (cumulative)
[nb_ridge] solve class 145 17.6s (cumulative)
[nb_ridge] solve class 146 17.7s (cumulative)
[nb_ridge] solve class 147 17.8s (cumulative)
[nb_ridge] solve class 148 17.9s (cumulative)
[nb_ridge] solve class 149 18.0s (cumulative)
[nb_ridge] solve class 150 18.2s (cumulative)
[nb_ridge] solve class 151 18.3s (cumulative)
[nb_ridge] solve class 152 18.4s (cumulative)
[nb_ridge] solve class 153 18.5s (cumulative)
[nb_ridge] solve class 154 18.6s (cumulative)
[nb_ridge] solve class 155 18.8s (cumulative)
[nb_ridge] solve class 156 18.9s (cumulative)
[nb_ridge] solve class 157 19.0s (cumulative)
[nb_ridge] solve class 158 19.1s (cumulative)
[nb_ridge] solve class 159 19.3s (cumulative)
[nb_ridge] solve class 160 19.4s (cumulative)
[nb_ridge] solve class 161 19.5s (cumulative)
[nb_ridge] solve class 162 19.6s (cumulative)
[nb_ridge] solve class 163 19.7s (cumulative)
[nb_ridge] solve class 164 19.9s (cumulative)
[nb_ridge] solve class 165 20.0s (cumulative)
[nb_ridge] solve class 166 20.1s (cumulative)
[nb_ridge] solve class 167 20.2s (cumulative)
[nb_ridge] solve class 168 20.3s (cumulative)
[nb_ridge] solve class 169 20.5s (cumulative)
[nb_ridge] solve class 170 20.6s (cumulative)
[nb_ridge] solve class 171 20.7s (cumulative)
[nb_ridge] solve class 172 20.8s (cumulative)
[nb_ridge] solve class 173 20.9s (cumulative)
[nb_ridge] solve class 174 21.0s (cumulative)
[nb_ridge] solve class 175 21.2s (cumulative)
[nb_ridge] solve class 176 21.3s (cumulative)
[nb_ridge] solve class 177 21.4s (cumulative)
[nb_ridge] solve class 178 21.5s (cumulative)
[nb_ridge] solve class 179 21.6s (cumulative)
[nb_ridge] solve class 180 21.8s (cumulative)
[nb_ridge] solve class 181 21.9s (cumulative)
[nb_ridge] solve class 182 22.0s (cumulative)
[nb_ridge] solve class 183 22.1s (cumulative)
[nb_ridge] solve class 184 22.2s (cumulative)
[nb_ridge] solve class 185 22.4s (cumulative)
[nb_ridge] solve class 186 22.5s (cumulative)
[nb_ridge] solve class 187 22.6s (cumulative)
[nb_ridge] solve class 188 22.7s (cumulative)
[nb_ridge] solve class 189 22.8s (cumulative)
[nb_ridge] solve class 190 23.0s (cumulative)
[nb_ridge] solve class 191 23.1s (cumulative)
[nb_ridge] solve class 192 23.2s (cumulative)
[nb_ridge] solve class 193 23.3s (cumulative)
[nb_ridge] solve class 194 23.5s (cumulative)
[nb_ridge] solve class 195 23.6s (cumulative)
[nb_ridge] solve class 196 23.7s (cumulative)
[nb_ridge] solve class 197 23.8s (cumulative)
[nb_ridge] solve class 198 23.9s (cumulative)
[nb_ridge] solve class 199 24.0s (cumulative)
[nb_ridge] solve class 200 24.2s (cumulative)
[nb_ridge] solve class 201 24.3s (cumulative)
[nb_ridge] solve class 202 24.4s (cumulative)
[nb_ridge] solve class 203 24.5s (cumulative)
[nb_ridge] solve class 204 24.6s (cumulative)
[nb_ridge] solve class 205 24.8s (cumulative)
[nb_ridge] solve class 206 24.9s (cumulative)
[nb_ridge] solve class 207 25.0s (cumulative)
[nb_ridge] solve class 208 25.1s (cumulative)
[nb_ridge] solve class 209 25.2s (cumulative)
[nb_ridge] solve class 210 25.4s (cumulative)
[nb_ridge] solve class 211 25.5s (cumulative)
[nb_ridge] solve class 212 25.6s (cumulative)
[nb_ridge] solve class 213 25.7s (cumulative)
[nb_ridge] solve class 214 25.8s (cumulative)
[nb_ridge] solve class 215 26.0s (cumulative)
[nb_ridge] solve class 216 26.1s (cumulative)
[nb_ridge] solve class 217 26.2s (cumulative)
[nb_ridge] solve class 218 26.3s (cumulative)
[nb_ridge] solve class 219 26.4s (cumulative)
[nb_ridge] solve class 220 26.6s (cumulative)
[nb_ridge] solve class 221 26.7s (cumulative)
[nb_ridge] solve class 222 26.8s (cumulative)
[nb_ridge] solve class 223 26.9s (cumulative)
[nb_ridge] solve class 224 27.0s (cumulative)
[nb_ridge] solve class 225 27.2s (cumulative)
[nb_ridge] solve class 226 27.3s (cumulative)
[nb_ridge] solve class 227 27.4s (cumulative)
[nb_ridge] solve class 228 27.5s (cumulative)
[nb_ridge] solve class 229 27.6s (cumulative)
[nb_ridge] solve class 230 27.7s (cumulative)
[nb_ridge] solve class 231 27.9s (cumulative)
[nb_ridge] solve class 232 28.0s (cumulative)
[nb_ridge] solve class 233 28.1s (cumulative)
[nb_ridge] solve class 234 28.2s (cumulative)
[nb_ridge] solve class 235 28.3s (cumulative)
[nb_ridge] solve class 236 28.5s (cumulative)
[nb_ridge] solve class 237 28.6s (cumulative)
[nb_ridge] solve class 238 28.7s (cumulative)
[nb_ridge] solve class 239 28.8s (cumulative)
[nb_ridge] solve class 240 28.9s (cumulative)
[nb_ridge] solve class 241 29.1s (cumulative)
[nb_ridge] solve class 242 29.2s (cumulative)
[nb_ridge] solve class 243 29.3s (cumulative)
[nb_ridge] solve class 244 29.4s (cumulative)
[nb_ridge] solve class 245 29.5s (cumulative)
[nb_ridge] solve class 246 29.7s (cumulative)
[nb_ridge] solve class 247 29.8s (cumulative)
[nb_ridge] solve class 248 29.9s (cumulative)
[nb_ridge] solve class 249 30.0s (cumulative)
[nb_ridge] solve class 250 30.1s (cumulative)
[nb_ridge] solve class 251 30.2s (cumulative)
[nb_ridge] solve class 252 30.4s (cumulative)
[nb_ridge] solve class 253 30.5s (cumulative)
[nb_ridge] solve class 254 30.6s (cumulative)
[nb_ridge] solve class 255 30.7s (cumulative)
[nb_ridge] solve class 256 30.8s (cumulative)
[nb_ridge] solve class 257 31.0s (cumulative)
[nb_ridge] solve class 258 31.1s (cumulative)
[nb_ridge] solve class 259 31.2s (cumulative)
[nb_ridge] solve class 260 31.3s (cumulative)
[nb_ridge] solve class 261 31.4s (cumulative)
[nb_ridge] solve class 262 31.6s (cumulative)
[nb_ridge] solve class 263 31.7s (cumulative)
[nb_ridge] solve class 264 31.8s (cumulative)
[nb_ridge] solve class 265 31.9s (cumulative)
[nb_ridge] solve class 266 32.0s (cumulative)
[nb_ridge] solve class 267 32.2s (cumulative)
[nb_ridge] solve class 268 32.3s (cumulative)
[nb_ridge] solve class 269 32.4s (cumulative)
[nb_ridge] solve class 270 32.5s (cumulative)
[nb_ridge] solve class 271 32.6s (cumulative)
[nb_ridge] solve class 272 32.8s (cumulative)
[nb_ridge] solve class 273 32.9s (cumulative)
[nb_ridge] solve class 274 33.0s (cumulative)
[nb_ridge] solve class 275 33.1s (cumulative)
[nb_ridge] solve class 276 33.2s (cumulative)
[nb_ridge] solve class 277 33.3s (cumulative)
[nb_ridge] solve class 278 33.5s (cumulative)
[nb_ridge] solve class 279 33.6s (cumulative)
[nb_ridge] solve class 280 33.7s (cumulative)
[nb_ridge] solve class 281 33.8s (cumulative)
[nb_ridge] solve class 282 33.9s (cumulative)
[nb_ridge] solve class 283 34.1s (cumulative)
[nb_ridge] solve class 284 34.2s (cumulative)
[nb_ridge] solve class 285 34.3s (cumulative)
[nb_ridge] solve class 286 34.4s (cumulative)
[nb_ridge] solve class 287 34.5s (cumulative)
[nb_ridge] solve class 288 34.7s (cumulative)
[nb_ridge] solve class 289 34.8s (cumulative)
[nb_ridge] solve class 290 34.9s (cumulative)
[nb_ridge] solve class 291 35.0s (cumulative)
[nb_ridge] solve class 292 35.1s (cumulative)
[nb_ridge] solve class 293 35.3s (cumulative)
[nb_ridge] solve class 294 35.4s (cumulative)
[nb_ridge] solve class 295 35.5s (cumulative)
[nb_ridge] solve class 296 35.6s (cumulative)
[nb_ridge] solve class 297 35.7s (cumulative)
[nb_ridge] solve class 298 35.9s (cumulative)
[nb_ridge] solve class 299 36.0s (cumulative)
[nb_ridge] solve class 300 36.1s (cumulative)
[nb_ridge] solve class 301 36.2s (cumulative)
[nb_ridge] solve class 302 36.3s (cumulative)
[nb_ridge] solve class 303 36.4s (cumulative)
[nb_ridge] solve class 304 36.6s (cumulative)
[nb_ridge] solve class 305 36.7s (cumulative)
[nb_ridge] solve class 306 36.8s (cumulative)
[nb_ridge] solve class 307 36.9s (cumulative)
[nb_ridge] solve class 308 37.0s (cumulative)
[nb_ridge] solve class 309 37.2s (cumulative)
[nb_ridge] solve class 310 37.3s (cumulative)
[nb_ridge] solve class 311 37.4s (cumulative)
[nb_ridge] solve class 312 37.5s (cumulative)
[nb_ridge] solve class 313 37.6s (cumulative)
[nb_ridge] solve class 314 37.8s (cumulative)
[nb_ridge] solve class 315 37.9s (cumulative)
[nb_ridge] solve class 316 38.0s (cumulative)
[nb_ridge] solve class 317 38.1s (cumulative)
[nb_ridge] solve class 318 38.2s (cumulative)
[nb_ridge] solve class 319 38.4s (cumulative)
[nb_ridge] solve class 320 38.5s (cumulative)
[nb_ridge] solve class 321 38.6s (cumulative)
[nb_ridge] solve class 322 38.7s (cumulative)
[nb_ridge] solve class 323 38.8s (cumulative)
[nb_ridge] solve class 324 39.0s (cumulative)
[nb_ridge] solve class 325 39.1s (cumulative)
[nb_ridge] solve class 326 39.2s (cumulative)
[nb_ridge] solve class 327 39.3s (cumulative)
[nb_ridge] solve class 328 39.4s (cumulative)
[nb_ridge] solve class 329 39.6s (cumulative)
[nb_ridge] solve class 330 39.7s (cumulative)
[nb_ridge] solve class 331 39.8s (cumulative)
[nb_ridge] solve class 332 39.9s (cumulative)
[nb_ridge] solve class 333 40.0s (cumulative)
[nb_ridge] solve class 334 40.1s (cumulative)
[nb_ridge] solve class 335 40.3s (cumulative)
[nb_ridge] solve class 336 40.4s (cumulative)
[nb_ridge] solve class 337 40.5s (cumulative)
[nb_ridge] solve class 338 40.6s (cumulative)
[nb_ridge] solve class 339 40.7s (cumulative)
[nb_ridge] solve class 340 40.9s (cumulative)
[nb_ridge] solve class 341 41.0s (cumulative)
[nb_ridge] solve class 342 41.1s (cumulative)
[nb_ridge] solve class 343 41.2s (cumulative)
[nb_ridge] solve class 344 41.3s (cumulative)
[nb_ridge] solve class 345 41.5s (cumulative)
[nb_ridge] solve class 346 41.6s (cumulative)
[nb_ridge] solve class 347 41.7s (cumulative)
[nb_ridge] solve class 348 41.8s (cumulative)
[nb_ridge] solve class 349 41.9s (cumulative)
[nb_ridge] solve class 350 42.1s (cumulative)
[nb_ridge] solve class 351 42.2s (cumulative)
[nb_ridge] solve class 352 42.3s (cumulative)
[nb_ridge] solve class 353 42.4s (cumulative)
[nb_ridge] solve class 354 42.5s (cumulative)
[nb_ridge] solve class 355 42.7s (cumulative)
[nb_ridge] solve class 356 42.8s (cumulative)
[nb_ridge] solve class 357 42.9s (cumulative)
[nb_ridge] solve class 358 43.0s (cumulative)
[nb_ridge] solve class 359 43.1s (cumulative)
[nb_ridge] solve class 360 43.3s (cumulative)
[nb_ridge] solve class 361 43.4s (cumulative)
[nb_ridge] solve class 362 43.5s (cumulative)
[nb_ridge] solve class 363 43.6s (cumulative)
[nb_ridge] solve class 364 43.7s (cumulative)
[nb_ridge] solve class 365 43.9s (cumulative)
[nb_ridge] solve class 366 44.0s (cumulative)
[nb_ridge] solve class 367 44.1s (cumulative)
[nb_ridge] solve class 368 44.2s (cumulative)
[nb_ridge] solve class 369 44.3s (cumulative)
[nb_ridge] solve class 370 44.5s (cumulative)
[nb_ridge] solve class 371 44.6s (cumulative)
[nb_ridge] solve class 372 44.7s (cumulative)
[nb_ridge] solve class 373 44.8s (cumulative)
[nb_ridge] solve class 374 44.9s (cumulative)
[nb_ridge] solve class 375 45.1s (cumulative)
[nb_ridge] solve class 376 45.2s (cumulative)
[nb_ridge] solve class 377 45.3s (cumulative)
[nb_ridge] solve class 378 45.4s (cumulative)
[nb_ridge] solve class 379 45.5s (cumulative)
[nb_ridge] solve class 380 45.6s (cumulative)
[nb_ridge] solve class 381 45.8s (cumulative)
[nb_ridge] solve class 382 45.9s (cumulative)
[nb_ridge] solve class 383 46.0s (cumulative)
[nb_ridge] solve class 384 46.1s (cumulative)
[nb_ridge] solve class 385 46.2s (cumulative)
[nb_ridge] solve class 386 46.4s (cumulative)
[nb_ridge] solve class 387 46.5s (cumulative)
[nb_ridge] solve class 388 46.6s (cumulative)
[nb_ridge] solve class 389 46.7s (cumulative)
[nb_ridge] solve class 390 46.8s (cumulative)
[nb_ridge] solve class 391 47.0s (cumulative)
[nb_ridge] solve class 392 47.1s (cumulative)
[nb_ridge] solve class 393 47.2s (cumulative)
[nb_ridge] solve class 394 47.3s (cumulative)
[nb_ridge] solve class 395 47.4s (cumulative)
[nb_ridge] solve class 396 47.6s (cumulative)
[nb_ridge] solve class 397 47.7s (cumulative)
[nb_ridge] solve class 398 47.8s (cumulative)
[nb_ridge] solve class 399 47.9s (cumulative)
[nb_ridge] solve class 400 48.0s (cumulative)
[nb_ridge] solve class 401 48.2s (cumulative)
[nb_ridge] solve class 402 48.3s (cumulative)
[nb_ridge] solve class 403 48.4s (cumulative)
[nb_ridge] solve class 404 48.5s (cumulative)
[nb_ridge] solve class 405 48.6s (cumulative)
[nb_ridge] solve class 406 48.8s (cumulative)
[nb_ridge] solve class 407 48.9s (cumulative)
[nb_ridge] solve class 408 49.0s (cumulative)
[nb_ridge] solve class 409 49.1s (cumulative)
[nb_ridge] solve class 410 49.2s (cumulative)
[nb_ridge] solve class 411 49.3s (cumulative)
[nb_ridge] solve class 412 49.5s (cumulative)
[nb_ridge] solve class 413 49.6s (cumulative)
[nb_ridge] solve class 414 49.7s (cumulative)
[nb_ridge] solve class 415 49.8s (cumulative)
[nb_ridge] solve class 416 49.9s (cumulative)
[nb_ridge] solve class 417 50.1s (cumulative)
[nb_ridge] solve class 418 50.2s (cumulative)
[nb_ridge] solve class 419 50.3s (cumulative)
[nb_ridge] solve class 420 50.4s (cumulative)
[nb_ridge] solve class 421 50.5s (cumulative)
[nb_ridge] solve class 422 50.7s (cumulative)
[nb_ridge] solve class 423 50.8s (cumulative)
[nb_ridge] solve class 424 50.9s (cumulative)
[nb_ridge] solve class 425 51.0s (cumulative)
[nb_ridge] solve class 426 51.1s (cumulative)
[nb_ridge] solve class 427 51.3s (cumulative)
[nb_ridge] solve class 428 51.4s (cumulative)
[nb_ridge] solve class 429 51.5s (cumulative)
[nb_ridge] solve class 430 51.6s (cumulative)
[nb_ridge] solve class 431 51.7s (cumulative)
[nb_ridge] solve class 432 51.9s (cumulative)
[nb_ridge] solve class 433 52.0s (cumulative)
[nb_ridge] solve class 434 52.1s (cumulative)
[nb_ridge] solve class 435 52.2s (cumulative)
[nb_ridge] solve class 436 52.3s (cumulative)
[nb_ridge] solve class 437 52.4s (cumulative)
[nb_ridge] solve class 438 52.6s (cumulative)
[nb_ridge] solve class 439 52.7s (cumulative)
[nb_ridge] solve class 440 52.8s (cumulative)
[nb_ridge] solve class 441 52.9s (cumulative)
[nb_ridge] solve class 442 53.1s (cumulative)
[nb_ridge] solve class 443 53.2s (cumulative)
[nb_ridge] solve class 444 53.3s (cumulative)
[nb_ridge] solve class 445 53.4s (cumulative)
[nb_ridge] solve class 446 53.5s (cumulative)
[nb_ridge] solve class 447 53.6s (cumulative)
[nb_ridge] solve class 448 53.8s (cumulative)
[nb_ridge] solve class 449 53.9s (cumulative)
[nb_ridge] solve class 450 54.0s (cumulative)
[nb_ridge] solve class 451 54.1s (cumulative)
[nb_ridge] solve class 452 54.2s (cumulative)
[nb_ridge] solve class 453 54.4s (cumulative)
[nb_ridge] solve class 454 54.5s (cumulative)
[nb_ridge] solve class 455 54.6s (cumulative)
[nb_ridge] solve class 456 54.7s (cumulative)
[nb_ridge] solve class 457 54.8s (cumulative)
[nb_ridge] solve class 458 55.0s (cumulative)
[nb_ridge] solve class 459 55.1s (cumulative)
[nb_ridge] solve class 460 55.2s (cumulative)
[nb_ridge] solve class 461 55.3s (cumulative)
[nb_ridge] solve class 462 55.4s (cumulative)
[nb_ridge] solve class 463 55.6s (cumulative)
[nb_ridge] solve class 464 55.7s (cumulative)
[nb_ridge] solve class 465 55.8s (cumulative)
[nb_ridge] solve class 466 55.9s (cumulative)
[nb_ridge] solve class 467 56.0s (cumulative)
[nb_ridge] solve class 468 56.2s (cumulative)
[nb_ridge] solve class 469 56.3s (cumulative)
[nb_ridge] solve class 470 56.4s (cumulative)
[nb_ridge] solve class 471 56.5s (cumulative)
[nb_ridge] solve class 472 56.6s (cumulative)
[nb_ridge] solve class 473 56.7s (cumulative)
[nb_ridge] solve class 474 56.9s (cumulative)
[nb_ridge] solve class 475 57.0s (cumulative)
[nb_ridge] solve class 476 57.1s (cumulative)
[nb_ridge] solve class 477 57.2s (cumulative)
[nb_ridge] solve class 478 57.3s (cumulative)
[nb_ridge] solve class 479 57.5s (cumulative)
[nb_ridge] solve class 480 57.6s (cumulative)
[nb_ridge] solve class 481 57.7s (cumulative)
[nb_ridge] solve class 482 57.8s (cumulative)
[nb_ridge] solve class 483 57.9s (cumulative)
[nb_ridge] solve class 484 58.1s (cumulative)
[nb_ridge] solve class 485 58.2s (cumulative)
[nb_ridge] solve class 486 58.3s (cumulative)
[nb_ridge] solve class 487 58.4s (cumulative)
[nb_ridge] solve class 488 58.5s (cumulative)
[nb_ridge] solve class 489 58.7s (cumulative)
[nb_ridge] solve class 490 58.8s (cumulative)
[nb_ridge] solve class 491 58.9s (cumulative)
[nb_ridge] solve class 492 59.0s (cumulative)
[nb_ridge] solve class 493 59.1s (cumulative)
[nb_ridge] solve class 494 59.2s (cumulative)
[nb_ridge] solve class 495 59.4s (cumulative)
[nb_ridge] solve class 496 59.5s (cumulative)
[nb_ridge] solve class 497 59.6s (cumulative)
[nb_ridge] solve class 498 59.7s (cumulative)
[nb_ridge] solve class 499 59.8s (cumulative)
[nb_ridge] solve class 500 60.0s (cumulative)
[nb_ridge] solve class 501 60.1s (cumulative)
[nb_ridge] solve class 502 60.2s (cumulative)
[nb_ridge] solve class 503 60.3s (cumulative)
[nb_ridge] solve class 504 60.4s (cumulative)
[nb_ridge] solve class 505 60.6s (cumulative)
[nb_ridge] solve class 506 60.7s (cumulative)
[nb_ridge] solve class 507 60.8s (cumulative)
[nb_ridge] solve class 508 60.9s (cumulative)
[nb_ridge] solve class 509 61.0s (cumulative)
[nb_ridge] solve class 510 61.2s (cumulative)
[nb_ridge] solve class 511 61.3s (cumulative)
[nb_ridge] solve class 512 61.4s (cumulative)
[nb_ridge] solve class 513 61.5s (cumulative)
[nb_ridge] solve class 514 61.6s (cumulative)
[nb_ridge] solve class 515 61.7s (cumulative)
[nb_ridge] solve class 516 61.9s (cumulative)
[nb_ridge] solve class 517 62.0s (cumulative)
[nb_ridge] solve class 518 62.1s (cumulative)
[nb_ridge] solve class 519 62.2s (cumulative)
[nb_ridge] solve class 520 62.3s (cumulative)
[nb_ridge] solve class 521 62.5s (cumulative)
[nb_ridge] solve class 522 62.6s (cumulative)
[nb_ridge] solve class 523 62.7s (cumulative)
[nb_ridge] solve class 524 62.8s (cumulative)
[nb_ridge] solve class 525 62.9s (cumulative)
[nb_ridge] solve class 526 63.1s (cumulative)
[nb_ridge] solve class 527 63.2s (cumulative)
[nb_ridge] solve class 528 63.3s (cumulative)
[nb_ridge] solve class 529 63.4s (cumulative)
[nb_ridge] solve class 530 63.5s (cumulative)
[nb_ridge] solve class 531 63.7s (cumulative)
[nb_ridge] solve class 532 63.8s (cumulative)
[nb_ridge] solve class 533 63.9s (cumulative)
[nb_ridge] solve class 534 64.0s (cumulative)
[nb_ridge] solve class 535 64.1s (cumulative)
[nb_ridge] solve class 536 64.3s (cumulative)
[nb_ridge] solve class 537 64.4s (cumulative)
[nb_ridge] solve class 538 64.5s (cumulative)
[nb_ridge] solve class 539 64.6s (cumulative)
[nb_ridge] solve class 540 64.7s (cumulative)
[nb_ridge] solve class 541 64.8s (cumulative)
[nb_ridge] solve class 542 65.0s (cumulative)
[nb_ridge] solve class 543 65.1s (cumulative)
[nb_ridge] solve class 544 65.2s (cumulative)
[nb_ridge] solve class 545 65.3s (cumulative)
[nb_ridge] solve class 546 65.4s (cumulative)
[nb_ridge] solve class 547 65.6s (cumulative)
[nb_ridge] solve class 548 65.7s (cumulative)
[nb_ridge] solve class 549 65.8s (cumulative)
[nb_ridge] solve class 550 65.9s (cumulative)
[nb_ridge] solve class 551 66.0s (cumulative)
[nb_ridge] solve class 552 66.2s (cumulative)
[nb_ridge] solve class 553 66.3s (cumulative)
[nb_ridge] solve class 554 66.4s (cumulative)
[nb_ridge] solve class 555 66.5s (cumulative)
[nb_ridge] solve class 556 66.6s (cumulative)
[nb_ridge] solve class 557 66.8s (cumulative)
[nb_ridge] solve class 558 66.9s (cumulative)
[nb_ridge] solve class 559 67.0s (cumulative)
[nb_ridge] solve class 560 67.1s (cumulative)
[nb_ridge] solve class 561 67.2s (cumulative)
[nb_ridge] solve class 562 67.4s (cumulative)
[nb_ridge] solve class 563 67.5s (cumulative)
[nb_ridge] solve class 564 67.6s (cumulative)
[nb_ridge] solve class 565 67.7s (cumulative)
[nb_ridge] solve class 566 67.8s (cumulative)
[nb_ridge] solve class 567 68.0s (cumulative)
[nb_ridge] solve class 568 68.1s (cumulative)
[nb_ridge] solve class 569 68.2s (cumulative)
[nb_ridge] solve class 570 68.3s (cumulative)
[nb_ridge] solve class 571 68.4s (cumulative)
[nb_ridge] solve class 572 68.5s (cumulative)
[nb_ridge] solve class 573 68.7s (cumulative)
[nb_ridge] solve class 574 68.8s (cumulative)
[nb_ridge] solve class 575 68.9s (cumulative)
[nb_ridge] solve class 576 69.0s (cumulative)
[nb_ridge] solve class 577 69.1s (cumulative)
[nb_ridge] solve class 578 69.3s (cumulative)
[nb_ridge] solve class 579 69.4s (cumulative)
[nb_ridge] solve class 580 69.5s (cumulative)
[nb_ridge] solve class 581 69.6s (cumulative)
[nb_ridge] solve class 582 69.7s (cumulative)
[nb_ridge] solve class 583 69.9s (cumulative)
[nb_ridge] solve class 584 70.0s (cumulative)
[nb_ridge] solve class 585 70.1s (cumulative)
[nb_ridge] solve class 586 70.2s (cumulative)
[nb_ridge] solve class 587 70.3s (cumulative)
[nb_ridge] solve class 588 70.5s (cumulative)
[nb_ridge] solve class 589 70.6s (cumulative)
[nb_ridge] solve class 590 70.7s (cumulative)
[nb_ridge] solve class 591 70.8s (cumulative)
[nb_ridge] solve class 592 70.9s (cumulative)
[nb_ridge] solve class 593 71.0s (cumulative)
[nb_ridge] solve class 594 71.2s (cumulative)
[nb_ridge] solve class 595 71.3s (cumulative)
[nb_ridge] solve class 596 71.4s (cumulative)
[nb_ridge] solve class 597 71.5s (cumulative)
[nb_ridge] solve class 598 71.6s (cumulative)
[nb_ridge] solve class 599 71.8s (cumulative)
[nb_ridge] solve class 600 71.9s (cumulative)
[nb_ridge] solve class 601 72.0s (cumulative)
[nb_ridge] solve class 602 72.1s (cumulative)
[nb_ridge] solve class 603 72.2s (cumulative)
[nb_ridge] solve class 604 72.4s (cumulative)
[nb_ridge] solve class 605 72.5s (cumulative)
[nb_ridge] solve class 606 72.6s (cumulative)
[nb_ridge] solve class 607 72.7s (cumulative)
[nb_ridge] solve class 608 72.9s (cumulative)
[nb_ridge] solve class 609 73.0s (cumulative)
[nb_ridge] solve class 610 73.1s (cumulative)
[nb_ridge] solve class 611 73.2s (cumulative)
[nb_ridge] solve class 612 73.3s (cumulative)
[nb_ridge] solve class 613 73.5s (cumulative)
[nb_ridge] solve class 614 73.6s (cumulative)
[nb_ridge] solve class 615 73.7s (cumulative)
[nb_ridge] solve class 616 73.8s (cumulative)
[nb_ridge] solve class 617 73.9s (cumulative)
[nb_ridge] solve class 618 74.0s (cumulative)
[nb_ridge] solve class 619 74.2s (cumulative)
[nb_ridge] solve class 620 74.3s (cumulative)
[nb_ridge] solve class 621 74.4s (cumulative)
[nb_ridge] solve class 622 74.5s (cumulative)
[nb_ridge] solve class 623 74.6s (cumulative)
[nb_ridge] solve class 624 74.8s (cumulative)
[nb_ridge] solve class 625 74.9s (cumulative)
[nb_ridge] solve class 626 75.0s (cumulative)
[nb_ridge] solve class 627 75.1s (cumulative)
[nb_ridge] solve class 628 75.3s (cumulative)
[nb_ridge] solve class 629 75.4s (cumulative)
[nb_ridge] solve class 630 75.5s (cumulative)
[nb_ridge] solve class 631 75.6s (cumulative)
[nb_ridge] solve class 632 75.7s (cumulative)
[nb_ridge] solve class 633 75.9s (cumulative)
[nb_ridge] solve class 634 76.0s (cumulative)
[nb_ridge] solve class 635 76.1s (cumulative)
[nb_ridge] solve class 636 76.2s (cumulative)
[nb_ridge] solve class 637 76.3s (cumulative)
[nb_ridge] solve class 638 76.5s (cumulative)
[nb_ridge] solve class 639 76.6s (cumulative)
[nb_ridge] solve class 640 76.7s (cumulative)
[nb_ridge] solve class 641 76.8s (cumulative)
[nb_ridge] solve class 642 76.9s (cumulative)
[nb_ridge] solve class 643 77.1s (cumulative)
[nb_ridge] solve class 644 77.2s (cumulative)
[nb_ridge] solve class 645 77.3s (cumulative)
[nb_ridge] solve class 646 77.4s (cumulative)
[nb_ridge] solve class 647 77.5s (cumulative)
[nb_ridge] solve class 648 77.7s (cumulative)
[nb_ridge] solve class 649 77.8s (cumulative)
[nb_ridge] solve class 650 77.9s (cumulative)
[nb_ridge] solve class 651 78.0s (cumulative)
[nb_ridge] solve class 652 78.1s (cumulative)
[nb_ridge] solve class 653 78.3s (cumulative)
[nb_ridge] solve class 654 78.4s (cumulative)
[nb_ridge] solve class 655 78.5s (cumulative)
[nb_ridge] solve class 656 78.6s (cumulative)
[nb_ridge] solve class 657 78.7s (cumulative)
[nb_ridge] solve class 658 78.9s (cumulative)
[nb_ridge] solve class 659 79.0s (cumulative)
[nb_ridge] solve class 660 79.1s (cumulative)
[nb_ridge] solve class 661 79.2s (cumulative)
[nb_ridge] solve class 662 79.3s (cumulative)
[nb_ridge] solve class 663 79.5s (cumulative)
[nb_ridge] solve class 664 79.6s (cumulative)
[nb_ridge] solve class 665 79.7s (cumulative)
[nb_ridge] solve class 666 79.8s (cumulative)
[nb_ridge] solve class 667 79.9s (cumulative)
[nb_ridge] solve class 668 80.1s (cumulative)
[nb_ridge] solve class 669 80.2s (cumulative)
[nb_ridge] solve class 670 80.3s (cumulative)
[nb_ridge] solve class 671 80.4s (cumulative)
[nb_ridge] solve class 672 80.5s (cumulative)
[nb_ridge] solve class 673 80.6s (cumulative)
[nb_ridge] solve class 674 80.8s (cumulative)
[nb_ridge] solve class 675 80.9s (cumulative)
[nb_ridge] solve class 676 81.0s (cumulative)
[nb_ridge] solve class 677 81.1s (cumulative)
[nb_ridge] solve class 678 81.2s (cumulative)
[nb_ridge] solve class 679 81.4s (cumulative)
[nb_ridge] solve class 680 81.5s (cumulative)
[nb_ridge] solve class 681 81.6s (cumulative)
[nb_ridge] solve class 682 81.7s (cumulative)
[nb_ridge] solve class 683 81.8s (cumulative)
[nb_ridge] solve class 684 82.0s (cumulative)
[nb_ridge] solve class 685 82.1s (cumulative)
[nb_ridge] solve class 686 82.2s (cumulative)
[nb_ridge] solve class 687 82.3s (cumulative)
[nb_ridge] solve class 688 82.4s (cumulative)
[nb_ridge] solve class 689 82.6s (cumulative)
[nb_ridge] solve class 690 82.7s (cumulative)
[nb_ridge] solve class 691 82.8s (cumulative)
[nb_ridge] solve class 692 82.9s (cumulative)
[nb_ridge] solve class 693 83.0s (cumulative)
[nb_ridge] solve class 694 83.1s (cumulative)
[nb_ridge] solve class 695 83.3s (cumulative)
[nb_ridge] solve class 696 83.4s (cumulative)
[nb_ridge] solve class 697 83.5s (cumulative)
[nb_ridge] solve class 698 83.6s (cumulative)
[nb_ridge] solve class 699 83.7s (cumulative)
[nb_ridge] solve class 700 83.9s (cumulative)
[nb_ridge] solve class 701 84.0s (cumulative)
[nb_ridge] solve class 702 84.1s (cumulative)
[nb_ridge] solve class 703 84.2s (cumulative)
[nb_ridge] solve class 704 84.3s (cumulative)
[nb_ridge] solve class 705 84.5s (cumulative)
[nb_ridge] solve class 706 84.6s (cumulative)
[nb_ridge] solve class 707 84.7s (cumulative)
[nb_ridge] solve class 708 84.8s (cumulative)
[nb_ridge] solve class 709 84.9s (cumulative)
[nb_ridge] solve class 710 85.1s (cumulative)
[nb_ridge] solve class 711 85.2s (cumulative)
[nb_ridge] solve class 712 85.3s (cumulative)
[nb_ridge] solve class 713 85.4s (cumulative)
[nb_ridge] solve class 714 85.5s (cumulative)
[nb_ridge] solve class 715 85.6s (cumulative)
[nb_ridge] solve class 716 85.8s (cumulative)
[nb_ridge] solve class 717 85.9s (cumulative)
[nb_ridge] solve class 718 86.0s (cumulative)
[nb_ridge] solve class 719 86.1s (cumulative)
[nb_ridge] solve class 720 86.2s (cumulative)
[nb_ridge] solve class 721 86.4s (cumulative)
[nb_ridge] solve class 722 86.5s (cumulative)
[nb_ridge] solve class 723 86.6s (cumulative)
[nb_ridge] solve class 724 86.7s (cumulative)
[nb_ridge] solve class 725 86.9s (cumulative)
[nb_ridge] solve class 726 87.0s (cumulative)
[nb_ridge] solve class 727 87.1s (cumulative)
[nb_ridge] solve class 728 87.2s (cumulative)
[nb_ridge] solve class 729 87.3s (cumulative)
[nb_ridge] solve class 730 87.5s (cumulative)
[nb_ridge] solve class 731 87.6s (cumulative)
[nb_ridge] solve class 732 87.7s (cumulative)
[nb_ridge] solve class 733 87.8s (cumulative)
[nb_ridge] solve class 734 87.9s (cumulative)
[nb_ridge] solve class 735 88.1s (cumulative)
[nb_ridge] solve class 736 88.2s (cumulative)
[nb_ridge] solve class 737 88.3s (cumulative)
[nb_ridge] solve class 738 88.4s (cumulative)
[nb_ridge] solve class 739 88.6s (cumulative)
[nb_ridge] solve class 740 88.7s (cumulative)
[nb_ridge] solve class 741 88.8s (cumulative)
[nb_ridge] solve class 742 88.9s (cumulative)
[nb_ridge] solve class 743 89.0s (cumulative)
[nb_ridge] solve class 744 89.1s (cumulative)
[nb_ridge] solve class 745 89.3s (cumulative)
[nb_ridge] solve class 746 89.4s (cumulative)
[nb_ridge] solve class 747 89.5s (cumulative)
[nb_ridge] solve class 748 89.6s (cumulative)
[nb_ridge] solve class 749 89.7s (cumulative)
[nb_ridge] solve class 750 89.9s (cumulative)
[nb_ridge] solve class 751 90.0s (cumulative)
[nb_ridge] solve class 752 90.1s (cumulative)
[nb_ridge] solve class 753 90.2s (cumulative)
[nb_ridge] solve class 754 90.3s (cumulative)
[nb_ridge] solve class 755 90.5s (cumulative)
[nb_ridge] solve class 756 90.6s (cumulative)
[nb_ridge] solve class 757 90.7s (cumulative)
[nb_ridge] solve class 758 90.8s (cumulative)
[nb_ridge] solve class 759 90.9s (cumulative)
[nb_ridge] solve class 760 91.1s (cumulative)
[nb_ridge] solve class 761 91.2s (cumulative)
[nb_ridge] solve class 762 91.3s (cumulative)
[nb_ridge] solve class 763 91.4s (cumulative)
[nb_ridge] solve class 764 91.6s (cumulative)
[nb_ridge] solve class 765 91.7s (cumulative)
[nb_ridge] solve class 766 91.8s (cumulative)
[nb_ridge] solve class 767 91.9s (cumulative)
[nb_ridge] solve class 768 92.0s (cumulative)
[nb_ridge] solve class 769 92.2s (cumulative)
[nb_ridge] solve class 770 92.3s (cumulative)
[nb_ridge] solve class 771 92.4s (cumulative)
[nb_ridge] solve class 772 92.5s (cumulative)
[nb_ridge] solve class 773 92.6s (cumulative)
[nb_ridge] solve class 774 92.8s (cumulative)
[nb_ridge] solve class 775 92.9s (cumulative)
[nb_ridge] solve class 776 93.0s (cumulative)
[nb_ridge] solve class 777 93.1s (cumulative)
[nb_ridge] solve class 778 93.2s (cumulative)
[nb_ridge] solve class 779 93.4s (cumulative)
[nb_ridge] solve class 780 93.5s (cumulative)
[nb_ridge] solve class 781 93.6s (cumulative)
[nb_ridge] solve class 782 93.7s (cumulative)
[nb_ridge] solve class 783 93.8s (cumulative)
[nb_ridge] solve class 784 94.0s (cumulative)
[nb_ridge] solve class 785 94.1s (cumulative)
[nb_ridge] solve class 786 94.2s (cumulative)
[nb_ridge] solve class 787 94.3s (cumulative)
[nb_ridge] solve class 788 94.4s (cumulative)
[nb_ridge] solve class 789 94.6s (cumulative)
[nb_ridge] solve class 790 94.7s (cumulative)
[nb_ridge] solve class 791 94.8s (cumulative)
[nb_ridge] solve class 792 94.9s (cumulative)
[nb_ridge] solve class 793 95.0s (cumulative)
[nb_ridge] solve class 794 95.1s (cumulative)
[nb_ridge] solve class 795 95.3s (cumulative)
[nb_ridge] solve class 796 95.4s (cumulative)
[nb_ridge] solve class 797 95.5s (cumulative)
[nb_ridge] solve class 798 95.6s (cumulative)
[nb_ridge] solve class 799 95.7s (cumulative)
[nb_ridge] solve class 800 95.9s (cumulative)
[nb_ridge] solve class 801 96.0s (cumulative)
[nb_ridge] solve class 802 96.1s (cumulative)
[nb_ridge] solve class 803 96.2s (cumulative)
[nb_ridge] solve class 804 96.3s (cumulative)
[nb_ridge] solve class 805 96.5s (cumulative)
[nb_ridge] solve class 806 96.6s (cumulative)
[nb_ridge] solve class 807 96.7s (cumulative)
[nb_ridge] solve class 808 96.8s (cumulative)
[nb_ridge] solve class 809 96.9s (cumulative)
[nb_ridge] solve class 810 97.1s (cumulative)
[nb_ridge] solve class 811 97.2s (cumulative)
[nb_ridge] solve class 812 97.3s (cumulative)
[nb_ridge] solve class 813 97.4s (cumulative)
[nb_ridge] solve class 814 97.5s (cumulative)
[nb_ridge] solve class 815 97.6s (cumulative)
[nb_ridge] solve class 816 97.8s (cumulative)
[nb_ridge] solve class 817 97.9s (cumulative)
[nb_ridge] solve class 818 98.0s (cumulative)
[nb_ridge] solve class 819 98.1s (cumulative)
[nb_ridge] solve class 820 98.2s (cumulative)
[nb_ridge] solve class 821 98.4s (cumulative)
[nb_ridge] solve class 822 98.5s (cumulative)
[nb_ridge] solve class 823 98.6s (cumulative)
[nb_ridge] solve class 824 98.7s (cumulative)
[nb_ridge] solve class 825 98.8s (cumulative)
[nb_ridge] solve class 826 99.0s (cumulative)
[nb_ridge] solve class 827 99.1s (cumulative)
[nb_ridge] solve class 828 99.2s (cumulative)
[nb_ridge] solve class 829 99.3s (cumulative)
[nb_ridge] solve class 830 99.4s (cumulative)
[nb_ridge] solve class 831 99.6s (cumulative)
[nb_ridge] solve class 832 99.7s (cumulative)
[nb_ridge] solve class 833 99.8s (cumulative)
[nb_ridge] solve class 834 99.9s (cumulative)
[nb_ridge] solve class 835 100.0s (cumulative)
[nb_ridge] solve class 836 100.1s (cumulative)
[nb_ridge] solve class 837 100.3s (cumulative)
[nb_ridge] solve class 838 100.4s (cumulative)
[nb_ridge] solve class 839 100.5s (cumulative)
[nb_ridge] solve class 840 100.6s (cumulative)
[nb_ridge] solve class 841 100.7s (cumulative)
    ridge-select: scale 8 → sel-slice acc 0.1950
    ridge-select: selected 0 — the suite's row below is the single test read, at this posture
    readout-report: best-on-cal max_prob (dispatch 0.1354, max_prob 0.0950, inv_entropy 0.1523 vs dispatch 0.1354; margin 0.005; REPORT-ONLY — the arming lever is demoted, Bench 052)
  [issue-039 corpus guard] s1mb_choice: 464 option label(s) with NO train docs in the corpus pool → self-doc fallback (scores nearly uninformative for them): getting_spare_card, verify_my_identity, virtual_card_not_working, disposable_card_limits, reverted_card_payment?, pending_cash_withdrawal, get_physical_card, lost_or_stolen_card, top_up_by_card_charge, extra_charge_on_statement, automatic_top_up, get_disposable_virtual_card, transfer_not_received_by_recipient, request_refund, pending_card_payment, declined_transfer, age_limit, card_payment_fee_charged, verify_source_of_funds, declined_card_payment, card_payment_wrong_exchange_rate, wrong_amount_of_cash_received, atm_support, transaction_charged_twice, wrong_exchange_rate_for_cash_withdrawal, supported_cards_and_currencies, balance_not_updated_after_bank_transfer, card_swallowed, failed_transfer, cancel_transfer, direct_debit_payment_not_recognised, top_up_limits, exchange_via_app, passcode_forgotten, top_up_by_cash_or_cheque, top_up_by_bank_transfer_charge, beneficiary_not_allowed, compromised_card, unable_to_verify_identity, card_not_working, exchange_rate, card_payment_not_recognised, transfer_into_account, cash_withdrawal_charge, card_arrival, card_acceptance, activate_my_card, transfer_timing, terminate_account, topping_up_by_card, cash_withdrawal_not_recognised, getting_virtual_card, country_support, Refund_not_showing_up, balance_not_updated_after_cheque_or_cash_deposit, change_pin, pending_transfer, edit_personal_details, verify_top_up, pending_top_up, why_verify_identity, card_about_to_expire, exchange_charge, transfer_fee_charged, top_up_failed, fiat_currency_support, card_delivery_estimate, rewards_balance, translate, cancel, maybe, restaurant_reviews, repeat, todo_list, flight_status, last_maintenance, pto_balance, directions, restaurant_reservation, confirm_reservation, order_status, tell_joke, oos, calculator, gas_type, travel_suggestion, share_location, shopping_list, change_language, timezone, yes, book_flight, payday, no, meeting_schedule, do_you_have_pets, order, credit_limit_change, recipe, calendar_update, improve_credit_score, pin_change, update_playlist, cancel_reservation, date, measurement_conversion, definition, oil_change_how, whisper_mode, flip_coin, find_phone, todo_list_update, redeem_rewards, change_user_name, change_ai_name, min_payment, spelling, how_busy, change_accent, schedule_meeting, food_last, international_fees, book_hotel, where_are_you_from, change_volume, are_you_a_bot, tire_change, ingredients_list, current_location, goodbye, insurance_change, w2, pto_used, new_card, traffic, balance, fun_fact, ingredient_substitution, transfer, freeze_account, schedule_maintenance, thank_you, what_is_your_name, gas, vaccines, accept_reservations, transactions, cook_time, distance, routing, report_lost_card, next_song, carry_on, what_song, travel_notification, apr, nutrition_info, who_made_you, next_holiday, bill_balance, reminder_update, how_old_are_you, mpg, rollover_401k, account_blocked, plug_type, card_declined, smart_home, meal_suggestion, direct_deposit, sync_device, pay_bill, uber, pto_request_status, taxes, order_checks, greeting, income, spending_history, calories, reset_settings, expiration_date, tire_pressure, meaning_of_life, make_call, insurance, restaurant_suggestion, interest_rate, credit_limit, bill_due, who_do_you_work_for, report_fraud, roll_dice, change_speed, damaged_card, shopping_list_update, what_are_your_hobbies, lost_luggage, oil_change_when, text, travel_alert, car_rental, international_visa, application_status, jump_start, credit_score, what_can_i_ask_you, replacement_card_duration, pto_request, national_id, company_name, account_number, password, url, -47, -4, 14, 34, 24, 5760, 5756, 5750, 5765, 33, -2, 8, 12, 29, 16, 52, -5, 17, 72, 80, 78, 103, 98, 48, 200, 150, 180, 196, 64, 114, 59, 84, 38, 63, 43, 32, 21, 20, -18, 27, 149, 197, 172, 147, 88, 93, -1, -3, 350, 397, 400, 375, 248, 254, 255, 251, 6580, 6598, 6600, 6593, 293, 305, 288, 13997, 14000, 13993, 14007, -33, 475, 504, 501, 500, 11, 40, 90, 70, 89, 1198, 1194, 1202, 1173, 297, 310, -15, -10, 71, 121, -21, 36, 122, 128, 125, 190, 207, 47, 39, 92, 130, 76, 195, 41, 46, 283, 273, 44, 18, -8, 62, 5, 55, play game, iot coffee, transport traffic, calendar query, qa factoid, play audiobook, iot cleaning, alarm remove, general negate, recommendation events, alarm set, play podcasts, transport query, general commandstop, iot wemo off, music settings, general explain, lists query, general joke, iot hue lightup, email query, takeaway query, play radio, lists remove, music query, recommendation movies, close_no_action, delivery, stop, harmful, qa_stock, recommendation_movies, audio_volume_up, play_audiobook, recommendation_locations, cooking_recipe, datetime_convert, cooking_query, qa_currency, weather_query, music_query, iot_hue_lightdim, iot_hue_lightup, qa_definition, audio_volume_down, general_greet, iot_hue_lightoff, alarm_set, general_quirky, play_podcasts, email_addcontact, cooking, IN:LIKE_MUSIC, IN:GET_RECIPES, IN:GET_TIMER, IN:CREATE_PLAYLIST_MUSIC, IN:PAUSE_MUSIC, IN:SET_DEFAULT_PROVIDER_CALLING, IN:SWITCH_CALL, IN:SET_UNAVAILABLE, IN:GET_EDUCATION_DEGREE, IN:GET_MAJOR, IN:GET_TRACK_INFO_MUSIC, IN:GET_ATTENDEE_EVENT, IN:UPDATE_METHOD_CALL, IN:GET_AVAILABILITY, IN:GET_EMPLOYMENT_TIME, IN:GET_REMINDER_DATE_TIME, IN:CREATE_REMINDER, IN:SKIP_TRACK_MUSIC, IN:GET_AGE, IN:GET_LIFE_EVENT, IN:STOP_SHUFFLE_MUSIC, IN:GET_CALL, IN:MERGE_CALL, IN:DELETE_ALARM, IN:UNLOOP_MUSIC, IN:SET_DEFAULT_PROVIDER_MUSIC, IN:RESUME_CALL, IN:CREATE_CALL, IN:GET_CALL_TIME, IN:GET_CONTACT_METHOD, IN:GET_UNDERGRAD, IN:GET_GENDER, IN:SHARE_EVENT, IN:RESTART_TIMER, IN:SET_RSVP_INTERESTED, IN:QUESTION_NEWS, IN:GET_DETAILS_NEWS, IN:ADD_TIME_TIMER, IN:GET_MESSAGE_CONTACT, IN:ANSWER_CALL, IN:SET_AVAILABLE, IN:UPDATE_REMINDER_LOCATION, IN:REMOVE_FROM_PLAYLIST_MUSIC, IN:PLAY_MEDIA, IN:HOLD_CALL, IN:GET_STORIES_NEWS, IN:GET_EVENT, IN:FOLLOW_MUSIC, IN:GET_AIRQUALITY, IN:CANCEL_CALL, IN:GET_REMINDER_AMOUNT, IN:GET_WEATHER, IN:UPDATE_REMINDER_DATE_TIME, IN:CANCEL_MESSAGE, IN:IS_TRUE_RECIPES, IN:GET_GROUP, IN:PAUSE_TIMER, IN:DISPREFER, IN:CREATE_TIMER, option_9, option_10, option_11, option_12, option_13, option_14, option_15, mixed, SearchHotel, MakePayment, RequestPayment, GetTimesForMovie, BuyMovieTickets, FindRestaurants, SearchHouse, SearchOnewayFlight, LookupMusic, AddAlarm, GetWeather, GetRide, ShareLocation, teacher, supervisor, clerk, lawyer, baker, carpenter, developer, auditor
    modelless: acc 0.2296 · ece(maxp) 0.0437 · p50 0.373 ms · 558.8 s
═══ suite s1mb_noul ═══
    6173 cases / 6173 questions · 2 domains
    slice-integrity: test 6173 (fnv1a64-84180b47f6a27e92) · cal 200 (fnv1a64-8ef8b387238526af) · pool 5974 (fnv1a64-bae132b5e4d2771b) · OK
    nb-select: stratified slice 200 case(s); corpora pool 5974 → 5736 doc(s)
    nb-select: scale 0 (off) → sel-slice acc 0.5000
    nb-select: scale 1 α observed-laplace noul-yes Some(0) view bag → sel-slice acc 0.5150
    nb-select: scale 4 α observed-laplace noul-yes Some(0) view bag → sel-slice acc 0.5150
    nb-select: scale 16 α observed-laplace noul-yes Some(0) view bag → sel-slice acc 0.5150
    nb-select: scale 32 α observed-laplace noul-yes Some(0) view bag → sel-slice acc 0.5150
    nb-select: scale 64 α observed-laplace noul-yes Some(0) view bag → sel-slice acc 0.5150
    nb-select: scale 1 α fixed-1 noul-yes Some(0) view bag → sel-slice acc 0.5300
    nb-select: scale 4 α fixed-1 noul-yes Some(0) view bag → sel-slice acc 0.5300
    nb-select: scale 16 α fixed-1 noul-yes Some(0) view bag → sel-slice acc 0.5300
    nb-select: scale 32 α fixed-1 noul-yes Some(0) view bag → sel-slice acc 0.5300
    nb-select: scale 64 α fixed-1 noul-yes Some(0) view bag → sel-slice acc 0.5300
    nb-select: scale 1 α observed-laplace noul-yes Some(1) view bag → sel-slice acc 0.4850
    nb-select: scale 4 α observed-laplace noul-yes Some(1) view bag → sel-slice acc 0.4850
    nb-select: scale 16 α observed-laplace noul-yes Some(1) view bag → sel-slice acc 0.4850
    nb-select: scale 32 α observed-laplace noul-yes Some(1) view bag → sel-slice acc 0.4850
    nb-select: scale 64 α observed-laplace noul-yes Some(1) view bag → sel-slice acc 0.4850
    nb-select: scale 1 α fixed-1 noul-yes Some(1) view bag → sel-slice acc 0.4700
    nb-select: scale 4 α fixed-1 noul-yes Some(1) view bag → sel-slice acc 0.4700
    nb-select: scale 16 α fixed-1 noul-yes Some(1) view bag → sel-slice acc 0.4700
    nb-select: scale 32 α fixed-1 noul-yes Some(1) view bag → sel-slice acc 0.4700
    nb-select: scale 64 α fixed-1 noul-yes Some(1) view bag → sel-slice acc 0.4700
    nb-select: selected scale 0 α off noul-yes None — the suite's row below is the single test read, at this posture
    oc-select: DECLINED — the suite's train rows carry no per-question gold events to condition on (baseline posture holds, byte-identical)
    ridge-select: stratified slice 200 case(s); corpora pool 5974 → 5736 doc(s)
    ridge-select: scale 0 (off) → sel-slice acc 0.5000
[nb_ridge] tokenize+counts 0.0s (128 docs, 2 classes)
[nb_ridge] solve class 0 0.1s (cumulative)
[nb_ridge] solve class 1 0.2s (cumulative)
    ridge-select: scale 0.5 → sel-slice acc 0.5000
[nb_ridge] tokenize+counts 0.0s (128 docs, 2 classes)
[nb_ridge] solve class 0 0.1s (cumulative)
[nb_ridge] solve class 1 0.2s (cumulative)
    ridge-select: scale 1 → sel-slice acc 0.5000
[nb_ridge] tokenize+counts 0.0s (128 docs, 2 classes)
[nb_ridge] solve class 0 0.1s (cumulative)
[nb_ridge] solve class 1 0.2s (cumulative)
    ridge-select: scale 2 → sel-slice acc 0.5000
[nb_ridge] tokenize+counts 0.0s (128 docs, 2 classes)
[nb_ridge] solve class 0 0.1s (cumulative)
[nb_ridge] solve class 1 0.2s (cumulative)
    ridge-select: scale 4 → sel-slice acc 0.5000
[nb_ridge] tokenize+counts 0.0s (128 docs, 2 classes)
[nb_ridge] solve class 0 0.1s (cumulative)
[nb_ridge] solve class 1 0.2s (cumulative)
    ridge-select: scale 8 → sel-slice acc 0.5000
    ridge-select: selected 0 — the suite's row below is the single test read, at this posture
    readout-report: best-on-cal max_prob (dispatch 0.1200, max_prob 0.0016, inv_entropy 0.1200 vs dispatch 0.1200; margin 0.005; REPORT-ONLY — the arming lever is demoted, Bench 052)
    modelless: acc 0.7055 · ece(maxp) 0.2042 · p50 0.291 ms · 5.9 s
═══ suite s1mb_score ═══
    2571 cases / 2571 questions · 10 domains
    slice-integrity: test 2574 (fnv1a64-49574479b2c3dc4d) · cal 200 (fnv1a64-f36037b81b6b2013) · pool 2374 (fnv1a64-345fee4f7512445c) · cal missing 5: 5,6,7,8,9 · pool missing 5: 5,6,7,8,9 · OK
    nb-select: stratified slice 198 case(s); corpora pool 2374 → 2173 doc(s)
    nb-select: scale 0 (off) → sel-slice acc 0.2172
    nb-select: scale 1 α observed-laplace noul-yes None view bag → sel-slice acc 0.2172
    nb-select: scale 4 α observed-laplace noul-yes None view bag → sel-slice acc 0.2172
    nb-select: scale 16 α observed-laplace noul-yes None view bag → sel-slice acc 0.2172
    nb-select: scale 32 α observed-laplace noul-yes None view bag → sel-slice acc 0.2172
    nb-select: scale 64 α observed-laplace noul-yes None view bag → sel-slice acc 0.2172
    nb-select: scale 1 α fixed-1 noul-yes None view bag → sel-slice acc 0.2172
    nb-select: scale 4 α fixed-1 noul-yes None view bag → sel-slice acc 0.2172
    nb-select: scale 16 α fixed-1 noul-yes None view bag → sel-slice acc 0.2172
    nb-select: scale 32 α fixed-1 noul-yes None view bag → sel-slice acc 0.2172
    nb-select: scale 64 α fixed-1 noul-yes None view bag → sel-slice acc 0.2172
    nb-select: selected scale 0 α off noul-yes None — the suite's row below is the single test read, at this posture
    oc-select: DECLINED — the suite's train rows carry no per-question gold events to condition on (baseline posture holds, byte-identical)
    ridge-select: stratified slice 198 case(s); corpora pool 2374 → 2173 doc(s)
    ridge-select: scale 0 (off) → sel-slice acc 0.2172
[nb_ridge] tokenize+counts 0.0s (85 docs, 10 classes)
[nb_ridge] solve class 0 0.1s (cumulative)
[nb_ridge] solve class 1 0.2s (cumulative)
[nb_ridge] solve class 2 0.4s (cumulative)
[nb_ridge] solve class 3 0.5s (cumulative)
[nb_ridge] solve class 4 0.6s (cumulative)
[nb_ridge] solve class 5 0.7s (cumulative)
[nb_ridge] solve class 6 0.8s (cumulative)
[nb_ridge] solve class 7 1.0s (cumulative)
[nb_ridge] solve class 8 1.1s (cumulative)
[nb_ridge] solve class 9 1.2s (cumulative)
    ridge-select: scale 0.5 → sel-slice acc 0.2172
[nb_ridge] tokenize+counts 0.0s (85 docs, 10 classes)
[nb_ridge] solve class 0 0.1s (cumulative)
[nb_ridge] solve class 1 0.2s (cumulative)
[nb_ridge] solve class 2 0.4s (cumulative)
[nb_ridge] solve class 3 0.5s (cumulative)
[nb_ridge] solve class 4 0.6s (cumulative)
[nb_ridge] solve class 5 0.7s (cumulative)
[nb_ridge] solve class 6 0.8s (cumulative)
[nb_ridge] solve class 7 1.0s (cumulative)
[nb_ridge] solve class 8 1.1s (cumulative)
[nb_ridge] solve class 9 1.2s (cumulative)
    ridge-select: scale 1 → sel-slice acc 0.2172
[nb_ridge] tokenize+counts 0.0s (85 docs, 10 classes)
[nb_ridge] solve class 0 0.1s (cumulative)
[nb_ridge] solve class 1 0.2s (cumulative)
[nb_ridge] solve class 2 0.4s (cumulative)
[nb_ridge] solve class 3 0.5s (cumulative)
[nb_ridge] solve class 4 0.6s (cumulative)
[nb_ridge] solve class 5 0.7s (cumulative)
[nb_ridge] solve class 6 0.8s (cumulative)
[nb_ridge] solve class 7 1.0s (cumulative)
[nb_ridge] solve class 8 1.1s (cumulative)
[nb_ridge] solve class 9 1.2s (cumulative)
    ridge-select: scale 2 → sel-slice acc 0.2172
[nb_ridge] tokenize+counts 0.0s (85 docs, 10 classes)
[nb_ridge] solve class 0 0.1s (cumulative)
[nb_ridge] solve class 1 0.2s (cumulative)
[nb_ridge] solve class 2 0.4s (cumulative)
[nb_ridge] solve class 3 0.5s (cumulative)
[nb_ridge] solve class 4 0.6s (cumulative)
[nb_ridge] solve class 5 0.7s (cumulative)
[nb_ridge] solve class 6 0.8s (cumulative)
[nb_ridge] solve class 7 1.0s (cumulative)
[nb_ridge] solve class 8 1.1s (cumulative)
[nb_ridge] solve class 9 1.2s (cumulative)
    ridge-select: scale 4 → sel-slice acc 0.2172
[nb_ridge] tokenize+counts 0.0s (85 docs, 10 classes)
[nb_ridge] solve class 0 0.1s (cumulative)
[nb_ridge] solve class 1 0.2s (cumulative)
[nb_ridge] solve class 2 0.4s (cumulative)
[nb_ridge] solve class 3 0.5s (cumulative)
[nb_ridge] solve class 4 0.6s (cumulative)
[nb_ridge] solve class 5 0.7s (cumulative)
[nb_ridge] solve class 6 0.8s (cumulative)
[nb_ridge] solve class 7 1.0s (cumulative)
[nb_ridge] solve class 8 1.1s (cumulative)
[nb_ridge] solve class 9 1.2s (cumulative)
    ridge-select: scale 8 → sel-slice acc 0.2172
    ridge-select: selected 0 — the suite's row below is the single test read, at this posture
    readout-report: best-on-cal dispatch (dispatch 0.0007, max_prob 0.0542, inv_entropy 0.0000 vs dispatch 0.0007; margin 0.005; REPORT-ONLY — the arming lever is demoted, Bench 052)
  [issue-039 corpus guard] s1mb_score: 5 option label(s) with NO train docs in the corpus pool → self-doc fallback (scores nearly uninformative for them): 5, 6, 7, 8, 9
    modelless: acc 0.4982 · ece(maxp) 0.2923 · p50 0.245 ms · 9 s
═══ suite typed_decisions ═══
    400 cases / 2000 questions · 4 domains
    slice-integrity: test 400 (fnv1a64-287d5f73a11932cd) · cal 100 (fnv1a64-0b6e8426558b0d1e) · pool 1100 (fnv1a64-a1679de56e9278b1) · OK
    nb-select: stratified slice 100 case(s); corpora pool 1100 → 1000 doc(s)
    nb-select: scale 0 (off) → sel-slice acc 0.3180
    nb-select: scale 1 α observed-laplace noul-yes None view bag → sel-slice acc 0.3180
    nb-select: scale 4 α observed-laplace noul-yes None view bag → sel-slice acc 0.3180
    nb-select: scale 16 α observed-laplace noul-yes None view bag → sel-slice acc 0.3180
    nb-select: scale 32 α observed-laplace noul-yes None view bag → sel-slice acc 0.3180
    nb-select: scale 64 α observed-laplace noul-yes None view bag → sel-slice acc 0.3180
    nb-select: scale 1 α fixed-1 noul-yes None view bag → sel-slice acc 0.3180
    nb-select: scale 4 α fixed-1 noul-yes None view bag → sel-slice acc 0.3180
    nb-select: scale 16 α fixed-1 noul-yes None view bag → sel-slice acc 0.3180
    nb-select: scale 32 α fixed-1 noul-yes None view bag → sel-slice acc 0.3180
    nb-select: scale 64 α fixed-1 noul-yes None view bag → sel-slice acc 0.3180
    nb-select: selected scale 0 α off noul-yes None — the suite's row below is the single test read, at this posture
    oc-select: stratified slice 100 case(s); corpora pool 1100 → 1000 doc(s)
    oc-select: scale 0 (off) → sel-slice acc 0.3180
    oc-select: scale 0.25 → sel-slice acc 0.5400
    oc-select: scale 0.5 → sel-slice acc 0.5320
    oc-select: scale 1 → sel-slice acc 0.5360
    oc-select: scale 2 → sel-slice acc 0.5360
    oc-select: scale 4 → sel-slice acc 0.5380
    oc-select: scale 8 → sel-slice acc 0.5360
    oc-select: selected 0.25 — the suite's row below is the single test read, at this posture
    ridge-select: stratified slice 100 case(s); corpora pool 1100 → 1000 doc(s)
    ridge-select: scale 0 (off) → sel-slice acc 0.5400
[nb_ridge] tokenize+counts 0.0s (192 docs, 4 classes)
[nb_ridge] solve class 0 0.1s (cumulative)
[nb_ridge] solve class 1 0.2s (cumulative)
[nb_ridge] solve class 2 0.4s (cumulative)
[nb_ridge] solve class 3 0.5s (cumulative)
    ridge-select: scale 0.5 → sel-slice acc 0.5400
[nb_ridge] tokenize+counts 0.0s (192 docs, 4 classes)
[nb_ridge] solve class 0 0.1s (cumulative)
[nb_ridge] solve class 1 0.2s (cumulative)
[nb_ridge] solve class 2 0.4s (cumulative)
[nb_ridge] solve class 3 0.5s (cumulative)
    ridge-select: scale 1 → sel-slice acc 0.5400
[nb_ridge] tokenize+counts 0.0s (192 docs, 4 classes)
[nb_ridge] solve class 0 0.1s (cumulative)
[nb_ridge] solve class 1 0.2s (cumulative)
[nb_ridge] solve class 2 0.4s (cumulative)
[nb_ridge] solve class 3 0.5s (cumulative)
    ridge-select: scale 2 → sel-slice acc 0.5400
[nb_ridge] tokenize+counts 0.0s (192 docs, 4 classes)
[nb_ridge] solve class 0 0.1s (cumulative)
[nb_ridge] solve class 1 0.2s (cumulative)
[nb_ridge] solve class 2 0.4s (cumulative)
[nb_ridge] solve class 3 0.5s (cumulative)
    ridge-select: scale 4 → sel-slice acc 0.5400
[nb_ridge] tokenize+counts 0.0s (192 docs, 4 classes)
[nb_ridge] solve class 0 0.1s (cumulative)
[nb_ridge] solve class 1 0.2s (cumulative)
[nb_ridge] solve class 2 0.4s (cumulative)
[nb_ridge] solve class 3 0.5s (cumulative)
    ridge-select: scale 8 → sel-slice acc 0.5400
    ridge-select: selected 0 — the suite's row below is the single test read, at this posture
    readout-report: best-on-cal max_prob (dispatch 0.5529, max_prob 0.2031, inv_entropy 0.5529 vs dispatch 0.5529; margin 0.005; REPORT-ONLY — the arming lever is demoted, Bench 052)
    modelless: acc 0.5700 · ece(maxp) 0.2154 · p50 0.762 ms · 6.5 s
═══ suite ag_news ═══
    400 cases / 400 questions · 4 domains
    slice-integrity: test 400 (fnv1a64-238133933bb8d6fc) · cal 200 (fnv1a64-96c58e69e7c6048e) · pool 19800 (fnv1a64-996876e41929dc33) · OK
    nb-select: stratified slice 200 case(s); corpora pool 19800 → 19600 doc(s)
    nb-select: scale 0 (off) → sel-slice acc 0.3900
    nb-select: scale 1 α observed-laplace noul-yes None view bag → sel-slice acc 0.7000
    nb-select: scale 4 α observed-laplace noul-yes None view bag → sel-slice acc 0.7450
    nb-select: scale 16 α observed-laplace noul-yes None view bag → sel-slice acc 0.7450
    nb-select: scale 32 α observed-laplace noul-yes None view bag → sel-slice acc 0.7450
    nb-select: scale 64 α observed-laplace noul-yes None view bag → sel-slice acc 0.7450
    nb-select: scale 1 α fixed-1 noul-yes None view bag → sel-slice acc 0.7000
    nb-select: scale 4 α fixed-1 noul-yes None view bag → sel-slice acc 0.7450
    nb-select: scale 16 α fixed-1 noul-yes None view bag → sel-slice acc 0.7450
    nb-select: scale 32 α fixed-1 noul-yes None view bag → sel-slice acc 0.7450
    nb-select: scale 64 α fixed-1 noul-yes None view bag → sel-slice acc 0.7450
    nb-select: selected scale 4 α observed-laplace noul-yes None — the suite's row below is the single test read, at this posture
    oc-select: DECLINED — the suite's train rows carry no per-question gold events to condition on (baseline posture holds, byte-identical)
    ridge-select: stratified slice 200 case(s); corpora pool 19800 → 19600 doc(s)
    ridge-select: scale 0 (off) → sel-slice acc 0.7450
[nb_ridge] tokenize+counts 0.0s (19600 docs, 4 classes)
[nb_ridge] solve class 0 0.2s (cumulative)
[nb_ridge] solve class 1 0.3s (cumulative)
[nb_ridge] solve class 2 0.4s (cumulative)
[nb_ridge] solve class 3 0.5s (cumulative)
    ridge-select: scale 0.5 → sel-slice acc 0.7350
[nb_ridge] tokenize+counts 0.0s (19600 docs, 4 classes)
[nb_ridge] solve class 0 0.2s (cumulative)
[nb_ridge] solve class 1 0.3s (cumulative)
[nb_ridge] solve class 2 0.4s (cumulative)
[nb_ridge] solve class 3 0.6s (cumulative)
    ridge-select: scale 1 → sel-slice acc 0.7350
[nb_ridge] tokenize+counts 0.0s (19600 docs, 4 classes)
[nb_ridge] solve class 0 0.2s (cumulative)
[nb_ridge] solve class 1 0.3s (cumulative)
[nb_ridge] solve class 2 0.4s (cumulative)
[nb_ridge] solve class 3 0.5s (cumulative)
    ridge-select: scale 2 → sel-slice acc 0.7400
[nb_ridge] tokenize+counts 0.0s (19600 docs, 4 classes)
[nb_ridge] solve class 0 0.2s (cumulative)
[nb_ridge] solve class 1 0.3s (cumulative)
[nb_ridge] solve class 2 0.4s (cumulative)
[nb_ridge] solve class 3 0.5s (cumulative)
    ridge-select: scale 4 → sel-slice acc 0.7350
[nb_ridge] tokenize+counts 0.0s (19600 docs, 4 classes)
[nb_ridge] solve class 0 0.2s (cumulative)
[nb_ridge] solve class 1 0.3s (cumulative)
[nb_ridge] solve class 2 0.4s (cumulative)
[nb_ridge] solve class 3 0.6s (cumulative)
    ridge-select: scale 8 → sel-slice acc 0.7400
    ridge-select: selected 0 — the suite's row below is the single test read, at this posture
    readout-report: best-on-cal max_prob (dispatch 0.8204, max_prob 0.4857, inv_entropy 0.8204 vs dispatch 0.8204; margin 0.005; REPORT-ONLY — the arming lever is demoted, Bench 052)
    modelless: acc 0.8825 · ece(maxp) 0.4783 · p50 0.143 ms · 4.3 s
═══ suite emotion ═══
    400 cases / 400 questions · 6 domains
    slice-integrity: test 400 (fnv1a64-36f3eb1067bed96a) · cal 200 (fnv1a64-f2ec48ed7070889c) · pool 15799 (fnv1a64-8ef2b2af400721fd) · OK
    nb-select: stratified slice 200 case(s); corpora pool 15799 → 15599 doc(s)
    nb-select: scale 0 (off) → sel-slice acc 0.1950
    nb-select: scale 1 α observed-laplace noul-yes None view bag → sel-slice acc 0.5350
    nb-select: scale 4 α observed-laplace noul-yes None view bag → sel-slice acc 0.5500
    nb-select: scale 16 α observed-laplace noul-yes None view bag → sel-slice acc 0.5500
    nb-select: scale 32 α observed-laplace noul-yes None view bag → sel-slice acc 0.5500
    nb-select: scale 64 α observed-laplace noul-yes None view bag → sel-slice acc 0.5500
    nb-select: scale 1 α fixed-1 noul-yes None view bag → sel-slice acc 0.4650
    nb-select: scale 4 α fixed-1 noul-yes None view bag → sel-slice acc 0.4850
    nb-select: scale 16 α fixed-1 noul-yes None view bag → sel-slice acc 0.4850
    nb-select: scale 32 α fixed-1 noul-yes None view bag → sel-slice acc 0.4850
    nb-select: scale 64 α fixed-1 noul-yes None view bag → sel-slice acc 0.4850
    nb-select: selected scale 4 α observed-laplace noul-yes None — the suite's row below is the single test read, at this posture
    oc-select: DECLINED — the suite's train rows carry no per-question gold events to condition on (baseline posture holds, byte-identical)
    ridge-select: stratified slice 200 case(s); corpora pool 15799 → 15599 doc(s)
    ridge-select: scale 0 (off) → sel-slice acc 0.5500
[nb_ridge] tokenize+counts 0.0s (15599 docs, 6 classes)
[nb_ridge] solve class 0 0.2s (cumulative)
[nb_ridge] solve class 1 0.3s (cumulative)
[nb_ridge] solve class 2 0.4s (cumulative)
[nb_ridge] solve class 3 0.5s (cumulative)
[nb_ridge] solve class 4 0.6s (cumulative)
[nb_ridge] solve class 5 0.7s (cumulative)
    ridge-select: scale 0.5 → sel-slice acc 0.5800
[nb_ridge] tokenize+counts 0.0s (15599 docs, 6 classes)
[nb_ridge] solve class 0 0.2s (cumulative)
[nb_ridge] solve class 1 0.3s (cumulative)
[nb_ridge] solve class 2 0.4s (cumulative)
[nb_ridge] solve class 3 0.5s (cumulative)
[nb_ridge] solve class 4 0.6s (cumulative)
[nb_ridge] solve class 5 0.7s (cumulative)
    ridge-select: scale 1 → sel-slice acc 0.6400
[nb_ridge] tokenize+counts 0.0s (15599 docs, 6 classes)
[nb_ridge] solve class 0 0.2s (cumulative)
[nb_ridge] solve class 1 0.3s (cumulative)
[nb_ridge] solve class 2 0.4s (cumulative)
[nb_ridge] solve class 3 0.5s (cumulative)
[nb_ridge] solve class 4 0.6s (cumulative)
[nb_ridge] solve class 5 0.7s (cumulative)
    ridge-select: scale 2 → sel-slice acc 0.6900
[nb_ridge] tokenize+counts 0.0s (15599 docs, 6 classes)
[nb_ridge] solve class 0 0.2s (cumulative)
[nb_ridge] solve class 1 0.3s (cumulative)
[nb_ridge] solve class 2 0.4s (cumulative)
[nb_ridge] solve class 3 0.5s (cumulative)
[nb_ridge] solve class 4 0.6s (cumulative)
[nb_ridge] solve class 5 0.7s (cumulative)
    ridge-select: scale 4 → sel-slice acc 0.7350
[nb_ridge] tokenize+counts 0.0s (15599 docs, 6 classes)
[nb_ridge] solve class 0 0.2s (cumulative)
[nb_ridge] solve class 1 0.3s (cumulative)
[nb_ridge] solve class 2 0.4s (cumulative)
[nb_ridge] solve class 3 0.5s (cumulative)
[nb_ridge] solve class 4 0.6s (cumulative)
[nb_ridge] solve class 5 0.7s (cumulative)
    ridge-select: scale 8 → sel-slice acc 0.7600
    ridge-select: selected 8 — the suite's row below is the single test read, at this posture
[nb_ridge] tokenize+counts 0.0s (15799 docs, 6 classes)
[nb_ridge] solve class 0 0.2s (cumulative)
[nb_ridge] solve class 1 0.3s (cumulative)
[nb_ridge] solve class 2 0.4s (cumulative)
[nb_ridge] solve class 3 0.5s (cumulative)
[nb_ridge] solve class 4 0.6s (cumulative)
[nb_ridge] solve class 5 0.7s (cumulative)
[nb_ridge] tokenize+counts 0.0s (15799 docs, 6 classes)
[nb_ridge] solve class 0 0.2s (cumulative)
[nb_ridge] solve class 1 0.3s (cumulative)
[nb_ridge] solve class 2 0.4s (cumulative)
[nb_ridge] solve class 3 0.5s (cumulative)
[nb_ridge] solve class 4 0.6s (cumulative)
[nb_ridge] solve class 5 0.7s (cumulative)
    readout-report: best-on-cal max_prob (dispatch 0.7589, max_prob 0.5274, inv_entropy 0.7589 vs dispatch 0.7589; margin 0.005; REPORT-ONLY — the arming lever is demoted, Bench 052)
[nb_ridge] tokenize+counts 0.0s (15799 docs, 6 classes)
[nb_ridge] solve class 0 0.2s (cumulative)
[nb_ridge] solve class 1 0.3s (cumulative)
[nb_ridge] solve class 2 0.4s (cumulative)
[nb_ridge] solve class 3 0.5s (cumulative)
[nb_ridge] solve class 4 0.6s (cumulative)
[nb_ridge] solve class 5 0.8s (cumulative)
[nb_ridge] tokenize+counts 0.0s (15799 docs, 6 classes)
[nb_ridge] solve class 0 0.2s (cumulative)
[nb_ridge] solve class 1 0.3s (cumulative)
[nb_ridge] solve class 2 0.4s (cumulative)
[nb_ridge] solve class 3 0.5s (cumulative)
[nb_ridge] solve class 4 0.6s (cumulative)
[nb_ridge] solve class 5 0.8s (cumulative)
[nb_ridge] tokenize+counts 0.0s (15799 docs, 6 classes)
[nb_ridge] solve class 0 0.2s (cumulative)
[nb_ridge] solve class 1 0.3s (cumulative)
[nb_ridge] solve class 2 0.4s (cumulative)
[nb_ridge] solve class 3 0.5s (cumulative)
[nb_ridge] solve class 4 0.6s (cumulative)
[nb_ridge] solve class 5 0.7s (cumulative)
[nb_ridge] tokenize+counts 0.0s (15999 docs, 6 classes)
[nb_ridge] solve class 0 0.2s (cumulative)
[nb_ridge] solve class 1 0.3s (cumulative)
[nb_ridge] solve class 2 0.4s (cumulative)
[nb_ridge] solve class 3 0.5s (cumulative)
[nb_ridge] solve class 4 0.6s (cumulative)
[nb_ridge] solve class 5 0.7s (cumulative)
[nb_ridge] tokenize+counts 0.0s (15999 docs, 6 classes)
[nb_ridge] solve class 0 0.2s (cumulative)
[nb_ridge] solve class 1 0.3s (cumulative)
[nb_ridge] solve class 2 0.4s (cumulative)
[nb_ridge] solve class 3 0.5s (cumulative)
[nb_ridge] solve class 4 0.6s (cumulative)
[nb_ridge] solve class 5 0.8s (cumulative)
    modelless: acc 0.8850 · ece(maxp) 0.6182 · p50 0.110 ms · 10 s
═══ suite sst5 ═══
    600 cases / 600 questions · 5 domains
    slice-integrity: test 600 (fnv1a64-67fe9666fa0c3a6f) · cal 200 (fnv1a64-d210e7c6707c3d40) · pool 8333 (fnv1a64-b46434b82644c53b) · OK
    nb-select: stratified slice 200 case(s); corpora pool 8333 → 8133 doc(s)
    nb-select: scale 0 (off) → sel-slice acc 0.2400
    nb-select: scale 1 α observed-laplace noul-yes None view bag → sel-slice acc 0.3300
    nb-select: scale 4 α observed-laplace noul-yes None view bag → sel-slice acc 0.3550
    nb-select: scale 16 α observed-laplace noul-yes None view bag → sel-slice acc 0.3600
    nb-select: scale 32 α observed-laplace noul-yes None view bag → sel-slice acc 0.3600
    nb-select: scale 64 α observed-laplace noul-yes None view bag → sel-slice acc 0.3600
    nb-select: scale 1 α fixed-1 noul-yes None view bag → sel-slice acc 0.3150
    nb-select: scale 4 α fixed-1 noul-yes None view bag → sel-slice acc 0.3400
    nb-select: scale 16 α fixed-1 noul-yes None view bag → sel-slice acc 0.3400
    nb-select: scale 32 α fixed-1 noul-yes None view bag → sel-slice acc 0.3350
    nb-select: scale 64 α fixed-1 noul-yes None view bag → sel-slice acc 0.3350
    nb-select: selected scale 16 α observed-laplace noul-yes None — the suite's row below is the single test read, at this posture
    oc-select: DECLINED — the suite's train rows carry no per-question gold events to condition on (baseline posture holds, byte-identical)
    ridge-select: stratified slice 200 case(s); corpora pool 8333 → 8133 doc(s)
    ridge-select: scale 0 (off) → sel-slice acc 0.3600
[nb_ridge] tokenize+counts 0.0s (8133 docs, 5 classes)
[nb_ridge] solve class 0 0.1s (cumulative)
[nb_ridge] solve class 1 0.3s (cumulative)
[nb_ridge] solve class 2 0.4s (cumulative)
[nb_ridge] solve class 3 0.5s (cumulative)
[nb_ridge] solve class 4 0.6s (cumulative)
    ridge-select: scale 0.5 → sel-slice acc 0.3550
[nb_ridge] tokenize+counts 0.0s (8133 docs, 5 classes)
[nb_ridge] solve class 0 0.1s (cumulative)
[nb_ridge] solve class 1 0.3s (cumulative)
[nb_ridge] solve class 2 0.4s (cumulative)
[nb_ridge] solve class 3 0.5s (cumulative)
[nb_ridge] solve class 4 0.6s (cumulative)
    ridge-select: scale 1 → sel-slice acc 0.3600
[nb_ridge] tokenize+counts 0.0s (8133 docs, 5 classes)
[nb_ridge] solve class 0 0.1s (cumulative)
[nb_ridge] solve class 1 0.3s (cumulative)
[nb_ridge] solve class 2 0.4s (cumulative)
[nb_ridge] solve class 3 0.5s (cumulative)
[nb_ridge] solve class 4 0.6s (cumulative)
    ridge-select: scale 2 → sel-slice acc 0.3700
[nb_ridge] tokenize+counts 0.0s (8133 docs, 5 classes)
[nb_ridge] solve class 0 0.1s (cumulative)
[nb_ridge] solve class 1 0.3s (cumulative)
[nb_ridge] solve class 2 0.4s (cumulative)
[nb_ridge] solve class 3 0.5s (cumulative)
[nb_ridge] solve class 4 0.6s (cumulative)
    ridge-select: scale 4 → sel-slice acc 0.3900
[nb_ridge] tokenize+counts 0.0s (8133 docs, 5 classes)
[nb_ridge] solve class 0 0.1s (cumulative)
[nb_ridge] solve class 1 0.3s (cumulative)
[nb_ridge] solve class 2 0.4s (cumulative)
[nb_ridge] solve class 3 0.5s (cumulative)
[nb_ridge] solve class 4 0.6s (cumulative)
    ridge-select: scale 8 → sel-slice acc 0.4000
    ridge-select: selected 0 — the suite's row below is the single test read, at this posture
    readout-report: best-on-cal max_prob (dispatch 0.2755, max_prob 0.0465, inv_entropy 0.2755 vs dispatch 0.2755; margin 0.005; REPORT-ONLY — the arming lever is demoted, Bench 052)
    modelless: acc 0.3967 · ece(maxp) 0.1389 · p50 0.090 ms · 3.8 s
═══ suite prompt_injections ═══
    116 cases / 116 questions · 2 domains
    slice-integrity: test 116 (fnv1a64-a6a375f0273e0bef) · cal 100 (fnv1a64-a45e6561b2a98ff1) · pool 446 (fnv1a64-8b32b961bbd47195) · OK
    nb-select: stratified slice 100 case(s); corpora pool 446 → 346 doc(s)
    nb-select: scale 0 (off) → sel-slice acc 0.5000
    nb-select: scale 1 α observed-laplace noul-yes Some(0) view bag → sel-slice acc 0.3900
    nb-select: scale 4 α observed-laplace noul-yes Some(0) view bag → sel-slice acc 0.3900
    nb-select: scale 16 α observed-laplace noul-yes Some(0) view bag → sel-slice acc 0.3900
    nb-select: scale 32 α observed-laplace noul-yes Some(0) view bag → sel-slice acc 0.3900
    nb-select: scale 64 α observed-laplace noul-yes Some(0) view bag → sel-slice acc 0.3900
    nb-select: scale 1 α fixed-1 noul-yes Some(0) view bag → sel-slice acc 0.5000
    nb-select: scale 4 α fixed-1 noul-yes Some(0) view bag → sel-slice acc 0.4900
    nb-select: scale 16 α fixed-1 noul-yes Some(0) view bag → sel-slice acc 0.4900
    nb-select: scale 32 α fixed-1 noul-yes Some(0) view bag → sel-slice acc 0.4900
    nb-select: scale 64 α fixed-1 noul-yes Some(0) view bag → sel-slice acc 0.4900
    nb-select: scale 1 α observed-laplace noul-yes Some(1) view bag → sel-slice acc 0.6100
    nb-select: scale 4 α observed-laplace noul-yes Some(1) view bag → sel-slice acc 0.6100
    nb-select: scale 16 α observed-laplace noul-yes Some(1) view bag → sel-slice acc 0.6100
    nb-select: scale 32 α observed-laplace noul-yes Some(1) view bag → sel-slice acc 0.6100
    nb-select: scale 64 α observed-laplace noul-yes Some(1) view bag → sel-slice acc 0.6100
    nb-select: scale 1 α fixed-1 noul-yes Some(1) view bag → sel-slice acc 0.5100
    nb-select: scale 4 α fixed-1 noul-yes Some(1) view bag → sel-slice acc 0.5100
    nb-select: scale 16 α fixed-1 noul-yes Some(1) view bag → sel-slice acc 0.5100
    nb-select: scale 32 α fixed-1 noul-yes Some(1) view bag → sel-slice acc 0.5100
    nb-select: scale 64 α fixed-1 noul-yes Some(1) view bag → sel-slice acc 0.5100
    nb-select: selected scale 1 α observed-laplace noul-yes Some(1) — the suite's row below is the single test read, at this posture
    oc-select: DECLINED — the suite's train rows carry no per-question gold events to condition on (baseline posture holds, byte-identical)
    ridge-select: stratified slice 100 case(s); corpora pool 446 → 346 doc(s)
    ridge-select: scale 0 (off) → sel-slice acc 0.6100
[nb_ridge] tokenize+counts 0.0s (346 docs, 2 classes)
[nb_ridge] solve class 0 0.1s (cumulative)
[nb_ridge] solve class 1 0.2s (cumulative)
    ridge-select: scale 0.5 → sel-slice acc 0.6100
[nb_ridge] tokenize+counts 0.0s (346 docs, 2 classes)
[nb_ridge] solve class 0 0.1s (cumulative)
[nb_ridge] solve class 1 0.2s (cumulative)
    ridge-select: scale 1 → sel-slice acc 0.6100
[nb_ridge] tokenize+counts 0.0s (346 docs, 2 classes)
[nb_ridge] solve class 0 0.1s (cumulative)
[nb_ridge] solve class 1 0.2s (cumulative)
    ridge-select: scale 2 → sel-slice acc 0.6100
[nb_ridge] tokenize+counts 0.0s (346 docs, 2 classes)
[nb_ridge] solve class 0 0.1s (cumulative)
[nb_ridge] solve class 1 0.2s (cumulative)
    ridge-select: scale 4 → sel-slice acc 0.6100
[nb_ridge] tokenize+counts 0.0s (346 docs, 2 classes)
[nb_ridge] solve class 0 0.1s (cumulative)
[nb_ridge] solve class 1 0.2s (cumulative)
    ridge-select: scale 8 → sel-slice acc 0.6100
    ridge-select: selected 0 — the suite's row below is the single test read, at this posture
    readout-report: best-on-cal max_prob (dispatch 0.6831, max_prob 0.1165, inv_entropy 0.6831 vs dispatch 0.6831; margin 0.005; REPORT-ONLY — the arming lever is demoted, Bench 052)
    modelless: acc 0.7672 · ece(maxp) 0.1336 · p50 0.076 ms · 1.5 s
═══ suite xnli_en ═══
    300 cases / 300 questions · 3 domains
    slice-integrity: test 300 (fnv1a64-614262484399affa) · cal 200 (fnv1a64-b8126a40673cc7c6) · pool 19800 (fnv1a64-f3f8f200eba61985) · OK
    nb-select: stratified slice 200 case(s); corpora pool 19800 → 19600 doc(s)
    nb-select: scale 0 (off) → sel-slice acc 0.3650
    nb-select: scale 1 α observed-laplace noul-yes None view bag → sel-slice acc 0.3100
    nb-select: scale 4 α observed-laplace noul-yes None view bag → sel-slice acc 0.3400
    nb-select: scale 16 α observed-laplace noul-yes None view bag → sel-slice acc 0.3250
    nb-select: scale 32 α observed-laplace noul-yes None view bag → sel-slice acc 0.3250
    nb-select: scale 64 α observed-laplace noul-yes None view bag → sel-slice acc 0.3200
    nb-select: scale 1 α fixed-1 noul-yes None view bag → sel-slice acc 0.3100
    nb-select: scale 4 α fixed-1 noul-yes None view bag → sel-slice acc 0.3300
    nb-select: scale 16 α fixed-1 noul-yes None view bag → sel-slice acc 0.3250
    nb-select: scale 32 α fixed-1 noul-yes None view bag → sel-slice acc 0.3300
    nb-select: scale 64 α fixed-1 noul-yes None view bag → sel-slice acc 0.3300
    nb-select: scale 1 α observed-laplace noul-yes None view pair → sel-slice acc 0.5600
    nb-select: scale 4 α observed-laplace noul-yes None view pair → sel-slice acc 0.5500
    nb-select: scale 16 α observed-laplace noul-yes None view pair → sel-slice acc 0.5500
    nb-select: scale 32 α observed-laplace noul-yes None view pair → sel-slice acc 0.5500
    nb-select: scale 64 α observed-laplace noul-yes None view pair → sel-slice acc 0.5500
    nb-select: scale 1 α fixed-1 noul-yes None view pair → sel-slice acc 0.5600
    nb-select: scale 4 α fixed-1 noul-yes None view pair → sel-slice acc 0.5800
    nb-select: scale 16 α fixed-1 noul-yes None view pair → sel-slice acc 0.5700
    nb-select: scale 32 α fixed-1 noul-yes None view pair → sel-slice acc 0.5650
    nb-select: scale 64 α fixed-1 noul-yes None view pair → sel-slice acc 0.5550
    nb-select: selected scale 4 α fixed-1 noul-yes None — the suite's row below is the single test read, at this posture
    oc-select: DECLINED — the suite's train rows carry no per-question gold events to condition on (baseline posture holds, byte-identical)
    ridge-select: stratified slice 200 case(s); corpora pool 19800 → 19600 doc(s)
    ridge-select: scale 0 (off) → sel-slice acc 0.5800
[nb_ridge] tokenize+counts 0.0s (19600 docs, 3 classes)
[nb_ridge] solve class 0 0.2s (cumulative)
[nb_ridge] solve class 1 0.3s (cumulative)
[nb_ridge] solve class 2 0.4s (cumulative)
    ridge-select: scale 0.5 → sel-slice acc 0.5550
[nb_ridge] tokenize+counts 0.0s (19600 docs, 3 classes)
[nb_ridge] solve class 0 0.2s (cumulative)
[nb_ridge] solve class 1 0.3s (cumulative)
[nb_ridge] solve class 2 0.4s (cumulative)
    ridge-select: scale 1 → sel-slice acc 0.5400
[nb_ridge] tokenize+counts 0.0s (19600 docs, 3 classes)
[nb_ridge] solve class 0 0.2s (cumulative)
[nb_ridge] solve class 1 0.3s (cumulative)
[nb_ridge] solve class 2 0.4s (cumulative)
    ridge-select: scale 2 → sel-slice acc 0.5050
[nb_ridge] tokenize+counts 0.0s (19600 docs, 3 classes)
[nb_ridge] solve class 0 0.2s (cumulative)
[nb_ridge] solve class 1 0.3s (cumulative)
[nb_ridge] solve class 2 0.4s (cumulative)
    ridge-select: scale 4 → sel-slice acc 0.4550
[nb_ridge] tokenize+counts 0.0s (19600 docs, 3 classes)
[nb_ridge] solve class 0 0.2s (cumulative)
[nb_ridge] solve class 1 0.3s (cumulative)
[nb_ridge] solve class 2 0.4s (cumulative)
    ridge-select: scale 8 → sel-slice acc 0.4400
    ridge-select: selected 0 — the suite's row below is the single test read, at this posture
    readout-report: best-on-cal max_prob (dispatch 0.5868, max_prob 0.2135, inv_entropy 0.5868 vs dispatch 0.5868; margin 0.005; REPORT-ONLY — the arming lever is demoted, Bench 052)
    modelless: acc 0.5233 · ece(maxp) 0.1383 · p50 0.084 ms · 3.5 s
═══ suite massive_intent_en ═══
    300 cases / 300 questions · 59 domains
    slice-integrity: test 300 (fnv1a64-328f111f90d7a0c1) · cal 200 (fnv1a64-74b76416cdd836d5) · pool 11314 (fnv1a64-fb5a4f0d9147dc0d) · OK
    nb-select: stratified slice 200 case(s); corpora pool 11314 → 11111 doc(s)
    nb-select: scale 0 (off) → sel-slice acc 0.4450
    nb-select: scale 1 α observed-laplace noul-yes None view bag → sel-slice acc 0.5800
    nb-select: scale 4 α observed-laplace noul-yes None view bag → sel-slice acc 0.6000
    nb-select: scale 16 α observed-laplace noul-yes None view bag → sel-slice acc 0.5900
    nb-select: scale 32 α observed-laplace noul-yes None view bag → sel-slice acc 0.5900
    nb-select: scale 64 α observed-laplace noul-yes None view bag → sel-slice acc 0.5900
    nb-select: scale 1 α fixed-1 noul-yes None view bag → sel-slice acc 0.5450
    nb-select: scale 4 α fixed-1 noul-yes None view bag → sel-slice acc 0.5800
    nb-select: scale 16 α fixed-1 noul-yes None view bag → sel-slice acc 0.5600
    nb-select: scale 32 α fixed-1 noul-yes None view bag → sel-slice acc 0.5600
    nb-select: scale 64 α fixed-1 noul-yes None view bag → sel-slice acc 0.5600
    nb-select: selected scale 4 α observed-laplace noul-yes None — the suite's row below is the single test read, at this posture
    oc-select: DECLINED — the suite's train rows carry no per-question gold events to condition on (baseline posture holds, byte-identical)
    ridge-select: stratified slice 200 case(s); corpora pool 11314 → 11111 doc(s)
    ridge-select: scale 0 (off) → sel-slice acc 0.6000
[nb_ridge] tokenize+counts 0.0s (11110 docs, 59 classes)
[nb_ridge] solve class 0 0.1s (cumulative)
[nb_ridge] solve class 1 0.2s (cumulative)
[nb_ridge] solve class 2 0.4s (cumulative)
[nb_ridge] solve class 3 0.5s (cumulative)
[nb_ridge] solve class 4 0.6s (cumulative)
[nb_ridge] solve class 5 0.7s (cumulative)
[nb_ridge] solve class 6 0.8s (cumulative)
[nb_ridge] solve class 7 1.0s (cumulative)
[nb_ridge] solve class 8 1.1s (cumulative)
[nb_ridge] solve class 9 1.2s (cumulative)
[nb_ridge] solve class 10 1.3s (cumulative)
[nb_ridge] solve class 11 1.4s (cumulative)
[nb_ridge] solve class 12 1.6s (cumulative)
[nb_ridge] solve class 13 1.7s (cumulative)
[nb_ridge] solve class 14 1.8s (cumulative)
[nb_ridge] solve class 15 1.9s (cumulative)
[nb_ridge] solve class 16 2.0s (cumulative)
[nb_ridge] solve class 17 2.2s (cumulative)
[nb_ridge] solve class 18 2.3s (cumulative)
[nb_ridge] solve class 19 2.4s (cumulative)
[nb_ridge] solve class 20 2.5s (cumulative)
[nb_ridge] solve class 21 2.6s (cumulative)
[nb_ridge] solve class 22 2.7s (cumulative)
[nb_ridge] solve class 23 2.9s (cumulative)
[nb_ridge] solve class 24 3.0s (cumulative)
[nb_ridge] solve class 25 3.1s (cumulative)
[nb_ridge] solve class 26 3.2s (cumulative)
[nb_ridge] solve class 27 3.3s (cumulative)
[nb_ridge] solve class 28 3.5s (cumulative)
[nb_ridge] solve class 29 3.6s (cumulative)
[nb_ridge] solve class 30 3.7s (cumulative)
[nb_ridge] solve class 31 3.8s (cumulative)
[nb_ridge] solve class 32 3.9s (cumulative)
[nb_ridge] solve class 33 4.1s (cumulative)
[nb_ridge] solve class 34 4.2s (cumulative)
[nb_ridge] solve class 35 4.3s (cumulative)
[nb_ridge] solve class 36 4.4s (cumulative)
[nb_ridge] solve class 37 4.5s (cumulative)
[nb_ridge] solve class 38 4.6s (cumulative)
[nb_ridge] solve class 39 4.8s (cumulative)
[nb_ridge] solve class 40 4.9s (cumulative)
[nb_ridge] solve class 41 5.0s (cumulative)
[nb_ridge] solve class 42 5.1s (cumulative)
[nb_ridge] solve class 43 5.2s (cumulative)
[nb_ridge] solve class 44 5.4s (cumulative)
[nb_ridge] solve class 45 5.5s (cumulative)
[nb_ridge] solve class 46 5.6s (cumulative)
[nb_ridge] solve class 47 5.7s (cumulative)
[nb_ridge] solve class 48 5.8s (cumulative)
[nb_ridge] solve class 49 6.0s (cumulative)
[nb_ridge] solve class 50 6.1s (cumulative)
[nb_ridge] solve class 51 6.2s (cumulative)
[nb_ridge] solve class 52 6.3s (cumulative)
[nb_ridge] solve class 53 6.4s (cumulative)
[nb_ridge] solve class 54 6.6s (cumulative)
[nb_ridge] solve class 55 6.7s (cumulative)
[nb_ridge] solve class 56 6.8s (cumulative)
[nb_ridge] solve class 57 6.9s (cumulative)
[nb_ridge] solve class 58 7.0s (cumulative)
    ridge-select: scale 0.5 → sel-slice acc 0.6000
[nb_ridge] tokenize+counts 0.0s (11110 docs, 59 classes)
[nb_ridge] solve class 0 0.1s (cumulative)
[nb_ridge] solve class 1 0.2s (cumulative)
[nb_ridge] solve class 2 0.4s (cumulative)
[nb_ridge] solve class 3 0.5s (cumulative)
[nb_ridge] solve class 4 0.6s (cumulative)
[nb_ridge] solve class 5 0.7s (cumulative)
[nb_ridge] solve class 6 0.8s (cumulative)
[nb_ridge] solve class 7 1.0s (cumulative)
[nb_ridge] solve class 8 1.1s (cumulative)
[nb_ridge] solve class 9 1.2s (cumulative)
[nb_ridge] solve class 10 1.3s (cumulative)
[nb_ridge] solve class 11 1.4s (cumulative)
[nb_ridge] solve class 12 1.6s (cumulative)
[nb_ridge] solve class 13 1.7s (cumulative)
[nb_ridge] solve class 14 1.8s (cumulative)
[nb_ridge] solve class 15 1.9s (cumulative)
[nb_ridge] solve class 16 2.0s (cumulative)
[nb_ridge] solve class 17 2.1s (cumulative)
[nb_ridge] solve class 18 2.3s (cumulative)
[nb_ridge] solve class 19 2.4s (cumulative)
[nb_ridge] solve class 20 2.5s (cumulative)
[nb_ridge] solve class 21 2.6s (cumulative)
[nb_ridge] solve class 22 2.7s (cumulative)
[nb_ridge] solve class 23 2.9s (cumulative)
[nb_ridge] solve class 24 3.0s (cumulative)
[nb_ridge] solve class 25 3.1s (cumulative)
[nb_ridge] solve class 26 3.2s (cumulative)
[nb_ridge] solve class 27 3.3s (cumulative)
[nb_ridge] solve class 28 3.5s (cumulative)
[nb_ridge] solve class 29 3.6s (cumulative)
[nb_ridge] solve class 30 3.7s (cumulative)
[nb_ridge] solve class 31 3.8s (cumulative)
[nb_ridge] solve class 32 3.9s (cumulative)
[nb_ridge] solve class 33 4.1s (cumulative)
[nb_ridge] solve class 34 4.2s (cumulative)
[nb_ridge] solve class 35 4.3s (cumulative)
[nb_ridge] solve class 36 4.4s (cumulative)
[nb_ridge] solve class 37 4.5s (cumulative)
[nb_ridge] solve class 38 4.7s (cumulative)
[nb_ridge] solve class 39 4.8s (cumulative)
[nb_ridge] solve class 40 4.9s (cumulative)
[nb_ridge] solve class 41 5.0s (cumulative)
[nb_ridge] solve class 42 5.2s (cumulative)
[nb_ridge] solve class 43 5.3s (cumulative)
[nb_ridge] solve class 44 5.4s (cumulative)
[nb_ridge] solve class 45 5.5s (cumulative)
[nb_ridge] solve class 46 5.6s (cumulative)
[nb_ridge] solve class 47 5.8s (cumulative)
[nb_ridge] solve class 48 5.9s (cumulative)
[nb_ridge] solve class 49 6.0s (cumulative)
[nb_ridge] solve class 50 6.1s (cumulative)
[nb_ridge] solve class 51 6.2s (cumulative)
[nb_ridge] solve class 52 6.4s (cumulative)
[nb_ridge] solve class 53 6.5s (cumulative)
[nb_ridge] solve class 54 6.6s (cumulative)
[nb_ridge] solve class 55 6.7s (cumulative)
[nb_ridge] solve class 56 6.8s (cumulative)
[nb_ridge] solve class 57 7.0s (cumulative)
[nb_ridge] solve class 58 7.1s (cumulative)
    ridge-select: scale 1 → sel-slice acc 0.6000
[nb_ridge] tokenize+counts 0.0s (11110 docs, 59 classes)
[nb_ridge] solve class 0 0.1s (cumulative)
[nb_ridge] solve class 1 0.2s (cumulative)
[nb_ridge] solve class 2 0.4s (cumulative)
[nb_ridge] solve class 3 0.5s (cumulative)
[nb_ridge] solve class 4 0.6s (cumulative)
[nb_ridge] solve class 5 0.7s (cumulative)
[nb_ridge] solve class 6 0.8s (cumulative)
[nb_ridge] solve class 7 1.0s (cumulative)
[nb_ridge] solve class 8 1.1s (cumulative)
[nb_ridge] solve class 9 1.2s (cumulative)
[nb_ridge] solve class 10 1.3s (cumulative)
[nb_ridge] solve class 11 1.4s (cumulative)
[nb_ridge] solve class 12 1.6s (cumulative)
[nb_ridge] solve class 13 1.7s (cumulative)
[nb_ridge] solve class 14 1.8s (cumulative)
[nb_ridge] solve class 15 1.9s (cumulative)
[nb_ridge] solve class 16 2.0s (cumulative)
[nb_ridge] solve class 17 2.2s (cumulative)
[nb_ridge] solve class 18 2.3s (cumulative)
[nb_ridge] solve class 19 2.4s (cumulative)
[nb_ridge] solve class 20 2.5s (cumulative)
[nb_ridge] solve class 21 2.6s (cumulative)
[nb_ridge] solve class 22 2.7s (cumulative)
[nb_ridge] solve class 23 2.9s (cumulative)
[nb_ridge] solve class 24 3.0s (cumulative)
[nb_ridge] solve class 25 3.1s (cumulative)
[nb_ridge] solve class 26 3.2s (cumulative)
[nb_ridge] solve class 27 3.3s (cumulative)
[nb_ridge] solve class 28 3.5s (cumulative)
[nb_ridge] solve class 29 3.6s (cumulative)
[nb_ridge] solve class 30 3.7s (cumulative)
[nb_ridge] solve class 31 3.8s (cumulative)
[nb_ridge] solve class 32 3.9s (cumulative)
[nb_ridge] solve class 33 4.1s (cumulative)
[nb_ridge] solve class 34 4.2s (cumulative)
[nb_ridge] solve class 35 4.3s (cumulative)
[nb_ridge] solve class 36 4.4s (cumulative)
[nb_ridge] solve class 37 4.5s (cumulative)
[nb_ridge] solve class 38 4.7s (cumulative)
[nb_ridge] solve class 39 4.8s (cumulative)
[nb_ridge] solve class 40 4.9s (cumulative)
[nb_ridge] solve class 41 5.0s (cumulative)
[nb_ridge] solve class 42 5.1s (cumulative)
[nb_ridge] solve class 43 5.3s (cumulative)
[nb_ridge] solve class 44 5.4s (cumulative)
[nb_ridge] solve class 45 5.5s (cumulative)
[nb_ridge] solve class 46 5.6s (cumulative)
[nb_ridge] solve class 47 5.7s (cumulative)
[nb_ridge] solve class 48 5.9s (cumulative)
[nb_ridge] solve class 49 6.0s (cumulative)
[nb_ridge] solve class 50 6.1s (cumulative)
[nb_ridge] solve class 51 6.2s (cumulative)
[nb_ridge] solve class 52 6.3s (cumulative)
[nb_ridge] solve class 53 6.5s (cumulative)
[nb_ridge] solve class 54 6.6s (cumulative)
[nb_ridge] solve class 55 6.7s (cumulative)
[nb_ridge] solve class 56 6.8s (cumulative)
[nb_ridge] solve class 57 6.9s (cumulative)
[nb_ridge] solve class 58 7.1s (cumulative)
    ridge-select: scale 2 → sel-slice acc 0.6050
[nb_ridge] tokenize+counts 0.0s (11110 docs, 59 classes)
[nb_ridge] solve class 0 0.1s (cumulative)
[nb_ridge] solve class 1 0.3s (cumulative)
[nb_ridge] solve class 2 0.4s (cumulative)
[nb_ridge] solve class 3 0.5s (cumulative)
[nb_ridge] solve class 4 0.6s (cumulative)
[nb_ridge] solve class 5 0.7s (cumulative)
[nb_ridge] solve class 6 0.8s (cumulative)
[nb_ridge] solve class 7 1.0s (cumulative)
[nb_ridge] solve class 8 1.1s (cumulative)
[nb_ridge] solve class 9 1.2s (cumulative)
[nb_ridge] solve class 10 1.3s (cumulative)
[nb_ridge] solve class 11 1.4s (cumulative)
[nb_ridge] solve class 12 1.6s (cumulative)
[nb_ridge] solve class 13 1.7s (cumulative)
[nb_ridge] solve class 14 1.8s (cumulative)
[nb_ridge] solve class 15 1.9s (cumulative)
[nb_ridge] solve class 16 2.0s (cumulative)
[nb_ridge] solve class 17 2.2s (cumulative)
[nb_ridge] solve class 18 2.3s (cumulative)
[nb_ridge] solve class 19 2.4s (cumulative)
[nb_ridge] solve class 20 2.5s (cumulative)
[nb_ridge] solve class 21 2.7s (cumulative)
[nb_ridge] solve class 22 2.8s (cumulative)
[nb_ridge] solve class 23 2.9s (cumulative)
[nb_ridge] solve class 24 3.0s (cumulative)
[nb_ridge] solve class 25 3.1s (cumulative)
[nb_ridge] solve class 26 3.2s (cumulative)
[nb_ridge] solve class 27 3.4s (cumulative)
[nb_ridge] solve class 28 3.5s (cumulative)
[nb_ridge] solve class 29 3.6s (cumulative)
[nb_ridge] solve class 30 3.7s (cumulative)
[nb_ridge] solve class 31 3.8s (cumulative)
[nb_ridge] solve class 32 4.0s (cumulative)
[nb_ridge] solve class 33 4.1s (cumulative)
[nb_ridge] solve class 34 4.2s (cumulative)
[nb_ridge] solve class 35 4.3s (cumulative)
[nb_ridge] solve class 36 4.4s (cumulative)
[nb_ridge] solve class 37 4.6s (cumulative)
[nb_ridge] solve class 38 4.7s (cumulative)
[nb_ridge] solve class 39 4.8s (cumulative)
[nb_ridge] solve class 40 4.9s (cumulative)
[nb_ridge] solve class 41 5.0s (cumulative)
[nb_ridge] solve class 42 5.2s (cumulative)
[nb_ridge] solve class 43 5.3s (cumulative)
[nb_ridge] solve class 44 5.4s (cumulative)
[nb_ridge] solve class 45 5.5s (cumulative)
[nb_ridge] solve class 46 5.6s (cumulative)
[nb_ridge] solve class 47 5.8s (cumulative)
[nb_ridge] solve class 48 5.9s (cumulative)
[nb_ridge] solve class 49 6.0s (cumulative)
[nb_ridge] solve class 50 6.1s (cumulative)
[nb_ridge] solve class 51 6.2s (cumulative)
[nb_ridge] solve class 52 6.4s (cumulative)
[nb_ridge] solve class 53 6.5s (cumulative)
[nb_ridge] solve class 54 6.6s (cumulative)
[nb_ridge] solve class 55 6.7s (cumulative)
[nb_ridge] solve class 56 6.8s (cumulative)
[nb_ridge] solve class 57 7.0s (cumulative)
[nb_ridge] solve class 58 7.1s (cumulative)
    ridge-select: scale 4 → sel-slice acc 0.6250
[nb_ridge] tokenize+counts 0.0s (11110 docs, 59 classes)
[nb_ridge] solve class 0 0.1s (cumulative)
[nb_ridge] solve class 1 0.2s (cumulative)
[nb_ridge] solve class 2 0.4s (cumulative)
[nb_ridge] solve class 3 0.5s (cumulative)
[nb_ridge] solve class 4 0.6s (cumulative)
[nb_ridge] solve class 5 0.7s (cumulative)
[nb_ridge] solve class 6 0.8s (cumulative)
[nb_ridge] solve class 7 1.0s (cumulative)
[nb_ridge] solve class 8 1.1s (cumulative)
[nb_ridge] solve class 9 1.2s (cumulative)
[nb_ridge] solve class 10 1.3s (cumulative)
[nb_ridge] solve class 11 1.4s (cumulative)
[nb_ridge] solve class 12 1.6s (cumulative)
[nb_ridge] solve class 13 1.7s (cumulative)
[nb_ridge] solve class 14 1.8s (cumulative)
[nb_ridge] solve class 15 1.9s (cumulative)
[nb_ridge] solve class 16 2.0s (cumulative)
[nb_ridge] solve class 17 2.2s (cumulative)
[nb_ridge] solve class 18 2.3s (cumulative)
[nb_ridge] solve class 19 2.4s (cumulative)
[nb_ridge] solve class 20 2.5s (cumulative)
[nb_ridge] solve class 21 2.6s (cumulative)
[nb_ridge] solve class 22 2.7s (cumulative)
[nb_ridge] solve class 23 2.9s (cumulative)
[nb_ridge] solve class 24 3.0s (cumulative)
[nb_ridge] solve class 25 3.1s (cumulative)
[nb_ridge] solve class 26 3.2s (cumulative)
[nb_ridge] solve class 27 3.3s (cumulative)
[nb_ridge] solve class 28 3.5s (cumulative)
[nb_ridge] solve class 29 3.6s (cumulative)
[nb_ridge] solve class 30 3.7s (cumulative)
[nb_ridge] solve class 31 3.8s (cumulative)
[nb_ridge] solve class 32 3.9s (cumulative)
[nb_ridge] solve class 33 4.1s (cumulative)
[nb_ridge] solve class 34 4.2s (cumulative)
[nb_ridge] solve class 35 4.3s (cumulative)
[nb_ridge] solve class 36 4.4s (cumulative)
[nb_ridge] solve class 37 4.5s (cumulative)
[nb_ridge] solve class 38 4.7s (cumulative)
[nb_ridge] solve class 39 4.8s (cumulative)
[nb_ridge] solve class 40 4.9s (cumulative)
[nb_ridge] solve class 41 5.0s (cumulative)
[nb_ridge] solve class 42 5.1s (cumulative)
[nb_ridge] solve class 43 5.3s (cumulative)
[nb_ridge] solve class 44 5.4s (cumulative)
[nb_ridge] solve class 45 5.5s (cumulative)
[nb_ridge] solve class 46 5.6s (cumulative)
[nb_ridge] solve class 47 5.7s (cumulative)
[nb_ridge] solve class 48 5.8s (cumulative)
[nb_ridge] solve class 49 6.0s (cumulative)
[nb_ridge] solve class 50 6.1s (cumulative)
[nb_ridge] solve class 51 6.2s (cumulative)
[nb_ridge] solve class 52 6.3s (cumulative)
[nb_ridge] solve class 53 6.4s (cumulative)
[nb_ridge] solve class 54 6.6s (cumulative)
[nb_ridge] solve class 55 6.7s (cumulative)
[nb_ridge] solve class 56 6.8s (cumulative)
[nb_ridge] solve class 57 6.9s (cumulative)
[nb_ridge] solve class 58 7.0s (cumulative)
    ridge-select: scale 8 → sel-slice acc 0.6150
    ridge-select: selected 0 — the suite's row below is the single test read, at this posture
    readout-report: best-on-cal dispatch (dispatch 0.4391, max_prob 0.4391, inv_entropy 0.5072 vs dispatch 0.4391; margin 0.005; REPORT-ONLY — the arming lever is demoted, Bench 052)
    modelless: acc 0.7800 · ece(maxp) 0.6352 · p50 0.111 ms · 37.8 s
═══ suite banking77 ═══
    500 cases / 500 questions · 77 domains
    slice-integrity: test 500 (fnv1a64-cb0b5cbcb0cdfcce) · cal 200 (fnv1a64-8f14f68a2e55799f) · pool 9793 (fnv1a64-14a38d138e218d1b) · OK
    nb-select: stratified slice 200 case(s); corpora pool 9793 → 9593 doc(s)
    nb-select: scale 0 (off) → sel-slice acc 0.4650
    nb-select: scale 1 α observed-laplace noul-yes None view bag → sel-slice acc 0.8100
    nb-select: scale 4 α observed-laplace noul-yes None view bag → sel-slice acc 0.8050
    nb-select: scale 16 α observed-laplace noul-yes None view bag → sel-slice acc 0.8050
    nb-select: scale 32 α observed-laplace noul-yes None view bag → sel-slice acc 0.8050
    nb-select: scale 64 α observed-laplace noul-yes None view bag → sel-slice acc 0.8000
    nb-select: scale 1 α fixed-1 noul-yes None view bag → sel-slice acc 0.7950
    nb-select: scale 4 α fixed-1 noul-yes None view bag → sel-slice acc 0.7750
    nb-select: scale 16 α fixed-1 noul-yes None view bag → sel-slice acc 0.7700
    nb-select: scale 32 α fixed-1 noul-yes None view bag → sel-slice acc 0.7600
    nb-select: scale 64 α fixed-1 noul-yes None view bag → sel-slice acc 0.7600
    nb-select: selected scale 1 α observed-laplace noul-yes None — the suite's row below is the single test read, at this posture
    oc-select: DECLINED — the suite's train rows carry no per-question gold events to condition on (baseline posture holds, byte-identical)
    ridge-select: stratified slice 200 case(s); corpora pool 9793 → 9593 doc(s)
    ridge-select: scale 0 (off) → sel-slice acc 0.8100
[nb_ridge] tokenize+counts 0.0s (9593 docs, 77 classes)
[nb_ridge] solve class 0 0.1s (cumulative)
[nb_ridge] solve class 1 0.3s (cumulative)
[nb_ridge] solve class 2 0.4s (cumulative)
[nb_ridge] solve class 3 0.5s (cumulative)
[nb_ridge] solve class 4 0.6s (cumulative)
[nb_ridge] solve class 5 0.7s (cumulative)
[nb_ridge] solve class 6 0.9s (cumulative)
[nb_ridge] solve class 7 1.0s (cumulative)
[nb_ridge] solve class 8 1.1s (cumulative)
[nb_ridge] solve class 9 1.2s (cumulative)
[nb_ridge] solve class 10 1.3s (cumulative)
[nb_ridge] solve class 11 1.5s (cumulative)
[nb_ridge] solve class 12 1.6s (cumulative)
[nb_ridge] solve class 13 1.7s (cumulative)
[nb_ridge] solve class 14 1.8s (cumulative)
[nb_ridge] solve class 15 1.9s (cumulative)
[nb_ridge] solve class 16 2.1s (cumulative)
[nb_ridge] solve class 17 2.2s (cumulative)
[nb_ridge] solve class 18 2.3s (cumulative)
[nb_ridge] solve class 19 2.4s (cumulative)
[nb_ridge] solve class 20 2.5s (cumulative)
[nb_ridge] solve class 21 2.7s (cumulative)
[nb_ridge] solve class 22 2.8s (cumulative)
[nb_ridge] solve class 23 2.9s (cumulative)
[nb_ridge] solve class 24 3.0s (cumulative)
[nb_ridge] solve class 25 3.1s (cumulative)
[nb_ridge] solve class 26 3.3s (cumulative)
[nb_ridge] solve class 27 3.4s (cumulative)
[nb_ridge] solve class 28 3.5s (cumulative)
[nb_ridge] solve class 29 3.6s (cumulative)
[nb_ridge] solve class 30 3.7s (cumulative)
[nb_ridge] solve class 31 3.9s (cumulative)
[nb_ridge] solve class 32 4.0s (cumulative)
[nb_ridge] solve class 33 4.1s (cumulative)
[nb_ridge] solve class 34 4.2s (cumulative)
[nb_ridge] solve class 35 4.3s (cumulative)
[nb_ridge] solve class 36 4.5s (cumulative)
[nb_ridge] solve class 37 4.6s (cumulative)
[nb_ridge] solve class 38 4.7s (cumulative)
[nb_ridge] solve class 39 4.8s (cumulative)
[nb_ridge] solve class 40 4.9s (cumulative)
[nb_ridge] solve class 41 5.1s (cumulative)
[nb_ridge] solve class 42 5.2s (cumulative)
[nb_ridge] solve class 43 5.3s (cumulative)
[nb_ridge] solve class 44 5.4s (cumulative)
[nb_ridge] solve class 45 5.5s (cumulative)
[nb_ridge] solve class 46 5.6s (cumulative)
[nb_ridge] solve class 47 5.8s (cumulative)
[nb_ridge] solve class 48 5.9s (cumulative)
[nb_ridge] solve class 49 6.0s (cumulative)
[nb_ridge] solve class 50 6.1s (cumulative)
[nb_ridge] solve class 51 6.2s (cumulative)
[nb_ridge] solve class 52 6.4s (cumulative)
[nb_ridge] solve class 53 6.5s (cumulative)
[nb_ridge] solve class 54 6.6s (cumulative)
[nb_ridge] solve class 55 6.7s (cumulative)
[nb_ridge] solve class 56 6.8s (cumulative)
[nb_ridge] solve class 57 7.0s (cumulative)
[nb_ridge] solve class 58 7.1s (cumulative)
[nb_ridge] solve class 59 7.2s (cumulative)
[nb_ridge] solve class 60 7.3s (cumulative)
[nb_ridge] solve class 61 7.4s (cumulative)
[nb_ridge] solve class 62 7.6s (cumulative)
[nb_ridge] solve class 63 7.7s (cumulative)
[nb_ridge] solve class 64 7.8s (cumulative)
[nb_ridge] solve class 65 7.9s (cumulative)
[nb_ridge] solve class 66 8.0s (cumulative)
[nb_ridge] solve class 67 8.1s (cumulative)
[nb_ridge] solve class 68 8.3s (cumulative)
[nb_ridge] solve class 69 8.4s (cumulative)
[nb_ridge] solve class 70 8.5s (cumulative)
[nb_ridge] solve class 71 8.6s (cumulative)
[nb_ridge] solve class 72 8.7s (cumulative)
[nb_ridge] solve class 73 8.9s (cumulative)
[nb_ridge] solve class 74 9.0s (cumulative)
[nb_ridge] solve class 75 9.1s (cumulative)
[nb_ridge] solve class 76 9.2s (cumulative)
    ridge-select: scale 0.5 → sel-slice acc 0.8450
[nb_ridge] tokenize+counts 0.0s (9593 docs, 77 classes)
[nb_ridge] solve class 0 0.1s (cumulative)
[nb_ridge] solve class 1 0.3s (cumulative)
[nb_ridge] solve class 2 0.4s (cumulative)
[nb_ridge] solve class 3 0.5s (cumulative)
[nb_ridge] solve class 4 0.6s (cumulative)
[nb_ridge] solve class 5 0.7s (cumulative)
[nb_ridge] solve class 6 0.8s (cumulative)
[nb_ridge] solve class 7 1.0s (cumulative)
[nb_ridge] solve class 8 1.1s (cumulative)
[nb_ridge] solve class 9 1.2s (cumulative)
[nb_ridge] solve class 10 1.3s (cumulative)
[nb_ridge] solve class 11 1.4s (cumulative)
[nb_ridge] solve class 12 1.6s (cumulative)
[nb_ridge] solve class 13 1.7s (cumulative)
[nb_ridge] solve class 14 1.8s (cumulative)
[nb_ridge] solve class 15 1.9s (cumulative)
[nb_ridge] solve class 16 2.0s (cumulative)
[nb_ridge] solve class 17 2.2s (cumulative)
[nb_ridge] solve class 18 2.3s (cumulative)
[nb_ridge] solve class 19 2.4s (cumulative)
[nb_ridge] solve class 20 2.5s (cumulative)
[nb_ridge] solve class 21 2.6s (cumulative)
[nb_ridge] solve class 22 2.7s (cumulative)
[nb_ridge] solve class 23 2.9s (cumulative)
[nb_ridge] solve class 24 3.0s (cumulative)
[nb_ridge] solve class 25 3.1s (cumulative)
[nb_ridge] solve class 26 3.2s (cumulative)
[nb_ridge] solve class 27 3.3s (cumulative)
[nb_ridge] solve class 28 3.5s (cumulative)
[nb_ridge] solve class 29 3.6s (cumulative)
[nb_ridge] solve class 30 3.7s (cumulative)
[nb_ridge] solve class 31 3.8s (cumulative)
[nb_ridge] solve class 32 3.9s (cumulative)
[nb_ridge] solve class 33 4.1s (cumulative)
[nb_ridge] solve class 34 4.2s (cumulative)
[nb_ridge] solve class 35 4.3s (cumulative)
[nb_ridge] solve class 36 4.4s (cumulative)
[nb_ridge] solve class 37 4.5s (cumulative)
[nb_ridge] solve class 38 4.6s (cumulative)
[nb_ridge] solve class 39 4.8s (cumulative)
[nb_ridge] solve class 40 4.9s (cumulative)
[nb_ridge] solve class 41 5.0s (cumulative)
[nb_ridge] solve class 42 5.1s (cumulative)
[nb_ridge] solve class 43 5.2s (cumulative)
[nb_ridge] solve class 44 5.4s (cumulative)
[nb_ridge] solve class 45 5.5s (cumulative)
[nb_ridge] solve class 46 5.6s (cumulative)
[nb_ridge] solve class 47 5.7s (cumulative)
[nb_ridge] solve class 48 5.8s (cumulative)
[nb_ridge] solve class 49 6.0s (cumulative)
[nb_ridge] solve class 50 6.1s (cumulative)
[nb_ridge] solve class 51 6.2s (cumulative)
[nb_ridge] solve class 52 6.3s (cumulative)
[nb_ridge] solve class 53 6.4s (cumulative)
[nb_ridge] solve class 54 6.5s (cumulative)
[nb_ridge] solve class 55 6.7s (cumulative)
[nb_ridge] solve class 56 6.8s (cumulative)
[nb_ridge] solve class 57 6.9s (cumulative)
[nb_ridge] solve class 58 7.0s (cumulative)
[nb_ridge] solve class 59 7.1s (cumulative)
[nb_ridge] solve class 60 7.3s (cumulative)
[nb_ridge] solve class 61 7.4s (cumulative)
[nb_ridge] solve class 62 7.5s (cumulative)
[nb_ridge] solve class 63 7.6s (cumulative)
[nb_ridge] solve class 64 7.8s (cumulative)
[nb_ridge] solve class 65 7.9s (cumulative)
[nb_ridge] solve class 66 8.0s (cumulative)
[nb_ridge] solve class 67 8.1s (cumulative)
[nb_ridge] solve class 68 8.2s (cumulative)
[nb_ridge] solve class 69 8.3s (cumulative)
[nb_ridge] solve class 70 8.5s (cumulative)
[nb_ridge] solve class 71 8.6s (cumulative)
[nb_ridge] solve class 72 8.7s (cumulative)
[nb_ridge] solve class 73 8.8s (cumulative)
[nb_ridge] solve class 74 9.0s (cumulative)
[nb_ridge] solve class 75 9.1s (cumulative)
[nb_ridge] solve class 76 9.2s (cumulative)
    ridge-select: scale 1 → sel-slice acc 0.8550
[nb_ridge] tokenize+counts 0.0s (9593 docs, 77 classes)
[nb_ridge] solve class 0 0.1s (cumulative)
[nb_ridge] solve class 1 0.3s (cumulative)
[nb_ridge] solve class 2 0.4s (cumulative)
[nb_ridge] solve class 3 0.5s (cumulative)
[nb_ridge] solve class 4 0.6s (cumulative)
[nb_ridge] solve class 5 0.7s (cumulative)
[nb_ridge] solve class 6 0.9s (cumulative)
[nb_ridge] solve class 7 1.0s (cumulative)
[nb_ridge] solve class 8 1.1s (cumulative)
[nb_ridge] solve class 9 1.2s (cumulative)
[nb_ridge] solve class 10 1.3s (cumulative)
[nb_ridge] solve class 11 1.4s (cumulative)
[nb_ridge] solve class 12 1.6s (cumulative)
[nb_ridge] solve class 13 1.7s (cumulative)
[nb_ridge] solve class 14 1.8s (cumulative)
[nb_ridge] solve class 15 1.9s (cumulative)
[nb_ridge] solve class 16 2.0s (cumulative)
[nb_ridge] solve class 17 2.2s (cumulative)
[nb_ridge] solve class 18 2.3s (cumulative)
[nb_ridge] solve class 19 2.4s (cumulative)
[nb_ridge] solve class 20 2.5s (cumulative)
[nb_ridge] solve class 21 2.7s (cumulative)
[nb_ridge] solve class 22 2.8s (cumulative)
[nb_ridge] solve class 23 2.9s (cumulative)
[nb_ridge] solve class 24 3.0s (cumulative)
[nb_ridge] solve class 25 3.1s (cumulative)
[nb_ridge] solve class 26 3.2s (cumulative)
[nb_ridge] solve class 27 3.4s (cumulative)
[nb_ridge] solve class 28 3.5s (cumulative)
[nb_ridge] solve class 29 3.6s (cumulative)
[nb_ridge] solve class 30 3.7s (cumulative)
[nb_ridge] solve class 31 3.8s (cumulative)
[nb_ridge] solve class 32 4.0s (cumulative)
[nb_ridge] solve class 33 4.1s (cumulative)
[nb_ridge] solve class 34 4.2s (cumulative)
[nb_ridge] solve class 35 4.3s (cumulative)
[nb_ridge] solve class 36 4.4s (cumulative)
[nb_ridge] solve class 37 4.6s (cumulative)
[nb_ridge] solve class 38 4.7s (cumulative)
[nb_ridge] solve class 39 4.8s (cumulative)
[nb_ridge] solve class 40 4.9s (cumulative)
[nb_ridge] solve class 41 5.0s (cumulative)
[nb_ridge] solve class 42 5.1s (cumulative)
[nb_ridge] solve class 43 5.3s (cumulative)
[nb_ridge] solve class 44 5.4s (cumulative)
[nb_ridge] solve class 45 5.5s (cumulative)
[nb_ridge] solve class 46 5.6s (cumulative)
[nb_ridge] solve class 47 5.7s (cumulative)
[nb_ridge] solve class 48 5.9s (cumulative)
[nb_ridge] solve class 49 6.0s (cumulative)
[nb_ridge] solve class 50 6.1s (cumulative)
[nb_ridge] solve class 51 6.2s (cumulative)
[nb_ridge] solve class 52 6.3s (cumulative)
[nb_ridge] solve class 53 6.5s (cumulative)
[nb_ridge] solve class 54 6.6s (cumulative)
[nb_ridge] solve class 55 6.7s (cumulative)
[nb_ridge] solve class 56 6.8s (cumulative)
[nb_ridge] solve class 57 6.9s (cumulative)
[nb_ridge] solve class 58 7.0s (cumulative)
[nb_ridge] solve class 59 7.2s (cumulative)
[nb_ridge] solve class 60 7.3s (cumulative)
[nb_ridge] solve class 61 7.4s (cumulative)
[nb_ridge] solve class 62 7.5s (cumulative)
[nb_ridge] solve class 63 7.6s (cumulative)
[nb_ridge] solve class 64 7.8s (cumulative)
[nb_ridge] solve class 65 7.9s (cumulative)
[nb_ridge] solve class 66 8.0s (cumulative)
[nb_ridge] solve class 67 8.1s (cumulative)
[nb_ridge] solve class 68 8.2s (cumulative)
[nb_ridge] solve class 69 8.4s (cumulative)
[nb_ridge] solve class 70 8.5s (cumulative)
[nb_ridge] solve class 71 8.6s (cumulative)
[nb_ridge] solve class 72 8.7s (cumulative)
[nb_ridge] solve class 73 8.8s (cumulative)
[nb_ridge] solve class 74 8.9s (cumulative)
[nb_ridge] solve class 75 9.1s (cumulative)
[nb_ridge] solve class 76 9.2s (cumulative)
    ridge-select: scale 2 → sel-slice acc 0.8550
[nb_ridge] tokenize+counts 0.0s (9593 docs, 77 classes)
[nb_ridge] solve class 0 0.1s (cumulative)
[nb_ridge] solve class 1 0.3s (cumulative)
[nb_ridge] solve class 2 0.4s (cumulative)
[nb_ridge] solve class 3 0.5s (cumulative)
[nb_ridge] solve class 4 0.6s (cumulative)
[nb_ridge] solve class 5 0.7s (cumulative)
[nb_ridge] solve class 6 0.8s (cumulative)
[nb_ridge] solve class 7 1.0s (cumulative)
[nb_ridge] solve class 8 1.1s (cumulative)
[nb_ridge] solve class 9 1.2s (cumulative)
[nb_ridge] solve class 10 1.3s (cumulative)
[nb_ridge] solve class 11 1.4s (cumulative)
[nb_ridge] solve class 12 1.6s (cumulative)
[nb_ridge] solve class 13 1.7s (cumulative)
[nb_ridge] solve class 14 1.8s (cumulative)
[nb_ridge] solve class 15 1.9s (cumulative)
[nb_ridge] solve class 16 2.0s (cumulative)
[nb_ridge] solve class 17 2.1s (cumulative)
[nb_ridge] solve class 18 2.3s (cumulative)
[nb_ridge] solve class 19 2.4s (cumulative)
[nb_ridge] solve class 20 2.5s (cumulative)
[nb_ridge] solve class 21 2.6s (cumulative)
[nb_ridge] solve class 22 2.7s (cumulative)
[nb_ridge] solve class 23 2.9s (cumulative)
[nb_ridge] solve class 24 3.0s (cumulative)
[nb_ridge] solve class 25 3.1s (cumulative)
[nb_ridge] solve class 26 3.2s (cumulative)
[nb_ridge] solve class 27 3.3s (cumulative)
[nb_ridge] solve class 28 3.5s (cumulative)
[nb_ridge] solve class 29 3.6s (cumulative)
[nb_ridge] solve class 30 3.7s (cumulative)
[nb_ridge] solve class 31 3.8s (cumulative)
[nb_ridge] solve class 32 3.9s (cumulative)
[nb_ridge] solve class 33 4.0s (cumulative)
[nb_ridge] solve class 34 4.2s (cumulative)
[nb_ridge] solve class 35 4.3s (cumulative)
[nb_ridge] solve class 36 4.4s (cumulative)
[nb_ridge] solve class 37 4.5s (cumulative)
[nb_ridge] solve class 38 4.6s (cumulative)
[nb_ridge] solve class 39 4.8s (cumulative)
[nb_ridge] solve class 40 4.9s (cumulative)
[nb_ridge] solve class 41 5.0s (cumulative)
[nb_ridge] solve class 42 5.1s (cumulative)
[nb_ridge] solve class 43 5.2s (cumulative)
[nb_ridge] solve class 44 5.4s (cumulative)
[nb_ridge] solve class 45 5.5s (cumulative)
[nb_ridge] solve class 46 5.6s (cumulative)
[nb_ridge] solve class 47 5.7s (cumulative)
[nb_ridge] solve class 48 5.8s (cumulative)
[nb_ridge] solve class 49 6.0s (cumulative)
[nb_ridge] solve class 50 6.1s (cumulative)
[nb_ridge] solve class 51 6.2s (cumulative)
[nb_ridge] solve class 52 6.3s (cumulative)
[nb_ridge] solve class 53 6.4s (cumulative)
[nb_ridge] solve class 54 6.6s (cumulative)
[nb_ridge] solve class 55 6.7s (cumulative)
[nb_ridge] solve class 56 6.8s (cumulative)
[nb_ridge] solve class 57 6.9s (cumulative)
[nb_ridge] solve class 58 7.0s (cumulative)
[nb_ridge] solve class 59 7.2s (cumulative)
[nb_ridge] solve class 60 7.3s (cumulative)
[nb_ridge] solve class 61 7.4s (cumulative)
[nb_ridge] solve class 62 7.5s (cumulative)
[nb_ridge] solve class 63 7.6s (cumulative)
[nb_ridge] solve class 64 7.7s (cumulative)
[nb_ridge] solve class 65 7.9s (cumulative)
[nb_ridge] solve class 66 8.0s (cumulative)
[nb_ridge] solve class 67 8.1s (cumulative)
[nb_ridge] solve class 68 8.2s (cumulative)
[nb_ridge] solve class 69 8.3s (cumulative)
[nb_ridge] solve class 70 8.5s (cumulative)
[nb_ridge] solve class 71 8.6s (cumulative)
[nb_ridge] solve class 72 8.7s (cumulative)
[nb_ridge] solve class 73 8.8s (cumulative)
[nb_ridge] solve class 74 8.9s (cumulative)
[nb_ridge] solve class 75 9.1s (cumulative)
[nb_ridge] solve class 76 9.2s (cumulative)
    ridge-select: scale 4 → sel-slice acc 0.8450
[nb_ridge] tokenize+counts 0.0s (9593 docs, 77 classes)
[nb_ridge] solve class 0 0.1s (cumulative)
[nb_ridge] solve class 1 0.3s (cumulative)
[nb_ridge] solve class 2 0.4s (cumulative)
[nb_ridge] solve class 3 0.5s (cumulative)
[nb_ridge] solve class 4 0.6s (cumulative)
[nb_ridge] solve class 5 0.7s (cumulative)
[nb_ridge] solve class 6 0.8s (cumulative)
[nb_ridge] solve class 7 1.0s (cumulative)
[nb_ridge] solve class 8 1.1s (cumulative)
[nb_ridge] solve class 9 1.2s (cumulative)
[nb_ridge] solve class 10 1.3s (cumulative)
[nb_ridge] solve class 11 1.4s (cumulative)
[nb_ridge] solve class 12 1.6s (cumulative)
[nb_ridge] solve class 13 1.7s (cumulative)
[nb_ridge] solve class 14 1.8s (cumulative)
[nb_ridge] solve class 15 1.9s (cumulative)
[nb_ridge] solve class 16 2.0s (cumulative)
[nb_ridge] solve class 17 2.2s (cumulative)
[nb_ridge] solve class 18 2.3s (cumulative)
[nb_ridge] solve class 19 2.4s (cumulative)
[nb_ridge] solve class 20 2.5s (cumulative)
[nb_ridge] solve class 21 2.6s (cumulative)
[nb_ridge] solve class 22 2.8s (cumulative)
[nb_ridge] solve class 23 2.9s (cumulative)
[nb_ridge] solve class 24 3.0s (cumulative)
[nb_ridge] solve class 25 3.1s (cumulative)
[nb_ridge] solve class 26 3.2s (cumulative)
[nb_ridge] solve class 27 3.3s (cumulative)
[nb_ridge] solve class 28 3.5s (cumulative)
[nb_ridge] solve class 29 3.6s (cumulative)
[nb_ridge] solve class 30 3.7s (cumulative)
[nb_ridge] solve class 31 3.8s (cumulative)
[nb_ridge] solve class 32 3.9s (cumulative)
[nb_ridge] solve class 33 4.1s (cumulative)
[nb_ridge] solve class 34 4.2s (cumulative)
[nb_ridge] solve class 35 4.3s (cumulative)
[nb_ridge] solve class 36 4.4s (cumulative)
[nb_ridge] solve class 37 4.5s (cumulative)
[nb_ridge] solve class 38 4.7s (cumulative)
[nb_ridge] solve class 39 4.8s (cumulative)
[nb_ridge] solve class 40 4.9s (cumulative)
[nb_ridge] solve class 41 5.0s (cumulative)
[nb_ridge] solve class 42 5.1s (cumulative)
[nb_ridge] solve class 43 5.2s (cumulative)
[nb_ridge] solve class 44 5.4s (cumulative)
[nb_ridge] solve class 45 5.5s (cumulative)
[nb_ridge] solve class 46 5.6s (cumulative)
[nb_ridge] solve class 47 5.7s (cumulative)
[nb_ridge] solve class 48 5.8s (cumulative)
[nb_ridge] solve class 49 6.0s (cumulative)
[nb_ridge] solve class 50 6.1s (cumulative)
[nb_ridge] solve class 51 6.2s (cumulative)
[nb_ridge] solve class 52 6.3s (cumulative)
[nb_ridge] solve class 53 6.4s (cumulative)
[nb_ridge] solve class 54 6.6s (cumulative)
[nb_ridge] solve class 55 6.7s (cumulative)
[nb_ridge] solve class 56 6.8s (cumulative)
[nb_ridge] solve class 57 6.9s (cumulative)
[nb_ridge] solve class 58 7.0s (cumulative)
[nb_ridge] solve class 59 7.1s (cumulative)
[nb_ridge] solve class 60 7.3s (cumulative)
[nb_ridge] solve class 61 7.4s (cumulative)
[nb_ridge] solve class 62 7.5s (cumulative)
[nb_ridge] solve class 63 7.6s (cumulative)
[nb_ridge] solve class 64 7.7s (cumulative)
[nb_ridge] solve class 65 7.9s (cumulative)
[nb_ridge] solve class 66 8.0s (cumulative)
[nb_ridge] solve class 67 8.1s (cumulative)
[nb_ridge] solve class 68 8.2s (cumulative)
[nb_ridge] solve class 69 8.3s (cumulative)
[nb_ridge] solve class 70 8.5s (cumulative)
[nb_ridge] solve class 71 8.6s (cumulative)
[nb_ridge] solve class 72 8.7s (cumulative)
[nb_ridge] solve class 73 8.8s (cumulative)
[nb_ridge] solve class 74 8.9s (cumulative)
[nb_ridge] solve class 75 9.1s (cumulative)
[nb_ridge] solve class 76 9.2s (cumulative)
    ridge-select: scale 8 → sel-slice acc 0.8250
    ridge-select: selected 0 — the suite's row below is the single test read, at this posture
    readout-report: best-on-cal dispatch (dispatch 0.7729, max_prob 0.7729, inv_entropy 0.7924 vs dispatch 0.7729; margin 0.005; REPORT-ONLY — the arming lever is demoted, Bench 052)
    modelless: acc 0.8420 · ece(maxp) 0.8194 · p50 0.357 ms · 50.9 s
═══ suite code_fixtures ═══
    16 cases / 32 questions · 8 domains
    readout-report: best-on-cal max_prob (dispatch 0.4602, max_prob 0.1479, inv_entropy 0.4602 vs dispatch 0.4602; margin 0.005; REPORT-ONLY — the arming lever is demoted, Bench 052)
    modelless: acc 0.3750 · ece(maxp) 0.0948 · p50 0.215 ms · 0.1 s
═══ suite semantic_defects ═══
    102 cases / 102 questions · 6 domains
    nb-select: synthetic cal front 18 case(s); corpus pool 18 → 18 doc(s)
    nb-select: scale 0 (off) → sel-slice acc 0.2778
    nb-select: scale 1 α observed-laplace noul-yes None view bag → sel-slice acc 0.4444
    nb-select: scale 4 α observed-laplace noul-yes None view bag → sel-slice acc 0.4444
    nb-select: scale 16 α observed-laplace noul-yes None view bag → sel-slice acc 0.4444
    nb-select: scale 32 α observed-laplace noul-yes None view bag → sel-slice acc 0.4444
    nb-select: scale 64 α observed-laplace noul-yes None view bag → sel-slice acc 0.4444
    nb-select: scale 1 α fixed-1 noul-yes None view bag → sel-slice acc 0.3333
    nb-select: scale 4 α fixed-1 noul-yes None view bag → sel-slice acc 0.3889
    nb-select: scale 16 α fixed-1 noul-yes None view bag → sel-slice acc 0.3889
    nb-select: scale 32 α fixed-1 noul-yes None view bag → sel-slice acc 0.3889
    nb-select: scale 64 α fixed-1 noul-yes None view bag → sel-slice acc 0.3889
    nb-select: selected scale 1 α observed-laplace noul-yes None — the suite's row below is the single test read, at this posture
    modelless: acc 0.4412 · ece(maxp) 0.2347 · p50 0.024 ms · 0.1 s
harness: wrote .benchmarks/137_modelless_timing_quiet/results.json
harness: wrote .benchmarks/137_modelless_timing_quiet/TABLES.md
harness: PASSED — 13 suite(s), no absences
