[2026-10-09T08:42:41Z] armed: out=/Users/katopz/git/riir-reflex/.benchmarks/137_modelless_timing_quiet sha=27ca2d9 poll=60s max_wait=48h attempts=3
[2026-10-09T08:42:41Z] harness args: --skip-laya --nb-select --oc-select --ridge-select --drafter-fix per_byte --suites typed_decisions,ag_news,emotion,sst5,prompt_injections,xnli_en,massive_intent_en,banking77,code_fixtures,semantic_defects,s1mb_choice,s1mb_noul,s1mb_score --out .benchmarks/137_modelless_timing_quiet
[2026-10-09T08:42:55Z] preflight refused (attempt 1) — REFUSE — load average 48.80 exceeds MAX_LOAD=6.0 — a sibling session is on the box
[2026-10-09T08:43:55Z] GAVE UP: HEAD moved (fcb8d65 != armed 27ca2d9) — re-arm the watcher at the new posture (rebuild, re-verify digit-match, then re-run this script)
[2026-10-09T08:46:43Z] armed: out=/Users/katopz/git/riir-reflex/.benchmarks/137_modelless_timing_quiet stamp=30dbe590a4ccdf9c86dd27efad0f9f1c66641856 0cd71b86c4c733c0b83a263551b51fa5fab71df5 poll=60s max_wait=48h attempts=3
[2026-10-09T08:46:43Z] harness args: --skip-laya --nb-select --oc-select --ridge-select --drafter-fix per_byte --suites typed_decisions,ag_news,emotion,sst5,prompt_injections,xnli_en,massive_intent_en,banking77,code_fixtures,semantic_defects,s1mb_choice,s1mb_noul,s1mb_score --out .benchmarks/137_modelless_timing_quiet
[2026-10-09T08:47:19Z] preflight refused (attempt 1) — REFUSE — load average 83.15 exceeds MAX_LOAD=6.0 — a sibling session is on the box
[2026-10-09T08:48:55Z] preflight refused (attempt 1) — REFUSE — load average 81.24 exceeds MAX_LOAD=6.0 — a sibling session is on the box
[2026-10-09T08:50:26Z] preflight refused (attempt 1) — REFUSE — load average 106.62 exceeds MAX_LOAD=6.0 — a sibling session is on the box
[2026-10-09T08:52:03Z] preflight refused (attempt 1) — REFUSE — load average 141.77 exceeds MAX_LOAD=6.0 — a sibling session is on the box
[2026-10-09T08:53:20Z] preflight refused (attempt 1) — REFUSE — load average 113.82 exceeds MAX_LOAD=6.0 — a sibling session is on the box
[2026-10-09T08:54:40Z] preflight refused (attempt 1) — REFUSE — load average 86.31 exceeds MAX_LOAD=6.0 — a sibling session is on the box
[2026-10-09T08:55:56Z] preflight refused (attempt 1) — REFUSE — load average 83.35 exceeds MAX_LOAD=6.0 — a sibling session is on the box
[2026-10-09T08:57:16Z] preflight refused (attempt 1) — REFUSE — load average 76.12 exceeds MAX_LOAD=6.0 — a sibling session is on the box
[2026-10-09T08:58:31Z] preflight refused (attempt 1) — REFUSE — load average 69.33 exceeds MAX_LOAD=6.0 — a sibling session is on the box
[2026-10-09T08:59:48Z] preflight refused (attempt 1) — REFUSE — load average 65.76 exceeds MAX_LOAD=6.0 — a sibling session is on the box
[2026-10-09T09:01:03Z] preflight refused (attempt 1) — REFUSE — load average 51.95 exceeds MAX_LOAD=6.0 — a sibling session is on the box
[2026-10-09T09:02:19Z] preflight refused (attempt 1) — REFUSE — load average 54.42 exceeds MAX_LOAD=6.0 — a sibling session is on the box
[2026-10-09T09:03:33Z] preflight refused (attempt 1) — REFUSE — load average 54.69 exceeds MAX_LOAD=6.0 — a sibling session is on the box
[2026-10-09T09:04:46Z] preflight refused (attempt 1) — REFUSE — load average 51.02 exceeds MAX_LOAD=6.0 — a sibling session is on the box
[2026-10-09T09:06:02Z] preflight refused (attempt 1) — REFUSE — load average 50.35 exceeds MAX_LOAD=6.0 — a sibling session is on the box
[2026-10-09T09:07:16Z] preflight refused (attempt 1) — REFUSE — load average 45.47 exceeds MAX_LOAD=6.0 — a sibling session is on the box
[2026-10-09T09:08:31Z] preflight refused (attempt 1) — REFUSE — load average 39.20 exceeds MAX_LOAD=6.0 — a sibling session is on the box
[2026-10-09T09:09:46Z] preflight refused (attempt 1) — REFUSE — load average 42.76 exceeds MAX_LOAD=6.0 — a sibling session is on the box
[2026-10-09T09:10:56Z] preflight refused (attempt 1) — REFUSE — load average 29.66 exceeds MAX_LOAD=6.0 — a sibling session is on the box
[2026-10-09T09:12:09Z] preflight refused (attempt 1) — REFUSE — load average 34.91 exceeds MAX_LOAD=6.0 — a sibling session is on the box
[2026-10-09T09:13:23Z] preflight refused (attempt 1) — REFUSE — load average 40.92 exceeds MAX_LOAD=6.0 — a sibling session is on the box
[2026-10-09T09:14:35Z] preflight refused (attempt 1) — REFUSE — load average 62.07 exceeds MAX_LOAD=6.0 — a sibling session is on the box
[2026-10-09T09:15:47Z] preflight refused (attempt 1) — REFUSE — load average 58.63 exceeds MAX_LOAD=6.0 — a sibling session is on the box
[2026-10-09T09:17:01Z] preflight refused (attempt 1) — REFUSE — load average 45.55 exceeds MAX_LOAD=6.0 — a sibling session is on the box
[2026-10-09T09:18:13Z] preflight refused (attempt 1) — REFUSE — load average 40.65 exceeds MAX_LOAD=6.0 — a sibling session is on the box
[2026-10-09T09:19:22Z] preflight refused (attempt 1) — REFUSE — load average 28.73 exceeds MAX_LOAD=6.0 — a sibling session is on the box
[2026-10-09T09:20:31Z] preflight refused (attempt 1) — REFUSE — load average 21.14 exceeds MAX_LOAD=6.0 — a sibling session is on the box
[2026-10-09T09:21:40Z] preflight refused (attempt 1) — REFUSE — load average 17.53 exceeds MAX_LOAD=6.0 — a sibling session is on the box
[2026-10-09T09:22:48Z] preflight refused (attempt 1) — REFUSE — load average 13.19 exceeds MAX_LOAD=6.0 — a sibling session is on the box
[2026-10-09T09:23:55Z] preflight refused (attempt 1) — REFUSE — load average 7.94 exceeds MAX_LOAD=6.0 — a sibling session is on the box
[2026-10-09T09:25:03Z] preflight refused (attempt 1) — REFUSE — load average 7.90 exceeds MAX_LOAD=6.0 — a sibling session is on the box
[2026-10-09T09:26:10Z] preflight refused (attempt 1) — REFUSE — load average 7.89 exceeds MAX_LOAD=6.0 — a sibling session is on the box
[2026-10-09T09:27:18Z] preflight refused (attempt 1) — REFUSE — load average 7.23 exceeds MAX_LOAD=6.0 — a sibling session is on the box
[2026-10-09T09:28:25Z] preflight refused (attempt 1) — REFUSE — load average 8.01 exceeds MAX_LOAD=6.0 — a sibling session is on the box
[2026-10-09T09:29:32Z] preflight refused (attempt 1) — REFUSE — load average 7.97 exceeds MAX_LOAD=6.0 — a sibling session is on the box
[2026-10-09T09:30:39Z] preflight refused (attempt 1) — REFUSE — load average 8.01 exceeds MAX_LOAD=6.0 — a sibling session is on the box
[2026-10-09T09:31:46Z] preflight refused (attempt 1) — REFUSE — on AC for only 0 min (< SETTLE_MIN=5) — still carrying battery-era heat
[2026-10-09T09:32:53Z] preflight refused (attempt 1) — REFUSE — on AC for only 2 min (< SETTLE_MIN=5) — still carrying battery-era heat
[2026-10-09T09:34:00Z] preflight refused (attempt 1) — REFUSE — on AC for only 3 min (< SETTLE_MIN=5) — still carrying battery-era heat
[2026-10-09T09:35:08Z] preflight refused (attempt 1) — REFUSE — on AC for only 4 min (< SETTLE_MIN=5) — still carrying battery-era heat
[2026-10-09T09:36:15Z] preflight refused (attempt 1) — REFUSE — load average 13.43 exceeds MAX_LOAD=6.0 — a sibling session is on the box
[2026-10-09T09:37:22Z] preflight refused (attempt 1) — REFUSE — load average 8.75 exceeds MAX_LOAD=6.0 — a sibling session is on the box
[2026-10-09T09:38:28Z] preflight refused (attempt 1) — REFUSE — load average 8.50 exceeds MAX_LOAD=6.0 — a sibling session is on the box
[2026-10-09T09:39:35Z] preflight refused (attempt 1) — REFUSE — load average 6.98 exceeds MAX_LOAD=6.0 — a sibling session is on the box
[2026-10-09T09:40:41Z] preflight PASSED — PROVENANCE: power=AC Power load=5.92 swap=20956.12M canary=125.5us/best5 powermode=2(high)
[2026-10-09T09:40:41Z] firing harness (attempt 1): --skip-laya --nb-select --oc-select --ridge-select --drafter-fix per_byte --suites typed_decisions,ag_news,emotion,sst5,prompt_injections,xnli_en,massive_intent_en,banking77,code_fixtures,semantic_defects,s1mb_choice,s1mb_noul,s1mb_score --out .benchmarks/137_modelless_timing_quiet
harness: datasets /Users/katopz/git/riir-reflex/.raw/datasets · suites ["typed_decisions", "ag_news", "emotion", "sst5", "prompt_injections", "xnli_en", "massive_intent_en", "banking77", "code_fixtures", "semantic_defects", "s1mb_choice", "s1mb_noul", "s1mb_score"]
═══ suite s1mb_choice ═══
    4329 cases / 4329 questions · 842 domains
    slice-integrity: test 4330 (fnv1a64-3d5a30a2826dd8dc) · cal 200 (fnv1a64-4366c2ff02074485) · pool 4130 (fnv1a64-7c46a2ccb379573c) · cal missing 642: virtual_card_not_working,disposable_card_limits,pending_cash_withdrawal,pending_card_payment,verify_source_of_funds,declined_card_payment,card_payment_wrong_exchange_rate,wrong_exchange_rate_for_cash_withdrawal,balance_not_updated_after_bank_transfer,failed_transfer,cancel_transfer,top_up_by_bank_transfer_charge,beneficiary_not_allowed,card_payment_not_recognised,transfer_into_account,cash_withdrawal_charge,Refund_not_showing_up,pending_top_up,card_about_to_expire,exchange_charge,transfer_fee_charged,fiat_currency_support,card_delivery_estimate,translate,cancel,todo_list,last_maintenance,pto_balance,directions,confirm_reservation,order_status,play_music,oos,calculator,travel_suggestion,shopping_list,change_language,timezone,yes,book_flight,payday,credit_limit_change,calendar_update,improve_credit_score,pin_change,update_playlist,cancel_reservation,time,flip_coin,find_phone,redeem_rewards,change_ai_name,min_payment,spelling,schedule_meeting,international_fees,reminder,book_hotel,current_location,goodbye,insurance_change,new_card,fun_fact,transfer,freeze_account,schedule_maintenance,gas,vaccines,distance,travel_notification,who_made_you,next_holiday,bill_balance,how_old_are_you,rollover_401k,direct_deposit,sync_device,uber,order_checks,alarm,income,reset_settings,meaning_of_life,make_call,insurance,restaurant_suggestion,interest_rate,bill_due,who_do_you_work_for,roll_dice,damaged_card,what_are_your_hobbies,lost_luggage,text,international_visa,application_status,what_can_i_ask_you,replacement_card_duration,bank_routing_number,company_name,swift_bic,cvv,account_number,postcode,ipv6,unique_identifier,pin,coordinate,url,date_time,-47,-4,14,34,74,24,28,5760,5756,5750,5765,15,33,-2,8,12,19,13,29,9,16,52,22,-5,17,72,80,75,78,103,98,48,200,150,180,196,64,114,59,84,38,63,43,32,21,20,-18,27,7,149,197,172,147,100,88,93,-1,10,6,-3,350,397,400,375,248,254,255,251,6580,6598,6600,6593,293,305,288,300,13997,14000,13993,14007,-33,475,504,501,500,26,11,40,90,70,89,1198,1194,1202,1173,297,310,-15,-10,71,121,-21,36,31,122,128,125,45,190,207,47,39,92,130,76,195,41,50,46,280,283,273,44,18,-8,62,30,5,55,play game,iot wemo on,iot coffee,iot hue lightchange,audio volume mute,transport traffic,calendar query,qa factoid,cooking recipe,play audiobook,iot cleaning,social post,weather query,transport taxi,alarm remove,iot hue lightdim,general quirky,music likeness,general negate,alarm query,recommendation events,qa currency,social query,audio volume up,general affirm,datetime query,play music,alarm set,email sendemail,lists createoradd,datetime convert,play podcasts,calendar set,transport query,general dontcare,email querycontact,qa stock,general commandstop,iot wemo off,general confirm,general repeat,music settings,general explain,lists query,recommendation locations,general joke,iot hue lightup,iot hue lightoff,iot hue lighton,news query,audio volume down,email query,qa maths,takeaway query,qa definition,general praise,takeaway order,play radio,lists remove,calendar remove,music query,recommendation movies,email addcontact,transport ticket,world,business,sci_tech,sports,monitor,contain,close_benign,investigate,hold,reject,approve,manual_review,request_information,answer_directly,escalate_to_human,close_no_action,execute_refund,technical,account,delivery,refund,billing,observe,stop,continue,human_review,partial,success,harmful,failure,iot_wemo_off,qa_stock,qa_maths,recommendation_movies,audio_volume_up,play_audiobook,recommendation_locations,cooking_recipe,takeaway_order,play_radio,iot_hue_lightchange,datetime_convert,general_joke,cooking_query,qa_currency,lists_remove,takeaway_query,weather_query,transport_traffic,music_dislikeness,music_query,iot_hue_lightdim,email_sendemail,iot_hue_lightup,transport_query,social_query,qa_factoid,email_querycontact,qa_definition,calendar_query,iot_hue_lighton,audio_volume_down,lists_query,calendar_set,social_post,news_query,audio_volume_other,alarm_remove,transport_ticket,iot_coffee,general_greet,iot_hue_lightoff,iot_wemo_on,play_game,alarm_set,email_query,datetime_query,alarm_query,calendar_remove,music_settings,iot_cleaning,music_likeness,transport_taxi,general_quirky,play_podcasts,lists_createoradd,email_addcontact,audio_volume_mute,recommendation_events,recommendation,transport,news,play,lists,iot,datetime,music,qa,general,social,takeaway,cooking,audio,a,b,messaging,people,calling,recipes,IN:GET_SUNSET,IN:LIKE_MUSIC,IN:GET_REMINDER_LOCATION,IN:GET_RECIPES,IN:PLAY_MUSIC,IN:REPEAT_ALL_MUSIC,IN:UPDATE_ALARM,IN:GET_TIMER,IN:CREATE_PLAYLIST_MUSIC,IN:DELETE_REMINDER,IN:PAUSE_MUSIC,IN:SET_DEFAULT_PROVIDER_CALLING,IN:SWITCH_CALL,IN:SET_UNAVAILABLE,IN:GET_EDUCATION_DEGREE,IN:SUBTRACT_TIME_TIMER,IN:UPDATE_REMINDER_TODO,IN:GET_MAJOR,IN:GET_TRACK_INFO_MUSIC,IN:GET_ATTENDEE_EVENT,IN:UPDATE_METHOD_CALL,IN:DELETE_PLAYLIST_MUSIC,IN:GET_AVAILABILITY,IN:RESUME_TIMER,IN:GET_SUNRISE,IN:GET_EMPLOYMENT_TIME,IN:GET_REMINDER_DATE_TIME,IN:CREATE_REMINDER,IN:SKIP_TRACK_MUSIC,IN:GET_REMINDER,IN:SET_RSVP_YES,IN:GET_AGE,IN:GET_LIFE_EVENT,IN:FAST_FORWARD_MUSIC,IN:STOP_SHUFFLE_MUSIC,IN:GET_DATE_TIME_EVENT,IN:GET_CALL,IN:REWIND_MUSIC,IN:MERGE_CALL,IN:DELETE_ALARM,IN:REPEAT_ALL_OFF_MUSIC,IN:GET_CALL_CONTACT,IN:UNLOOP_MUSIC,IN:SET_DEFAULT_PROVIDER_MUSIC,IN:RESUME_CALL,IN:CREATE_CALL,IN:START_SHUFFLE_MUSIC,IN:GET_CALL_TIME,IN:GET_CONTACT_METHOD,IN:GET_UNDERGRAD,IN:END_CALL,IN:GET_LANGUAGE,IN:GET_GENDER,IN:SHARE_EVENT,IN:RESTART_TIMER,IN:SET_RSVP_INTERESTED,IN:GET_MESSAGE,IN:QUESTION_NEWS,IN:IGNORE_CALL,IN:GET_DETAILS_NEWS,IN:DISLIKE_MUSIC,IN:GET_INFO_RECIPES,IN:QUESTION_MUSIC,IN:ADD_TIME_TIMER,IN:GET_JOB,IN:GET_MESSAGE_CONTACT,IN:PREVIOUS_TRACK_MUSIC,IN:ANSWER_CALL,IN:SEND_MESSAGE,IN:GET_EMPLOYER,IN:SET_AVAILABLE,IN:UPDATE_REMINDER_LOCATION,IN:GET_MUTUAL_FRIENDS,IN:SILENCE_ALARM,IN:REMOVE_FROM_PLAYLIST_MUSIC,IN:PLAY_MEDIA,IN:HOLD_CALL,IN:UPDATE_REMINDER,IN:GET_STORIES_NEWS,IN:GET_EVENT,IN:RESUME_MUSIC,IN:GET_CATEGORY_EVENT,IN:HELP_REMINDER,IN:REPLAY_MUSIC,IN:CREATE_ALARM,IN:FOLLOW_MUSIC,IN:GET_AIRQUALITY,IN:GET_LYRICS_MUSIC,IN:CANCEL_CALL,IN:GET_REMINDER_AMOUNT,IN:PREFER,IN:UPDATE_TIMER,IN:GET_WEATHER,IN:GET_INFO_CONTACT,IN:UPDATE_REMINDER_DATE_TIME,IN:SNOOZE_ALARM,IN:CANCEL_MESSAGE,IN:DELETE_TIMER,IN:GET_LIFE_EVENT_TIME,IN:SET_RSVP_NO,IN:GET_LOCATION,IN:GET_CONTACT,IN:IS_TRUE_RECIPES,IN:ADD_TO_PLAYLIST_MUSIC,IN:GET_GROUP,IN:PAUSE_TIMER,IN:GET_ALARM,IN:DISPREFER,IN:UPDATE_CALL,IN:LOOP_MUSIC,IN:CREATE_TIMER,IN:GET_EDUCATION_TIME,IN:STOP_MUSIC,option_2,option_3,option_4,option_5,option_6,option_7,option_8,option_9,option_10,option_11,option_12,option_13,option_14,option_15,positive,mixed,negative,no_impact,method,background,result,BookAppointment,NONE,FindProvider,SearchHotel,ReserveHotel,FindMovies,PlayMovie,FindTrains,GetTrainTickets,MakePayment,RequestPayment,GetTimesForMovie,BuyMovieTickets,ReserveRestaurant,FindRestaurants,BookHouse,SearchHouse,SearchOnewayFlight,SearchRoundtripFlights,LookupMusic,PlayMedia,GetAlarms,AddAlarm,BuyBusTicket,FindBus,ReserveCar,GetCarsAvailable,BuyEventTickets,FindEvents,GetWeather,GetRide,FindAttractions,ScheduleVisit,FindHomeByArea,ShareLocation,left,upper-right,right,above,upper-left,lower-right,lower-left,below,overlap,SYM,VERB,ADJ,ADV,INTJ,PART,PRON,X,AUX,PROPN,DET,NOUN,PUNCT,CCONJ,ADP,NUM,SCONJ,mechanic,hairdresser,driver,teacher,nurse,assistant,construction worker,tailor,physician,analyst,supervisor,attendant,guard,housekeeper,accountant,janitor,clerk,counselor,laborer,secretary,writer,farmer,sheriff,lawyer,baker,carpenter,developer,cleaner,cook,salesperson,editor,receptionist,auditor,manager,designer · pool missing 464: getting_spare_card,verify_my_identity,virtual_card_not_working,disposable_card_limits,reverted_card_payment?,pending_cash_withdrawal,get_physical_card,lost_or_stolen_card,top_up_by_card_charge,extra_charge_on_statement,automatic_top_up,get_disposable_virtual_card,transfer_not_received_by_recipient,request_refund,pending_card_payment,declined_transfer,age_limit,card_payment_fee_charged,verify_source_of_funds,declined_card_payment,card_payment_wrong_exchange_rate,wrong_amount_of_cash_received,atm_support,transaction_charged_twice,wrong_exchange_rate_for_cash_withdrawal,supported_cards_and_currencies,balance_not_updated_after_bank_transfer,card_swallowed,failed_transfer,cancel_transfer,direct_debit_payment_not_recognised,top_up_limits,exchange_via_app,passcode_forgotten,top_up_by_cash_or_cheque,top_up_by_bank_transfer_charge,beneficiary_not_allowed,compromised_card,unable_to_verify_identity,card_not_working,exchange_rate,card_payment_not_recognised,transfer_into_account,cash_withdrawal_charge,card_arrival,card_acceptance,activate_my_card,transfer_timing,terminate_account,topping_up_by_card,cash_withdrawal_not_recognised,getting_virtual_card,country_support,Refund_not_showing_up,balance_not_updated_after_cheque_or_cash_deposit,change_pin,pending_transfer,edit_personal_details,verify_top_up,pending_top_up,why_verify_identity,card_about_to_expire,exchange_charge,transfer_fee_charged,top_up_failed,fiat_currency_support,card_delivery_estimate,rewards_balance,translate,cancel,maybe,restaurant_reviews,repeat,todo_list,flight_status,last_maintenance,pto_balance,directions,restaurant_reservation,confirm_reservation,order_status,tell_joke,oos,calculator,gas_type,travel_suggestion,share_location,shopping_list,change_language,timezone,yes,book_flight,payday,no,meeting_schedule,do_you_have_pets,order,credit_limit_change,recipe,calendar_update,improve_credit_score,pin_change,update_playlist,cancel_reservation,date,measurement_conversion,definition,oil_change_how,whisper_mode,flip_coin,find_phone,todo_list_update,redeem_rewards,change_user_name,change_ai_name,min_payment,spelling,how_busy,change_accent,schedule_meeting,food_last,international_fees,book_hotel,where_are_you_from,change_volume,are_you_a_bot,tire_change,ingredients_list,current_location,goodbye,insurance_change,w2,pto_used,new_card,traffic,balance,fun_fact,ingredient_substitution,transfer,freeze_account,schedule_maintenance,thank_you,what_is_your_name,gas,vaccines,accept_reservations,transactions,cook_time,distance,routing,report_lost_card,next_song,carry_on,what_song,travel_notification,apr,nutrition_info,who_made_you,next_holiday,bill_balance,reminder_update,how_old_are_you,mpg,rollover_401k,account_blocked,plug_type,card_declined,smart_home,meal_suggestion,direct_deposit,sync_device,pay_bill,uber,pto_request_status,taxes,order_checks,greeting,income,spending_history,calories,reset_settings,expiration_date,tire_pressure,meaning_of_life,make_call,insurance,restaurant_suggestion,interest_rate,credit_limit,bill_due,who_do_you_work_for,report_fraud,roll_dice,change_speed,damaged_card,shopping_list_update,what_are_your_hobbies,lost_luggage,oil_change_when,text,travel_alert,car_rental,international_visa,application_status,jump_start,credit_score,what_can_i_ask_you,replacement_card_duration,pto_request,national_id,company_name,account_number,password,url,-47,-4,14,34,24,5760,5756,5750,5765,33,-2,8,12,29,16,52,-5,17,72,80,78,103,98,48,200,150,180,196,64,114,59,84,38,63,43,32,21,20,-18,27,149,197,172,147,88,93,-1,-3,350,397,400,375,248,254,255,251,6580,6598,6600,6593,293,305,288,13997,14000,13993,14007,-33,475,504,501,500,11,40,90,70,89,1198,1194,1202,1173,297,310,-15,-10,71,121,-21,36,122,128,125,190,207,47,39,92,130,76,195,41,46,283,273,44,18,-8,62,5,55,play game,iot coffee,transport traffic,calendar query,qa factoid,play audiobook,iot cleaning,alarm remove,general negate,recommendation events,alarm set,play podcasts,transport query,general commandstop,iot wemo off,music settings,general explain,lists query,general joke,iot hue lightup,email query,takeaway query,play radio,lists remove,music query,recommendation movies,close_no_action,delivery,stop,harmful,qa_stock,recommendation_movies,audio_volume_up,play_audiobook,recommendation_locations,cooking_recipe,datetime_convert,cooking_query,qa_currency,weather_query,music_query,iot_hue_lightdim,iot_hue_lightup,qa_definition,audio_volume_down,general_greet,iot_hue_lightoff,alarm_set,general_quirky,play_podcasts,email_addcontact,cooking,IN:LIKE_MUSIC,IN:GET_RECIPES,IN:GET_TIMER,IN:CREATE_PLAYLIST_MUSIC,IN:PAUSE_MUSIC,IN:SET_DEFAULT_PROVIDER_CALLING,IN:SWITCH_CALL,IN:SET_UNAVAILABLE,IN:GET_EDUCATION_DEGREE,IN:GET_MAJOR,IN:GET_TRACK_INFO_MUSIC,IN:GET_ATTENDEE_EVENT,IN:UPDATE_METHOD_CALL,IN:GET_AVAILABILITY,IN:GET_EMPLOYMENT_TIME,IN:GET_REMINDER_DATE_TIME,IN:CREATE_REMINDER,IN:SKIP_TRACK_MUSIC,IN:GET_AGE,IN:GET_LIFE_EVENT,IN:STOP_SHUFFLE_MUSIC,IN:GET_CALL,IN:MERGE_CALL,IN:DELETE_ALARM,IN:UNLOOP_MUSIC,IN:SET_DEFAULT_PROVIDER_MUSIC,IN:RESUME_CALL,IN:CREATE_CALL,IN:GET_CALL_TIME,IN:GET_CONTACT_METHOD,IN:GET_UNDERGRAD,IN:GET_GENDER,IN:SHARE_EVENT,IN:RESTART_TIMER,IN:SET_RSVP_INTERESTED,IN:QUESTION_NEWS,IN:GET_DETAILS_NEWS,IN:ADD_TIME_TIMER,IN:GET_MESSAGE_CONTACT,IN:ANSWER_CALL,IN:SET_AVAILABLE,IN:UPDATE_REMINDER_LOCATION,IN:REMOVE_FROM_PLAYLIST_MUSIC,IN:PLAY_MEDIA,IN:HOLD_CALL,IN:GET_STORIES_NEWS,IN:GET_EVENT,IN:FOLLOW_MUSIC,IN:GET_AIRQUALITY,IN:CANCEL_CALL,IN:GET_REMINDER_AMOUNT,IN:GET_WEATHER,IN:UPDATE_REMINDER_DATE_TIME,IN:CANCEL_MESSAGE,IN:IS_TRUE_RECIPES,IN:GET_GROUP,IN:PAUSE_TIMER,IN:DISPREFER,IN:CREATE_TIMER,option_9,option_10,option_11,option_12,option_13,option_14,option_15,mixed,SearchHotel,MakePayment,RequestPayment,GetTimesForMovie,BuyMovieTickets,FindRestaurants,SearchHouse,SearchOnewayFlight,LookupMusic,AddAlarm,GetWeather,GetRide,ShareLocation,teacher,supervisor,clerk,lawyer,baker,carpenter,developer,auditor · OK
    nb-select: stratified slice 200 case(s); corpora pool 4130 → 3817 doc(s)
    nb-select: scale 0 (off) → sel-slice acc 0.1550
    nb-select: scale 1 α observed-laplace noul-yes None view bag → sel-slice acc 0.1850
    nb-select: scale 4 α observed-laplace noul-yes None view bag → sel-slice acc 0.1800
    nb-select: scale 16 α observed-laplace noul-yes None view bag → sel-slice acc 0.1750
    nb-select: scale 32 α observed-laplace noul-yes None view bag → sel-slice acc 0.1750
    nb-select: scale 64 α observed-laplace noul-yes None view bag → sel-slice acc 0.1800
    nb-select: scale 1 α fixed-1 noul-yes None view bag → sel-slice acc 0.1700
    nb-select: scale 4 α fixed-1 noul-yes None view bag → sel-slice acc 0.1750
    nb-select: scale 16 α fixed-1 noul-yes None view bag → sel-slice acc 0.1650
    nb-select: scale 32 α fixed-1 noul-yes None view bag → sel-slice acc 0.1600
    nb-select: scale 64 α fixed-1 noul-yes None view bag → sel-slice acc 0.1600
    nb-select: selected scale 0 α off noul-yes None — the suite's row below is the single test read, at this posture
    oc-select: DECLINED — the suite's train rows carry no per-question gold events to condition on (baseline posture holds, byte-identical)
    ridge-select: stratified slice 200 case(s); corpora pool 4130 → 3817 doc(s)
    ridge-select: scale 0 (off) → sel-slice acc 0.1550
[nb_ridge] tokenize+counts 0.0s (1981 docs, 842 classes)
[nb_ridge] solve class 0 0.2s (cumulative)
[nb_ridge] solve class 1 0.4s (cumulative)
[nb_ridge] solve class 2 0.5s (cumulative)
[nb_ridge] solve class 3 0.7s (cumulative)
[nb_ridge] solve class 4 0.8s (cumulative)
[nb_ridge] solve class 5 1.0s (cumulative)
[nb_ridge] solve class 6 1.1s (cumulative)
[nb_ridge] solve class 7 1.3s (cumulative)
[nb_ridge] solve class 8 1.4s (cumulative)
[nb_ridge] solve class 9 1.6s (cumulative)
[nb_ridge] solve class 10 1.7s (cumulative)
[nb_ridge] solve class 11 1.9s (cumulative)
[nb_ridge] solve class 12 2.0s (cumulative)
[nb_ridge] solve class 13 2.2s (cumulative)
[nb_ridge] solve class 14 2.3s (cumulative)
[nb_ridge] solve class 15 2.5s (cumulative)
[nb_ridge] solve class 16 2.6s (cumulative)
[nb_ridge] solve class 17 2.8s (cumulative)
[nb_ridge] solve class 18 2.9s (cumulative)
[nb_ridge] solve class 19 3.1s (cumulative)
[nb_ridge] solve class 20 3.2s (cumulative)
[nb_ridge] solve class 21 3.4s (cumulative)
[nb_ridge] solve class 22 3.5s (cumulative)
[nb_ridge] solve class 23 3.7s (cumulative)
[nb_ridge] solve class 24 3.8s (cumulative)
[nb_ridge] solve class 25 4.0s (cumulative)
[nb_ridge] solve class 26 4.1s (cumulative)
[nb_ridge] solve class 27 4.3s (cumulative)
[nb_ridge] solve class 28 4.4s (cumulative)
[nb_ridge] solve class 29 4.6s (cumulative)
[nb_ridge] solve class 30 4.7s (cumulative)
[nb_ridge] solve class 31 4.9s (cumulative)
[nb_ridge] solve class 32 5.0s (cumulative)
[nb_ridge] solve class 33 5.2s (cumulative)
[nb_ridge] solve class 34 5.3s (cumulative)
[nb_ridge] solve class 35 5.5s (cumulative)
[nb_ridge] solve class 36 5.6s (cumulative)
[nb_ridge] solve class 37 5.8s (cumulative)
[nb_ridge] solve class 38 5.9s (cumulative)
[nb_ridge] solve class 39 6.1s (cumulative)
[nb_ridge] solve class 40 6.2s (cumulative)
[nb_ridge] solve class 41 6.4s (cumulative)
[nb_ridge] solve class 42 6.5s (cumulative)
[nb_ridge] solve class 43 6.7s (cumulative)
[nb_ridge] solve class 44 6.8s (cumulative)
[nb_ridge] solve class 45 7.0s (cumulative)
[nb_ridge] solve class 46 7.1s (cumulative)
[nb_ridge] solve class 47 7.3s (cumulative)
[nb_ridge] solve class 48 7.4s (cumulative)
[nb_ridge] solve class 49 7.6s (cumulative)
[nb_ridge] solve class 50 7.7s (cumulative)
[nb_ridge] solve class 51 7.9s (cumulative)
[nb_ridge] solve class 52 8.0s (cumulative)
[nb_ridge] solve class 53 8.2s (cumulative)
[nb_ridge] solve class 54 8.3s (cumulative)
[nb_ridge] solve class 55 8.5s (cumulative)
[nb_ridge] solve class 56 8.6s (cumulative)
[nb_ridge] solve class 57 8.8s (cumulative)
[nb_ridge] solve class 58 8.9s (cumulative)
[nb_ridge] solve class 59 9.1s (cumulative)
[nb_ridge] solve class 60 9.2s (cumulative)
[nb_ridge] solve class 61 9.4s (cumulative)
[nb_ridge] solve class 62 9.5s (cumulative)
[nb_ridge] solve class 63 9.6s (cumulative)
[nb_ridge] solve class 64 9.8s (cumulative)
[nb_ridge] solve class 65 9.9s (cumulative)
[nb_ridge] solve class 66 10.1s (cumulative)
[nb_ridge] solve class 67 10.2s (cumulative)
[nb_ridge] solve class 68 10.4s (cumulative)
[nb_ridge] solve class 69 10.5s (cumulative)
[nb_ridge] solve class 70 10.7s (cumulative)
[nb_ridge] solve class 71 10.8s (cumulative)
[nb_ridge] solve class 72 11.0s (cumulative)
[nb_ridge] solve class 73 11.1s (cumulative)
[nb_ridge] solve class 74 11.3s (cumulative)
[nb_ridge] solve class 75 11.4s (cumulative)
[nb_ridge] solve class 76 11.6s (cumulative)
[nb_ridge] solve class 77 11.7s (cumulative)
[nb_ridge] solve class 78 11.9s (cumulative)
[nb_ridge] solve class 79 12.0s (cumulative)
[nb_ridge] solve class 80 12.2s (cumulative)
[nb_ridge] solve class 81 12.3s (cumulative)
[nb_ridge] solve class 82 12.5s (cumulative)
[nb_ridge] solve class 83 12.6s (cumulative)
[nb_ridge] solve class 84 12.8s (cumulative)
[nb_ridge] solve class 85 12.9s (cumulative)
[nb_ridge] solve class 86 13.1s (cumulative)
[nb_ridge] solve class 87 13.2s (cumulative)
[nb_ridge] solve class 88 13.4s (cumulative)
[nb_ridge] solve class 89 13.6s (cumulative)
[nb_ridge] solve class 90 13.7s (cumulative)
[nb_ridge] solve class 91 13.9s (cumulative)
[nb_ridge] solve class 92 14.0s (cumulative)
[nb_ridge] solve class 93 14.2s (cumulative)
[nb_ridge] solve class 94 14.3s (cumulative)
[nb_ridge] solve class 95 14.5s (cumulative)
[nb_ridge] solve class 96 14.6s (cumulative)
[nb_ridge] solve class 97 14.8s (cumulative)
[nb_ridge] solve class 98 14.9s (cumulative)
[nb_ridge] solve class 99 15.0s (cumulative)
[nb_ridge] solve class 100 15.2s (cumulative)
[nb_ridge] solve class 101 15.3s (cumulative)
[nb_ridge] solve class 102 15.5s (cumulative)
[nb_ridge] solve class 103 15.6s (cumulative)
[nb_ridge] solve class 104 15.8s (cumulative)
[nb_ridge] solve class 105 16.0s (cumulative)
[nb_ridge] solve class 106 16.1s (cumulative)
[nb_ridge] solve class 107 16.3s (cumulative)
[nb_ridge] solve class 108 16.5s (cumulative)
[nb_ridge] solve class 109 16.6s (cumulative)
[nb_ridge] solve class 110 16.8s (cumulative)
[nb_ridge] solve class 111 16.9s (cumulative)
[nb_ridge] solve class 112 17.1s (cumulative)
[nb_ridge] solve class 113 17.3s (cumulative)
[nb_ridge] solve class 114 17.4s (cumulative)
[nb_ridge] solve class 115 17.7s (cumulative)
[nb_ridge] solve class 116 17.9s (cumulative)
[nb_ridge] solve class 117 18.0s (cumulative)
[nb_ridge] solve class 118 18.2s (cumulative)
[nb_ridge] solve class 119 18.4s (cumulative)
[nb_ridge] solve class 120 18.5s (cumulative)
[nb_ridge] solve class 121 18.7s (cumulative)
[nb_ridge] solve class 122 18.9s (cumulative)
[nb_ridge] solve class 123 19.1s (cumulative)
[nb_ridge] solve class 124 19.2s (cumulative)
[nb_ridge] solve class 125 19.4s (cumulative)
[nb_ridge] solve class 126 19.6s (cumulative)
[nb_ridge] solve class 127 19.7s (cumulative)
[nb_ridge] solve class 128 19.9s (cumulative)
[nb_ridge] solve class 129 20.0s (cumulative)
[nb_ridge] solve class 130 20.2s (cumulative)
[nb_ridge] solve class 131 20.3s (cumulative)
[nb_ridge] solve class 132 20.5s (cumulative)
[nb_ridge] solve class 133 20.6s (cumulative)
[nb_ridge] solve class 134 20.8s (cumulative)
[nb_ridge] solve class 135 20.9s (cumulative)
[nb_ridge] solve class 136 21.1s (cumulative)
[nb_ridge] solve class 137 21.2s (cumulative)
[nb_ridge] solve class 138 21.4s (cumulative)
[nb_ridge] solve class 139 21.5s (cumulative)
[nb_ridge] solve class 140 21.7s (cumulative)
[nb_ridge] solve class 141 21.8s (cumulative)
[nb_ridge] solve class 142 22.0s (cumulative)
[nb_ridge] solve class 143 22.1s (cumulative)
[nb_ridge] solve class 144 22.3s (cumulative)
[nb_ridge] solve class 145 22.4s (cumulative)
[nb_ridge] solve class 146 22.6s (cumulative)
[nb_ridge] solve class 147 22.7s (cumulative)
[nb_ridge] solve class 148 22.9s (cumulative)
[nb_ridge] solve class 149 23.0s (cumulative)
[nb_ridge] solve class 150 23.2s (cumulative)
[nb_ridge] solve class 151 23.3s (cumulative)
[nb_ridge] solve class 152 23.5s (cumulative)
[nb_ridge] solve class 153 23.6s (cumulative)
[nb_ridge] solve class 154 23.8s (cumulative)
[nb_ridge] solve class 155 23.9s (cumulative)
[nb_ridge] solve class 156 24.1s (cumulative)
[nb_ridge] solve class 157 24.2s (cumulative)
[nb_ridge] solve class 158 24.4s (cumulative)
[nb_ridge] solve class 159 24.5s (cumulative)
[nb_ridge] solve class 160 24.6s (cumulative)
[nb_ridge] solve class 161 24.8s (cumulative)
[nb_ridge] solve class 162 24.9s (cumulative)
[nb_ridge] solve class 163 25.1s (cumulative)
[nb_ridge] solve class 164 25.2s (cumulative)
[nb_ridge] solve class 165 25.4s (cumulative)
[nb_ridge] solve class 166 25.6s (cumulative)
[nb_ridge] solve class 167 25.7s (cumulative)
[nb_ridge] solve class 168 25.9s (cumulative)
[nb_ridge] solve class 169 26.0s (cumulative)
[nb_ridge] solve class 170 26.1s (cumulative)
[nb_ridge] solve class 171 26.3s (cumulative)
[nb_ridge] solve class 172 26.4s (cumulative)
[nb_ridge] solve class 173 26.6s (cumulative)
[nb_ridge] solve class 174 26.7s (cumulative)
[nb_ridge] solve class 175 26.9s (cumulative)
[nb_ridge] solve class 176 27.0s (cumulative)
[nb_ridge] solve class 177 27.1s (cumulative)
[nb_ridge] solve class 178 27.3s (cumulative)
[nb_ridge] solve class 179 27.4s (cumulative)
[nb_ridge] solve class 180 27.6s (cumulative)
[nb_ridge] solve class 181 27.7s (cumulative)
[nb_ridge] solve class 182 27.8s (cumulative)
[nb_ridge] solve class 183 28.0s (cumulative)
[nb_ridge] solve class 184 28.1s (cumulative)
[nb_ridge] solve class 185 28.3s (cumulative)
[nb_ridge] solve class 186 28.4s (cumulative)
[nb_ridge] solve class 187 28.5s (cumulative)
[nb_ridge] solve class 188 28.7s (cumulative)
[nb_ridge] solve class 189 28.8s (cumulative)
[nb_ridge] solve class 190 29.0s (cumulative)
[nb_ridge] solve class 191 29.1s (cumulative)
[nb_ridge] solve class 192 29.3s (cumulative)
[nb_ridge] solve class 193 29.4s (cumulative)
[nb_ridge] solve class 194 29.5s (cumulative)
[nb_ridge] solve class 195 29.7s (cumulative)
[nb_ridge] solve class 196 29.8s (cumulative)
[nb_ridge] solve class 197 30.0s (cumulative)
[nb_ridge] solve class 198 30.1s (cumulative)
[nb_ridge] solve class 199 30.3s (cumulative)
[nb_ridge] solve class 200 30.4s (cumulative)
[nb_ridge] solve class 201 30.5s (cumulative)
[nb_ridge] solve class 202 30.7s (cumulative)
[nb_ridge] solve class 203 30.8s (cumulative)
[nb_ridge] solve class 204 31.0s (cumulative)
[nb_ridge] solve class 205 31.1s (cumulative)
[nb_ridge] solve class 206 31.3s (cumulative)
[nb_ridge] solve class 207 31.4s (cumulative)
[nb_ridge] solve class 208 31.6s (cumulative)
[nb_ridge] solve class 209 31.7s (cumulative)
[nb_ridge] solve class 210 31.8s (cumulative)
[nb_ridge] solve class 211 32.0s (cumulative)
[nb_ridge] solve class 212 32.1s (cumulative)
[nb_ridge] solve class 213 32.2s (cumulative)
[nb_ridge] solve class 214 32.4s (cumulative)
[nb_ridge] solve class 215 32.5s (cumulative)
[nb_ridge] solve class 216 32.6s (cumulative)
[nb_ridge] solve class 217 32.8s (cumulative)
[nb_ridge] solve class 218 32.9s (cumulative)
[nb_ridge] solve class 219 33.0s (cumulative)
[nb_ridge] solve class 220 33.2s (cumulative)
[nb_ridge] solve class 221 33.3s (cumulative)
[nb_ridge] solve class 222 33.4s (cumulative)
[nb_ridge] solve class 223 33.6s (cumulative)
[nb_ridge] solve class 224 33.7s (cumulative)
[nb_ridge] solve class 225 33.9s (cumulative)
[nb_ridge] solve class 226 34.0s (cumulative)
[nb_ridge] solve class 227 34.1s (cumulative)
[nb_ridge] solve class 228 34.3s (cumulative)
[nb_ridge] solve class 229 34.4s (cumulative)
[nb_ridge] solve class 230 34.6s (cumulative)
[nb_ridge] solve class 231 34.7s (cumulative)
[nb_ridge] solve class 232 34.8s (cumulative)
[nb_ridge] solve class 233 35.0s (cumulative)
[nb_ridge] solve class 234 35.1s (cumulative)
[nb_ridge] solve class 235 35.3s (cumulative)
[nb_ridge] solve class 236 35.4s (cumulative)
[nb_ridge] solve class 237 35.5s (cumulative)
[nb_ridge] solve class 238 35.7s (cumulative)
[nb_ridge] solve class 239 35.8s (cumulative)
[nb_ridge] solve class 240 36.0s (cumulative)
[nb_ridge] solve class 241 36.1s (cumulative)
[nb_ridge] solve class 242 36.3s (cumulative)
[nb_ridge] solve class 243 36.4s (cumulative)
[nb_ridge] solve class 244 36.5s (cumulative)
[nb_ridge] solve class 245 36.7s (cumulative)
[nb_ridge] solve class 246 36.8s (cumulative)
[nb_ridge] solve class 247 36.9s (cumulative)
[nb_ridge] solve class 248 37.1s (cumulative)
[nb_ridge] solve class 249 37.2s (cumulative)
[nb_ridge] solve class 250 37.4s (cumulative)
[nb_ridge] solve class 251 37.5s (cumulative)
[nb_ridge] solve class 252 37.6s (cumulative)
[nb_ridge] solve class 253 37.8s (cumulative)
[nb_ridge] solve class 254 37.9s (cumulative)
[nb_ridge] solve class 255 38.1s (cumulative)
[nb_ridge] solve class 256 38.2s (cumulative)
[nb_ridge] solve class 257 38.4s (cumulative)
[nb_ridge] solve class 258 38.5s (cumulative)
[nb_ridge] solve class 259 38.6s (cumulative)
[nb_ridge] solve class 260 38.8s (cumulative)
[nb_ridge] solve class 261 38.9s (cumulative)
[nb_ridge] solve class 262 39.1s (cumulative)
[nb_ridge] solve class 263 39.2s (cumulative)
[nb_ridge] solve class 264 39.3s (cumulative)
[nb_ridge] solve class 265 39.5s (cumulative)
[nb_ridge] solve class 266 39.6s (cumulative)
[nb_ridge] solve class 267 39.8s (cumulative)
[nb_ridge] solve class 268 39.9s (cumulative)
[nb_ridge] solve class 269 40.1s (cumulative)
[nb_ridge] solve class 270 40.2s (cumulative)
[nb_ridge] solve class 271 40.4s (cumulative)
[nb_ridge] solve class 272 40.5s (cumulative)
[nb_ridge] solve class 273 40.7s (cumulative)
[nb_ridge] solve class 274 40.8s (cumulative)
[nb_ridge] solve class 275 41.0s (cumulative)
[nb_ridge] solve class 276 41.1s (cumulative)
[nb_ridge] solve class 277 41.3s (cumulative)
[nb_ridge] solve class 278 41.4s (cumulative)
[nb_ridge] solve class 279 41.5s (cumulative)
[nb_ridge] solve class 280 41.7s (cumulative)
[nb_ridge] solve class 281 41.8s (cumulative)
[nb_ridge] solve class 282 42.0s (cumulative)
[nb_ridge] solve class 283 42.1s (cumulative)
[nb_ridge] solve class 284 42.3s (cumulative)
[nb_ridge] solve class 285 42.4s (cumulative)
[nb_ridge] solve class 286 42.6s (cumulative)
[nb_ridge] solve class 287 42.7s (cumulative)
[nb_ridge] solve class 288 42.9s (cumulative)
[nb_ridge] solve class 289 43.0s (cumulative)
[nb_ridge] solve class 290 43.1s (cumulative)
[nb_ridge] solve class 291 43.3s (cumulative)
[nb_ridge] solve class 292 43.4s (cumulative)
[nb_ridge] solve class 293 43.6s (cumulative)
[nb_ridge] solve class 294 43.8s (cumulative)
[nb_ridge] solve class 295 43.9s (cumulative)
[nb_ridge] solve class 296 44.1s (cumulative)
[nb_ridge] solve class 297 44.2s (cumulative)
[nb_ridge] solve class 298 44.4s (cumulative)
[nb_ridge] solve class 299 44.5s (cumulative)
[nb_ridge] solve class 300 44.7s (cumulative)
[nb_ridge] solve class 301 44.8s (cumulative)
[nb_ridge] solve class 302 45.0s (cumulative)
[nb_ridge] solve class 303 45.1s (cumulative)
[nb_ridge] solve class 304 45.3s (cumulative)
[nb_ridge] solve class 305 45.4s (cumulative)
[nb_ridge] solve class 306 45.6s (cumulative)
[nb_ridge] solve class 307 45.7s (cumulative)
[nb_ridge] solve class 308 45.9s (cumulative)
[nb_ridge] solve class 309 46.0s (cumulative)
[nb_ridge] solve class 310 46.1s (cumulative)
[nb_ridge] solve class 311 46.3s (cumulative)
[nb_ridge] solve class 312 46.4s (cumulative)
[nb_ridge] solve class 313 46.5s (cumulative)
[nb_ridge] solve class 314 46.7s (cumulative)
[nb_ridge] solve class 315 46.8s (cumulative)
[nb_ridge] solve class 316 47.0s (cumulative)
[nb_ridge] solve class 317 47.1s (cumulative)
[nb_ridge] solve class 318 47.3s (cumulative)
[nb_ridge] solve class 319 47.4s (cumulative)
[nb_ridge] solve class 320 47.6s (cumulative)
[nb_ridge] solve class 321 47.7s (cumulative)
[nb_ridge] solve class 322 47.9s (cumulative)
[nb_ridge] solve class 323 48.0s (cumulative)
[nb_ridge] solve class 324 48.1s (cumulative)
[nb_ridge] solve class 325 48.3s (cumulative)
[nb_ridge] solve class 326 48.4s (cumulative)
[nb_ridge] solve class 327 48.6s (cumulative)
[nb_ridge] solve class 328 48.7s (cumulative)
[nb_ridge] solve class 329 48.8s (cumulative)
[nb_ridge] solve class 330 49.0s (cumulative)
[nb_ridge] solve class 331 49.1s (cumulative)
[nb_ridge] solve class 332 49.3s (cumulative)
[nb_ridge] solve class 333 49.4s (cumulative)
[nb_ridge] solve class 334 49.5s (cumulative)
[nb_ridge] solve class 335 49.7s (cumulative)
[nb_ridge] solve class 336 49.8s (cumulative)
[nb_ridge] solve class 337 50.0s (cumulative)
[nb_ridge] solve class 338 50.1s (cumulative)
[nb_ridge] solve class 339 50.3s (cumulative)
[nb_ridge] solve class 340 50.4s (cumulative)
[nb_ridge] solve class 341 50.5s (cumulative)
[nb_ridge] solve class 342 50.7s (cumulative)
[nb_ridge] solve class 343 50.8s (cumulative)
[nb_ridge] solve class 344 50.9s (cumulative)
[nb_ridge] solve class 345 51.1s (cumulative)
[nb_ridge] solve class 346 51.3s (cumulative)
[nb_ridge] solve class 347 51.4s (cumulative)
[nb_ridge] solve class 348 51.5s (cumulative)
[nb_ridge] solve class 349 51.7s (cumulative)
[nb_ridge] solve class 350 51.8s (cumulative)
[nb_ridge] solve class 351 51.9s (cumulative)
[nb_ridge] solve class 352 52.1s (cumulative)
[nb_ridge] solve class 353 52.2s (cumulative)
[nb_ridge] solve class 354 52.4s (cumulative)
[nb_ridge] solve class 355 52.5s (cumulative)
[nb_ridge] solve class 356 52.6s (cumulative)
[nb_ridge] solve class 357 52.8s (cumulative)
[nb_ridge] solve class 358 52.9s (cumulative)
[nb_ridge] solve class 359 53.1s (cumulative)
[nb_ridge] solve class 360 53.2s (cumulative)
[nb_ridge] solve class 361 53.4s (cumulative)
[nb_ridge] solve class 362 53.5s (cumulative)
[nb_ridge] solve class 363 53.6s (cumulative)
[nb_ridge] solve class 364 53.8s (cumulative)
[nb_ridge] solve class 365 53.9s (cumulative)
[nb_ridge] solve class 366 54.0s (cumulative)
[nb_ridge] solve class 367 54.2s (cumulative)
[nb_ridge] solve class 368 54.3s (cumulative)
[nb_ridge] solve class 369 54.4s (cumulative)
[nb_ridge] solve class 370 54.6s (cumulative)
[nb_ridge] solve class 371 54.7s (cumulative)
[nb_ridge] solve class 372 54.9s (cumulative)
[nb_ridge] solve class 373 55.0s (cumulative)
[nb_ridge] solve class 374 55.2s (cumulative)
[nb_ridge] solve class 375 55.3s (cumulative)
[nb_ridge] solve class 376 55.4s (cumulative)
[nb_ridge] solve class 377 55.6s (cumulative)
[nb_ridge] solve class 378 55.7s (cumulative)
[nb_ridge] solve class 379 55.9s (cumulative)
[nb_ridge] solve class 380 56.0s (cumulative)
[nb_ridge] solve class 381 56.2s (cumulative)
[nb_ridge] solve class 382 56.3s (cumulative)
[nb_ridge] solve class 383 56.4s (cumulative)
[nb_ridge] solve class 384 56.6s (cumulative)
[nb_ridge] solve class 385 56.7s (cumulative)
[nb_ridge] solve class 386 56.8s (cumulative)
[nb_ridge] solve class 387 57.0s (cumulative)
[nb_ridge] solve class 388 57.1s (cumulative)
[nb_ridge] solve class 389 57.3s (cumulative)
[nb_ridge] solve class 390 57.4s (cumulative)
[nb_ridge] solve class 391 57.5s (cumulative)
[nb_ridge] solve class 392 57.7s (cumulative)
[nb_ridge] solve class 393 57.8s (cumulative)
[nb_ridge] solve class 394 58.0s (cumulative)
[nb_ridge] solve class 395 58.1s (cumulative)
[nb_ridge] solve class 396 58.2s (cumulative)
[nb_ridge] solve class 397 58.4s (cumulative)
[nb_ridge] solve class 398 58.5s (cumulative)
[nb_ridge] solve class 399 58.6s (cumulative)
[nb_ridge] solve class 400 58.8s (cumulative)
[nb_ridge] solve class 401 58.9s (cumulative)
[nb_ridge] solve class 402 59.1s (cumulative)
[nb_ridge] solve class 403 59.2s (cumulative)
[nb_ridge] solve class 404 59.4s (cumulative)
[nb_ridge] solve class 405 59.5s (cumulative)
[nb_ridge] solve class 406 59.6s (cumulative)
[nb_ridge] solve class 407 59.8s (cumulative)
[nb_ridge] solve class 408 59.9s (cumulative)
[nb_ridge] solve class 409 60.1s (cumulative)
[nb_ridge] solve class 410 60.2s (cumulative)
[nb_ridge] solve class 411 60.3s (cumulative)
[nb_ridge] solve class 412 60.5s (cumulative)
[nb_ridge] solve class 413 60.6s (cumulative)
[nb_ridge] solve class 414 60.8s (cumulative)
[nb_ridge] solve class 415 60.9s (cumulative)
[nb_ridge] solve class 416 61.1s (cumulative)
[nb_ridge] solve class 417 61.2s (cumulative)
[nb_ridge] solve class 418 61.3s (cumulative)
[nb_ridge] solve class 419 61.5s (cumulative)
[nb_ridge] solve class 420 61.6s (cumulative)
[nb_ridge] solve class 421 61.8s (cumulative)
[nb_ridge] solve class 422 61.9s (cumulative)
[nb_ridge] solve class 423 62.0s (cumulative)
[nb_ridge] solve class 424 62.2s (cumulative)
[nb_ridge] solve class 425 62.3s (cumulative)
[nb_ridge] solve class 426 62.5s (cumulative)
[nb_ridge] solve class 427 62.6s (cumulative)
[nb_ridge] solve class 428 62.7s (cumulative)
[nb_ridge] solve class 429 62.9s (cumulative)
[nb_ridge] solve class 430 63.0s (cumulative)
[nb_ridge] solve class 431 63.1s (cumulative)
[nb_ridge] solve class 432 63.3s (cumulative)
[nb_ridge] solve class 433 63.4s (cumulative)
[nb_ridge] solve class 434 63.6s (cumulative)
[nb_ridge] solve class 435 63.7s (cumulative)
[nb_ridge] solve class 436 63.9s (cumulative)
[nb_ridge] solve class 437 64.0s (cumulative)
[nb_ridge] solve class 438 64.1s (cumulative)
[nb_ridge] solve class 439 64.3s (cumulative)
[nb_ridge] solve class 440 64.4s (cumulative)
[nb_ridge] solve class 441 64.6s (cumulative)
[nb_ridge] solve class 442 64.7s (cumulative)
[nb_ridge] solve class 443 64.9s (cumulative)
[nb_ridge] solve class 444 65.0s (cumulative)
[nb_ridge] solve class 445 65.2s (cumulative)
[nb_ridge] solve class 446 65.3s (cumulative)
[nb_ridge] solve class 447 65.4s (cumulative)
[nb_ridge] solve class 448 65.6s (cumulative)
[nb_ridge] solve class 449 65.7s (cumulative)
[nb_ridge] solve class 450 65.8s (cumulative)
[nb_ridge] solve class 451 66.0s (cumulative)
[nb_ridge] solve class 452 66.1s (cumulative)
[nb_ridge] solve class 453 66.3s (cumulative)
[nb_ridge] solve class 454 66.4s (cumulative)
[nb_ridge] solve class 455 66.5s (cumulative)
[nb_ridge] solve class 456 66.7s (cumulative)
[nb_ridge] solve class 457 66.8s (cumulative)
[nb_ridge] solve class 458 67.0s (cumulative)
[nb_ridge] solve class 459 67.1s (cumulative)
[nb_ridge] solve class 460 67.3s (cumulative)
[nb_ridge] solve class 461 67.4s (cumulative)
[nb_ridge] solve class 462 67.6s (cumulative)
[nb_ridge] solve class 463 67.7s (cumulative)
[nb_ridge] solve class 464 67.9s (cumulative)
[nb_ridge] solve class 465 68.0s (cumulative)
[nb_ridge] solve class 466 68.2s (cumulative)
[nb_ridge] solve class 467 68.3s (cumulative)
[nb_ridge] solve class 468 68.5s (cumulative)
[nb_ridge] solve class 469 68.6s (cumulative)
[nb_ridge] solve class 470 68.8s (cumulative)
[nb_ridge] solve class 471 68.9s (cumulative)
[nb_ridge] solve class 472 69.1s (cumulative)
[nb_ridge] solve class 473 69.3s (cumulative)
[nb_ridge] solve class 474 69.4s (cumulative)
[nb_ridge] solve class 475 69.6s (cumulative)
[nb_ridge] solve class 476 69.7s (cumulative)
[nb_ridge] solve class 477 69.9s (cumulative)
[nb_ridge] solve class 478 70.0s (cumulative)
[nb_ridge] solve class 479 70.2s (cumulative)
[nb_ridge] solve class 480 70.3s (cumulative)
[nb_ridge] solve class 481 70.5s (cumulative)
[nb_ridge] solve class 482 70.7s (cumulative)
[nb_ridge] solve class 483 70.8s (cumulative)
[nb_ridge] solve class 484 71.0s (cumulative)
[nb_ridge] solve class 485 71.1s (cumulative)
[nb_ridge] solve class 486 71.3s (cumulative)
[nb_ridge] solve class 487 71.4s (cumulative)
[nb_ridge] solve class 488 71.6s (cumulative)
[nb_ridge] solve class 489 71.7s (cumulative)
[nb_ridge] solve class 490 71.9s (cumulative)
[nb_ridge] solve class 491 72.0s (cumulative)
[nb_ridge] solve class 492 72.2s (cumulative)
[nb_ridge] solve class 493 72.4s (cumulative)
[nb_ridge] solve class 494 72.6s (cumulative)
[nb_ridge] solve class 495 72.7s (cumulative)
[nb_ridge] solve class 496 72.8s (cumulative)
[nb_ridge] solve class 497 73.0s (cumulative)
[nb_ridge] solve class 498 73.2s (cumulative)
[nb_ridge] solve class 499 73.3s (cumulative)
[nb_ridge] solve class 500 73.4s (cumulative)
[nb_ridge] solve class 501 73.6s (cumulative)
[nb_ridge] solve class 502 73.7s (cumulative)
[nb_ridge] solve class 503 73.9s (cumulative)
[nb_ridge] solve class 504 74.0s (cumulative)
[nb_ridge] solve class 505 74.2s (cumulative)
[nb_ridge] solve class 506 74.3s (cumulative)
[nb_ridge] solve class 507 74.4s (cumulative)
[nb_ridge] solve class 508 74.6s (cumulative)
[nb_ridge] solve class 509 74.7s (cumulative)
[nb_ridge] solve class 510 74.9s (cumulative)
[nb_ridge] solve class 511 75.0s (cumulative)
[nb_ridge] solve class 512 75.2s (cumulative)
[nb_ridge] solve class 513 75.3s (cumulative)
[nb_ridge] solve class 514 75.4s (cumulative)
[nb_ridge] solve class 515 75.6s (cumulative)
[nb_ridge] solve class 516 75.7s (cumulative)
[nb_ridge] solve class 517 75.9s (cumulative)
[nb_ridge] solve class 518 76.0s (cumulative)
[nb_ridge] solve class 519 76.2s (cumulative)
[nb_ridge] solve class 520 76.3s (cumulative)
[nb_ridge] solve class 521 76.5s (cumulative)
[nb_ridge] solve class 522 76.6s (cumulative)
[nb_ridge] solve class 523 76.8s (cumulative)
[nb_ridge] solve class 524 76.9s (cumulative)
[nb_ridge] solve class 525 77.0s (cumulative)
[nb_ridge] solve class 526 77.2s (cumulative)
[nb_ridge] solve class 527 77.3s (cumulative)
[nb_ridge] solve class 528 77.5s (cumulative)
[nb_ridge] solve class 529 77.6s (cumulative)
[nb_ridge] solve class 530 77.8s (cumulative)
[nb_ridge] solve class 531 77.9s (cumulative)
[nb_ridge] solve class 532 78.1s (cumulative)
[nb_ridge] solve class 533 78.2s (cumulative)
[nb_ridge] solve class 534 78.3s (cumulative)
[nb_ridge] solve class 535 78.5s (cumulative)
[nb_ridge] solve class 536 78.6s (cumulative)
[nb_ridge] solve class 537 78.8s (cumulative)
[nb_ridge] solve class 538 78.9s (cumulative)
[nb_ridge] solve class 539 79.1s (cumulative)
[nb_ridge] solve class 540 79.2s (cumulative)
[nb_ridge] solve class 541 79.4s (cumulative)
[nb_ridge] solve class 542 79.5s (cumulative)
[nb_ridge] solve class 543 79.7s (cumulative)
[nb_ridge] solve class 544 79.8s (cumulative)
[nb_ridge] solve class 545 80.0s (cumulative)
[nb_ridge] solve class 546 80.1s (cumulative)
[nb_ridge] solve class 547 80.3s (cumulative)
[nb_ridge] solve class 548 80.4s (cumulative)
[nb_ridge] solve class 549 80.6s (cumulative)
[nb_ridge] solve class 550 80.7s (cumulative)
[nb_ridge] solve class 551 80.9s (cumulative)
[nb_ridge] solve class 552 81.0s (cumulative)
[nb_ridge] solve class 553 81.2s (cumulative)
[nb_ridge] solve class 554 81.3s (cumulative)
[nb_ridge] solve class 555 81.5s (cumulative)
[nb_ridge] solve class 556 81.6s (cumulative)
[nb_ridge] solve class 557 81.7s (cumulative)
[nb_ridge] solve class 558 81.9s (cumulative)
[nb_ridge] solve class 559 82.0s (cumulative)
[nb_ridge] solve class 560 82.2s (cumulative)
[nb_ridge] solve class 561 82.3s (cumulative)
[nb_ridge] solve class 562 82.5s (cumulative)
[nb_ridge] solve class 563 82.6s (cumulative)
[nb_ridge] solve class 564 82.8s (cumulative)
[nb_ridge] solve class 565 82.9s (cumulative)
[nb_ridge] solve class 566 83.1s (cumulative)
[nb_ridge] solve class 567 83.2s (cumulative)
[nb_ridge] solve class 568 83.4s (cumulative)
[nb_ridge] solve class 569 83.5s (cumulative)
[nb_ridge] solve class 570 83.7s (cumulative)
[nb_ridge] solve class 571 83.8s (cumulative)
[nb_ridge] solve class 572 84.0s (cumulative)
[nb_ridge] solve class 573 84.1s (cumulative)
[nb_ridge] solve class 574 84.3s (cumulative)
[nb_ridge] solve class 575 84.4s (cumulative)
[nb_ridge] solve class 576 84.6s (cumulative)
[nb_ridge] solve class 577 84.7s (cumulative)
[nb_ridge] solve class 578 84.9s (cumulative)
[nb_ridge] solve class 579 85.0s (cumulative)
[nb_ridge] solve class 580 85.2s (cumulative)
[nb_ridge] solve class 581 85.3s (cumulative)
[nb_ridge] solve class 582 85.4s (cumulative)
[nb_ridge] solve class 583 85.6s (cumulative)
[nb_ridge] solve class 584 85.8s (cumulative)
[nb_ridge] solve class 585 85.9s (cumulative)
[nb_ridge] solve class 586 86.0s (cumulative)
[nb_ridge] solve class 587 86.2s (cumulative)
[nb_ridge] solve class 588 86.3s (cumulative)
[nb_ridge] solve class 589 86.5s (cumulative)
[nb_ridge] solve class 590 86.6s (cumulative)
[nb_ridge] solve class 591 86.8s (cumulative)
[nb_ridge] solve class 592 86.9s (cumulative)
[nb_ridge] solve class 593 87.0s (cumulative)
[nb_ridge] solve class 594 87.2s (cumulative)
[nb_ridge] solve class 595 87.3s (cumulative)
[nb_ridge] solve class 596 87.4s (cumulative)
[nb_ridge] solve class 597 87.6s (cumulative)
[nb_ridge] solve class 598 87.7s (cumulative)
[nb_ridge] solve class 599 87.9s (cumulative)
[nb_ridge] solve class 600 88.0s (cumulative)
[nb_ridge] solve class 601 88.1s (cumulative)
[nb_ridge] solve class 602 88.3s (cumulative)
[nb_ridge] solve class 603 88.4s (cumulative)
[nb_ridge] solve class 604 88.6s (cumulative)
[nb_ridge] solve class 605 88.7s (cumulative)
[nb_ridge] solve class 606 88.8s (cumulative)
[nb_ridge] solve class 607 89.0s (cumulative)
[nb_ridge] solve class 608 89.1s (cumulative)
[nb_ridge] solve class 609 89.3s (cumulative)
[nb_ridge] solve class 610 89.4s (cumulative)
[nb_ridge] solve class 611 89.6s (cumulative)
[nb_ridge] solve class 612 89.7s (cumulative)
[nb_ridge] solve class 613 89.9s (cumulative)
[nb_ridge] solve class 614 90.0s (cumulative)
[nb_ridge] solve class 615 90.2s (cumulative)
[nb_ridge] solve class 616 90.3s (cumulative)
[nb_ridge] solve class 617 90.4s (cumulative)
[nb_ridge] solve class 618 90.6s (cumulative)
[nb_ridge] solve class 619 90.7s (cumulative)
[nb_ridge] solve class 620 90.9s (cumulative)
[nb_ridge] solve class 621 91.0s (cumulative)
[nb_ridge] solve class 622 91.2s (cumulative)
[nb_ridge] solve class 623 91.3s (cumulative)
[nb_ridge] solve class 624 91.5s (cumulative)
[nb_ridge] solve class 625 91.6s (cumulative)
[nb_ridge] solve class 626 91.7s (cumulative)
[nb_ridge] solve class 627 91.9s (cumulative)
[nb_ridge] solve class 628 92.0s (cumulative)
[nb_ridge] solve class 629 92.2s (cumulative)
[nb_ridge] solve class 630 92.3s (cumulative)
[nb_ridge] solve class 631 92.4s (cumulative)
[nb_ridge] solve class 632 92.6s (cumulative)
[nb_ridge] solve class 633 92.7s (cumulative)
[nb_ridge] solve class 634 92.8s (cumulative)
[nb_ridge] solve class 635 93.0s (cumulative)
[nb_ridge] solve class 636 93.1s (cumulative)
[nb_ridge] solve class 637 93.3s (cumulative)
[nb_ridge] solve class 638 93.4s (cumulative)
[nb_ridge] solve class 639 93.5s (cumulative)
[nb_ridge] solve class 640 93.7s (cumulative)
[nb_ridge] solve class 641 93.8s (cumulative)
[nb_ridge] solve class 642 93.9s (cumulative)
[nb_ridge] solve class 643 94.1s (cumulative)
[nb_ridge] solve class 644 94.2s (cumulative)
[nb_ridge] solve class 645 94.3s (cumulative)
[nb_ridge] solve class 646 94.5s (cumulative)
[nb_ridge] solve class 647 94.6s (cumulative)
[nb_ridge] solve class 648 94.8s (cumulative)
[nb_ridge] solve class 649 94.9s (cumulative)
[nb_ridge] solve class 650 95.0s (cumulative)
[nb_ridge] solve class 651 95.2s (cumulative)
[nb_ridge] solve class 652 95.3s (cumulative)
[nb_ridge] solve class 653 95.5s (cumulative)
[nb_ridge] solve class 654 95.6s (cumulative)
[nb_ridge] solve class 655 95.7s (cumulative)
[nb_ridge] solve class 656 95.9s (cumulative)
[nb_ridge] solve class 657 96.0s (cumulative)
[nb_ridge] solve class 658 96.2s (cumulative)
[nb_ridge] solve class 659 96.3s (cumulative)
[nb_ridge] solve class 660 96.5s (cumulative)
[nb_ridge] solve class 661 96.6s (cumulative)
[nb_ridge] solve class 662 96.7s (cumulative)
[nb_ridge] solve class 663 96.9s (cumulative)
[nb_ridge] solve class 664 97.0s (cumulative)
[nb_ridge] solve class 665 97.1s (cumulative)
[nb_ridge] solve class 666 97.3s (cumulative)
[nb_ridge] solve class 667 97.4s (cumulative)
[nb_ridge] solve class 668 97.6s (cumulative)
[nb_ridge] solve class 669 97.7s (cumulative)
[nb_ridge] solve class 670 97.8s (cumulative)
[nb_ridge] solve class 671 98.0s (cumulative)
[nb_ridge] solve class 672 98.1s (cumulative)
[nb_ridge] solve class 673 98.3s (cumulative)
[nb_ridge] solve class 674 98.4s (cumulative)
[nb_ridge] solve class 675 98.5s (cumulative)
[nb_ridge] solve class 676 98.7s (cumulative)
[nb_ridge] solve class 677 98.8s (cumulative)
[nb_ridge] solve class 678 99.0s (cumulative)
[nb_ridge] solve class 679 99.1s (cumulative)
[nb_ridge] solve class 680 99.3s (cumulative)
[nb_ridge] solve class 681 99.4s (cumulative)
[nb_ridge] solve class 682 99.6s (cumulative)
[nb_ridge] solve class 683 99.7s (cumulative)
[nb_ridge] solve class 684 99.8s (cumulative)
[nb_ridge] solve class 685 100.0s (cumulative)
[nb_ridge] solve class 686 100.1s (cumulative)
[nb_ridge] solve class 687 100.3s (cumulative)
[nb_ridge] solve class 688 100.4s (cumulative)
[nb_ridge] solve class 689 100.5s (cumulative)
[nb_ridge] solve class 690 100.7s (cumulative)
[nb_ridge] solve class 691 100.8s (cumulative)
[nb_ridge] solve class 692 101.0s (cumulative)
[nb_ridge] solve class 693 101.1s (cumulative)
[nb_ridge] solve class 694 101.3s (cumulative)
[nb_ridge] solve class 695 101.4s (cumulative)
[nb_ridge] solve class 696 101.5s (cumulative)
[nb_ridge] solve class 697 101.7s (cumulative)
[nb_ridge] solve class 698 101.8s (cumulative)
[nb_ridge] solve class 699 102.0s (cumulative)
[nb_ridge] solve class 700 102.1s (cumulative)
[nb_ridge] solve class 701 102.3s (cumulative)
[nb_ridge] solve class 702 102.4s (cumulative)
[nb_ridge] solve class 703 102.5s (cumulative)
[nb_ridge] solve class 704 102.7s (cumulative)
[nb_ridge] solve class 705 102.8s (cumulative)
[nb_ridge] solve class 706 103.0s (cumulative)
[nb_ridge] solve class 707 103.1s (cumulative)
[nb_ridge] solve class 708 103.2s (cumulative)
[nb_ridge] solve class 709 103.4s (cumulative)
[nb_ridge] solve class 710 103.5s (cumulative)
[nb_ridge] solve class 711 103.7s (cumulative)
[nb_ridge] solve class 712 103.8s (cumulative)
[nb_ridge] solve class 713 103.9s (cumulative)
[nb_ridge] solve class 714 104.1s (cumulative)
[nb_ridge] solve class 715 104.2s (cumulative)
[nb_ridge] solve class 716 104.3s (cumulative)
[nb_ridge] solve class 717 104.5s (cumulative)
[nb_ridge] solve class 718 104.6s (cumulative)
[nb_ridge] solve class 719 104.8s (cumulative)
[nb_ridge] solve class 720 104.9s (cumulative)
[nb_ridge] solve class 721 105.0s (cumulative)
[nb_ridge] solve class 722 105.2s (cumulative)
[nb_ridge] solve class 723 105.3s (cumulative)
[nb_ridge] solve class 724 105.5s (cumulative)
[nb_ridge] solve class 725 105.6s (cumulative)
[nb_ridge] solve class 726 105.8s (cumulative)
[nb_ridge] solve class 727 105.9s (cumulative)
[nb_ridge] solve class 728 106.0s (cumulative)
[nb_ridge] solve class 729 106.2s (cumulative)
[nb_ridge] solve class 730 106.3s (cumulative)
[nb_ridge] solve class 731 106.5s (cumulative)
[nb_ridge] solve class 732 106.6s (cumulative)
[nb_ridge] solve class 733 106.8s (cumulative)
[nb_ridge] solve class 734 107.0s (cumulative)
[nb_ridge] solve class 735 107.1s (cumulative)
[nb_ridge] solve class 736 107.3s (cumulative)
[nb_ridge] solve class 737 107.4s (cumulative)
[nb_ridge] solve class 738 107.5s (cumulative)
[nb_ridge] solve class 739 107.7s (cumulative)
[nb_ridge] solve class 740 107.9s (cumulative)
[nb_ridge] solve class 741 108.0s (cumulative)
[nb_ridge] solve class 742 108.2s (cumulative)
[nb_ridge] solve class 743 108.3s (cumulative)
[nb_ridge] solve class 744 108.4s (cumulative)
[nb_ridge] solve class 745 108.6s (cumulative)
[nb_ridge] solve class 746 108.7s (cumulative)
[nb_ridge] solve class 747 108.9s (cumulative)
[nb_ridge] solve class 748 109.0s (cumulative)
[nb_ridge] solve class 749 109.2s (cumulative)
[nb_ridge] solve class 750 109.3s (cumulative)
[nb_ridge] solve class 751 109.5s (cumulative)
[nb_ridge] solve class 752 109.6s (cumulative)
[nb_ridge] solve class 753 109.8s (cumulative)
[nb_ridge] solve class 754 109.9s (cumulative)
[nb_ridge] solve class 755 110.1s (cumulative)
[nb_ridge] solve class 756 110.2s (cumulative)
[nb_ridge] solve class 757 110.3s (cumulative)
[nb_ridge] solve class 758 110.5s (cumulative)
[nb_ridge] solve class 759 110.6s (cumulative)
[nb_ridge] solve class 760 110.8s (cumulative)
[nb_ridge] solve class 761 111.0s (cumulative)
[nb_ridge] solve class 762 111.2s (cumulative)
[nb_ridge] solve class 763 111.3s (cumulative)
[nb_ridge] solve class 764 111.4s (cumulative)
[nb_ridge] solve class 765 111.6s (cumulative)
[nb_ridge] solve class 766 111.7s (cumulative)
[nb_ridge] solve class 767 111.9s (cumulative)
[nb_ridge] solve class 768 112.0s (cumulative)
[nb_ridge] solve class 769 112.2s (cumulative)
[nb_ridge] solve class 770 112.3s (cumulative)
[nb_ridge] solve class 771 112.4s (cumulative)
[nb_ridge] solve class 772 112.6s (cumulative)
[nb_ridge] solve class 773 112.7s (cumulative)
[nb_ridge] solve class 774 112.9s (cumulative)
[nb_ridge] solve class 775 113.0s (cumulative)
[nb_ridge] solve class 776 113.2s (cumulative)
[nb_ridge] solve class 777 113.3s (cumulative)
[nb_ridge] solve class 778 113.5s (cumulative)
[nb_ridge] solve class 779 113.6s (cumulative)
[nb_ridge] solve class 780 113.8s (cumulative)
[nb_ridge] solve class 781 113.9s (cumulative)
[nb_ridge] solve class 782 114.1s (cumulative)
[nb_ridge] solve class 783 114.3s (cumulative)
[nb_ridge] solve class 784 114.4s (cumulative)
[nb_ridge] solve class 785 114.6s (cumulative)
[nb_ridge] solve class 786 114.8s (cumulative)
[nb_ridge] solve class 787 114.9s (cumulative)
[nb_ridge] solve class 788 115.1s (cumulative)
[nb_ridge] solve class 789 115.2s (cumulative)
[nb_ridge] solve class 790 115.4s (cumulative)
[nb_ridge] solve class 791 115.6s (cumulative)
[nb_ridge] solve class 792 115.7s (cumulative)
[nb_ridge] solve class 793 115.8s (cumulative)
[nb_ridge] solve class 794 116.0s (cumulative)
[nb_ridge] solve class 795 116.2s (cumulative)
[nb_ridge] solve class 796 116.3s (cumulative)
[nb_ridge] solve class 797 116.5s (cumulative)
[nb_ridge] solve class 798 116.6s (cumulative)
[nb_ridge] solve class 799 116.8s (cumulative)
[nb_ridge] solve class 800 116.9s (cumulative)
[nb_ridge] solve class 801 117.0s (cumulative)
[nb_ridge] solve class 802 117.2s (cumulative)
[nb_ridge] solve class 803 117.3s (cumulative)
[nb_ridge] solve class 804 117.4s (cumulative)
[nb_ridge] solve class 805 117.6s (cumulative)
[nb_ridge] solve class 806 117.7s (cumulative)
[nb_ridge] solve class 807 117.9s (cumulative)
[nb_ridge] solve class 808 118.0s (cumulative)
[nb_ridge] solve class 809 118.1s (cumulative)
[nb_ridge] solve class 810 118.3s (cumulative)
[nb_ridge] solve class 811 118.4s (cumulative)
[nb_ridge] solve class 812 118.6s (cumulative)
[nb_ridge] solve class 813 118.7s (cumulative)
[nb_ridge] solve class 814 118.8s (cumulative)
[nb_ridge] solve class 815 119.0s (cumulative)
[nb_ridge] solve class 816 119.1s (cumulative)
[nb_ridge] solve class 817 119.3s (cumulative)
[nb_ridge] solve class 818 119.4s (cumulative)
[nb_ridge] solve class 819 119.5s (cumulative)
[nb_ridge] solve class 820 119.7s (cumulative)
[nb_ridge] solve class 821 119.8s (cumulative)
[nb_ridge] solve class 822 120.0s (cumulative)
[nb_ridge] solve class 823 120.1s (cumulative)
[nb_ridge] solve class 824 120.2s (cumulative)
[nb_ridge] solve class 825 120.4s (cumulative)
[nb_ridge] solve class 826 120.5s (cumulative)
[nb_ridge] solve class 827 120.7s (cumulative)
[nb_ridge] solve class 828 120.8s (cumulative)
[nb_ridge] solve class 829 120.9s (cumulative)
[nb_ridge] solve class 830 121.1s (cumulative)
[nb_ridge] solve class 831 121.2s (cumulative)
[nb_ridge] solve class 832 121.4s (cumulative)
[nb_ridge] solve class 833 121.5s (cumulative)
[nb_ridge] solve class 834 121.7s (cumulative)
[nb_ridge] solve class 835 121.8s (cumulative)
[nb_ridge] solve class 836 122.0s (cumulative)
[nb_ridge] solve class 837 122.1s (cumulative)
[nb_ridge] solve class 838 122.3s (cumulative)
[nb_ridge] solve class 839 122.4s (cumulative)
[nb_ridge] solve class 840 122.6s (cumulative)
[nb_ridge] solve class 841 122.7s (cumulative)
    ridge-select: scale 0.5 → sel-slice acc 0.1700
[nb_ridge] tokenize+counts 0.0s (1981 docs, 842 classes)
[nb_ridge] solve class 0 0.2s (cumulative)
[nb_ridge] solve class 1 0.4s (cumulative)
[nb_ridge] solve class 2 0.5s (cumulative)
[nb_ridge] solve class 3 0.7s (cumulative)
[nb_ridge] solve class 4 0.8s (cumulative)
[nb_ridge] solve class 5 1.0s (cumulative)
[nb_ridge] solve class 6 1.1s (cumulative)
[nb_ridge] solve class 7 1.3s (cumulative)
[nb_ridge] solve class 8 1.5s (cumulative)
[nb_ridge] solve class 9 1.6s (cumulative)
[nb_ridge] solve class 10 1.8s (cumulative)
[nb_ridge] solve class 11 1.9s (cumulative)
[nb_ridge] solve class 12 2.1s (cumulative)
[nb_ridge] solve class 13 2.2s (cumulative)
[nb_ridge] solve class 14 2.4s (cumulative)
[nb_ridge] solve class 15 2.6s (cumulative)
[nb_ridge] solve class 16 2.7s (cumulative)
[nb_ridge] solve class 17 2.9s (cumulative)
[nb_ridge] solve class 18 3.0s (cumulative)
[nb_ridge] solve class 19 3.2s (cumulative)
[nb_ridge] solve class 20 3.3s (cumulative)
[nb_ridge] solve class 21 3.5s (cumulative)
[nb_ridge] solve class 22 3.7s (cumulative)
[nb_ridge] solve class 23 3.8s (cumulative)
[nb_ridge] solve class 24 4.0s (cumulative)
[nb_ridge] solve class 25 4.1s (cumulative)
[nb_ridge] solve class 26 4.3s (cumulative)
[nb_ridge] solve class 27 4.4s (cumulative)
[nb_ridge] solve class 28 4.6s (cumulative)
[nb_ridge] solve class 29 4.7s (cumulative)
[nb_ridge] solve class 30 4.9s (cumulative)
[nb_ridge] solve class 31 5.1s (cumulative)
[nb_ridge] solve class 32 5.2s (cumulative)
[nb_ridge] solve class 33 5.4s (cumulative)
[nb_ridge] solve class 34 5.5s (cumulative)
[nb_ridge] solve class 35 5.7s (cumulative)
[nb_ridge] solve class 36 5.8s (cumulative)
[nb_ridge] solve class 37 6.0s (cumulative)
[nb_ridge] solve class 38 6.1s (cumulative)
[nb_ridge] solve class 39 6.3s (cumulative)
[nb_ridge] solve class 40 6.5s (cumulative)
[nb_ridge] solve class 41 6.6s (cumulative)
[nb_ridge] solve class 42 6.8s (cumulative)
[nb_ridge] solve class 43 6.9s (cumulative)
[nb_ridge] solve class 44 7.1s (cumulative)
[nb_ridge] solve class 45 7.2s (cumulative)
[nb_ridge] solve class 46 7.4s (cumulative)
[nb_ridge] solve class 47 7.5s (cumulative)
[nb_ridge] solve class 48 7.7s (cumulative)
[nb_ridge] solve class 49 7.8s (cumulative)
[nb_ridge] solve class 50 8.0s (cumulative)
[nb_ridge] solve class 51 8.1s (cumulative)
[nb_ridge] solve class 52 8.3s (cumulative)
[nb_ridge] solve class 53 8.5s (cumulative)
[nb_ridge] solve class 54 8.6s (cumulative)
[nb_ridge] solve class 55 8.8s (cumulative)
[nb_ridge] solve class 56 8.9s (cumulative)
[nb_ridge] solve class 57 9.1s (cumulative)
[nb_ridge] solve class 58 9.2s (cumulative)
[nb_ridge] solve class 59 9.4s (cumulative)
[nb_ridge] solve class 60 9.5s (cumulative)
[nb_ridge] solve class 61 9.7s (cumulative)
[nb_ridge] solve class 62 9.8s (cumulative)
[nb_ridge] solve class 63 10.0s (cumulative)
[nb_ridge] solve class 64 10.1s (cumulative)
[nb_ridge] solve class 65 10.3s (cumulative)
[nb_ridge] solve class 66 10.4s (cumulative)
[nb_ridge] solve class 67 10.6s (cumulative)
[nb_ridge] solve class 68 10.7s (cumulative)
[nb_ridge] solve class 69 10.9s (cumulative)
[nb_ridge] solve class 70 11.0s (cumulative)
[nb_ridge] solve class 71 11.2s (cumulative)
[nb_ridge] solve class 72 11.4s (cumulative)
[nb_ridge] solve class 73 11.5s (cumulative)
[nb_ridge] solve class 74 11.7s (cumulative)
[nb_ridge] solve class 75 11.9s (cumulative)
[nb_ridge] solve class 76 12.0s (cumulative)
[nb_ridge] solve class 77 12.2s (cumulative)
[nb_ridge] solve class 78 12.4s (cumulative)
[nb_ridge] solve class 79 12.5s (cumulative)
[nb_ridge] solve class 80 12.7s (cumulative)
[nb_ridge] solve class 81 12.8s (cumulative)
[nb_ridge] solve class 82 13.0s (cumulative)
[nb_ridge] solve class 83 13.2s (cumulative)
[nb_ridge] solve class 84 13.3s (cumulative)
[nb_ridge] solve class 85 13.5s (cumulative)
[nb_ridge] solve class 86 13.6s (cumulative)
[nb_ridge] solve class 87 13.8s (cumulative)
[nb_ridge] solve class 88 13.9s (cumulative)
[nb_ridge] solve class 89 14.1s (cumulative)
[nb_ridge] solve class 90 14.2s (cumulative)
[nb_ridge] solve class 91 14.4s (cumulative)
[nb_ridge] solve class 92 14.5s (cumulative)
[nb_ridge] solve class 93 14.7s (cumulative)
[nb_ridge] solve class 94 14.8s (cumulative)
[nb_ridge] solve class 95 15.0s (cumulative)
[nb_ridge] solve class 96 15.1s (cumulative)
[nb_ridge] solve class 97 15.3s (cumulative)
[nb_ridge] solve class 98 15.4s (cumulative)
[nb_ridge] solve class 99 15.6s (cumulative)
[nb_ridge] solve class 100 15.7s (cumulative)
[nb_ridge] solve class 101 15.9s (cumulative)
[nb_ridge] solve class 102 16.0s (cumulative)
[nb_ridge] solve class 103 16.2s (cumulative)
[nb_ridge] solve class 104 16.3s (cumulative)
[nb_ridge] solve class 105 16.5s (cumulative)
[nb_ridge] solve class 106 16.6s (cumulative)
[nb_ridge] solve class 107 16.8s (cumulative)
[nb_ridge] solve class 108 16.9s (cumulative)
[nb_ridge] solve class 109 17.0s (cumulative)
[nb_ridge] solve class 110 17.2s (cumulative)
[nb_ridge] solve class 111 17.3s (cumulative)
[nb_ridge] solve class 112 17.5s (cumulative)
[nb_ridge] solve class 113 17.6s (cumulative)
[nb_ridge] solve class 114 17.8s (cumulative)
[nb_ridge] solve class 115 17.9s (cumulative)
[nb_ridge] solve class 116 18.1s (cumulative)
[nb_ridge] solve class 117 18.2s (cumulative)
[nb_ridge] solve class 118 18.4s (cumulative)
[nb_ridge] solve class 119 18.5s (cumulative)
[nb_ridge] solve class 120 18.7s (cumulative)
[nb_ridge] solve class 121 18.8s (cumulative)
[nb_ridge] solve class 122 19.0s (cumulative)
[nb_ridge] solve class 123 19.1s (cumulative)
[nb_ridge] solve class 124 19.3s (cumulative)
[nb_ridge] solve class 125 19.4s (cumulative)
[nb_ridge] solve class 126 19.6s (cumulative)
[nb_ridge] solve class 127 19.7s (cumulative)
[nb_ridge] solve class 128 19.9s (cumulative)
[nb_ridge] solve class 129 20.0s (cumulative)
[nb_ridge] solve class 130 20.2s (cumulative)
[nb_ridge] solve class 131 20.3s (cumulative)
[nb_ridge] solve class 132 20.5s (cumulative)
[nb_ridge] solve class 133 20.6s (cumulative)
[nb_ridge] solve class 134 20.8s (cumulative)
[nb_ridge] solve class 135 20.9s (cumulative)
[nb_ridge] solve class 136 21.1s (cumulative)
[nb_ridge] solve class 137 21.3s (cumulative)
[nb_ridge] solve class 138 21.4s (cumulative)
[nb_ridge] solve class 139 21.6s (cumulative)
[nb_ridge] solve class 140 21.8s (cumulative)
[nb_ridge] solve class 141 21.9s (cumulative)
[nb_ridge] solve class 142 22.1s (cumulative)
[nb_ridge] solve class 143 22.2s (cumulative)
[nb_ridge] solve class 144 22.4s (cumulative)
[nb_ridge] solve class 145 22.5s (cumulative)
[nb_ridge] solve class 146 22.7s (cumulative)
[nb_ridge] solve class 147 22.9s (cumulative)
[nb_ridge] solve class 148 23.0s (cumulative)
[nb_ridge] solve class 149 23.2s (cumulative)
[nb_ridge] solve class 150 23.3s (cumulative)
[nb_ridge] solve class 151 23.5s (cumulative)
[nb_ridge] solve class 152 23.7s (cumulative)
[nb_ridge] solve class 153 23.8s (cumulative)
[nb_ridge] solve class 154 24.0s (cumulative)
[nb_ridge] solve class 155 24.2s (cumulative)
[nb_ridge] solve class 156 24.3s (cumulative)
[nb_ridge] solve class 157 24.5s (cumulative)
[nb_ridge] solve class 158 24.6s (cumulative)
[nb_ridge] solve class 159 24.8s (cumulative)
[nb_ridge] solve class 160 24.9s (cumulative)
[nb_ridge] solve class 161 25.1s (cumulative)
[nb_ridge] solve class 162 25.3s (cumulative)
[nb_ridge] solve class 163 25.4s (cumulative)
[nb_ridge] solve class 164 25.6s (cumulative)
[nb_ridge] solve class 165 25.8s (cumulative)
[nb_ridge] solve class 166 25.9s (cumulative)
[nb_ridge] solve class 167 26.1s (cumulative)
[nb_ridge] solve class 168 26.3s (cumulative)
[nb_ridge] solve class 169 26.4s (cumulative)
[nb_ridge] solve class 170 26.6s (cumulative)
[nb_ridge] solve class 171 26.7s (cumulative)
[nb_ridge] solve class 172 26.9s (cumulative)
[nb_ridge] solve class 173 27.0s (cumulative)
[nb_ridge] solve class 174 27.2s (cumulative)
[nb_ridge] solve class 175 27.3s (cumulative)
[nb_ridge] solve class 176 27.5s (cumulative)
[nb_ridge] solve class 177 27.7s (cumulative)
[nb_ridge] solve class 178 27.8s (cumulative)
[nb_ridge] solve class 179 28.0s (cumulative)
[nb_ridge] solve class 180 28.2s (cumulative)
[nb_ridge] solve class 181 28.3s (cumulative)
[nb_ridge] solve class 182 28.5s (cumulative)
[nb_ridge] solve class 183 28.6s (cumulative)
[nb_ridge] solve class 184 28.8s (cumulative)
[nb_ridge] solve class 185 28.9s (cumulative)
[nb_ridge] solve class 186 29.1s (cumulative)
[nb_ridge] solve class 187 29.2s (cumulative)
[nb_ridge] solve class 188 29.4s (cumulative)
[nb_ridge] solve class 189 29.5s (cumulative)
[nb_ridge] solve class 190 29.7s (cumulative)
[nb_ridge] solve class 191 29.8s (cumulative)
[nb_ridge] solve class 192 30.0s (cumulative)
[nb_ridge] solve class 193 30.1s (cumulative)
[nb_ridge] solve class 194 30.3s (cumulative)
[nb_ridge] solve class 195 30.4s (cumulative)
[nb_ridge] solve class 196 30.6s (cumulative)
[nb_ridge] solve class 197 30.7s (cumulative)
[nb_ridge] solve class 198 30.9s (cumulative)
[nb_ridge] solve class 199 31.0s (cumulative)
[nb_ridge] solve class 200 31.2s (cumulative)
[nb_ridge] solve class 201 31.3s (cumulative)
[nb_ridge] solve class 202 31.5s (cumulative)
[nb_ridge] solve class 203 31.6s (cumulative)
[nb_ridge] solve class 204 31.8s (cumulative)
[nb_ridge] solve class 205 31.9s (cumulative)
[nb_ridge] solve class 206 32.1s (cumulative)
[nb_ridge] solve class 207 32.2s (cumulative)
[nb_ridge] solve class 208 32.4s (cumulative)
[nb_ridge] solve class 209 32.5s (cumulative)
[nb_ridge] solve class 210 32.7s (cumulative)
[nb_ridge] solve class 211 32.8s (cumulative)
[nb_ridge] solve class 212 33.0s (cumulative)
[nb_ridge] solve class 213 33.1s (cumulative)
[nb_ridge] solve class 214 33.3s (cumulative)
[nb_ridge] solve class 215 33.4s (cumulative)
[nb_ridge] solve class 216 33.6s (cumulative)
[nb_ridge] solve class 217 33.7s (cumulative)
[nb_ridge] solve class 218 33.9s (cumulative)
[nb_ridge] solve class 219 34.0s (cumulative)
[nb_ridge] solve class 220 34.2s (cumulative)
[nb_ridge] solve class 221 34.3s (cumulative)
[nb_ridge] solve class 222 34.5s (cumulative)
[nb_ridge] solve class 223 34.6s (cumulative)
[nb_ridge] solve class 224 34.8s (cumulative)
[nb_ridge] solve class 225 34.9s (cumulative)
[nb_ridge] solve class 226 35.1s (cumulative)
[nb_ridge] solve class 227 35.2s (cumulative)
[nb_ridge] solve class 228 35.4s (cumulative)
[nb_ridge] solve class 229 35.5s (cumulative)
[nb_ridge] solve class 230 35.7s (cumulative)
[nb_ridge] solve class 231 35.8s (cumulative)
[nb_ridge] solve class 232 36.0s (cumulative)
[nb_ridge] solve class 233 36.1s (cumulative)
[nb_ridge] solve class 234 36.3s (cumulative)
[nb_ridge] solve class 235 36.4s (cumulative)
[nb_ridge] solve class 236 36.6s (cumulative)
[nb_ridge] solve class 237 36.7s (cumulative)
[nb_ridge] solve class 238 36.9s (cumulative)
[nb_ridge] solve class 239 37.0s (cumulative)
[nb_ridge] solve class 240 37.1s (cumulative)
[nb_ridge] solve class 241 37.3s (cumulative)
[nb_ridge] solve class 242 37.4s (cumulative)
[nb_ridge] solve class 243 37.6s (cumulative)
[nb_ridge] solve class 244 37.7s (cumulative)
[nb_ridge] solve class 245 37.9s (cumulative)
[nb_ridge] solve class 246 38.0s (cumulative)
[nb_ridge] solve class 247 38.1s (cumulative)
[nb_ridge] solve class 248 38.3s (cumulative)
[nb_ridge] solve class 249 38.5s (cumulative)
[nb_ridge] solve class 250 38.6s (cumulative)
[nb_ridge] solve class 251 38.8s (cumulative)
[nb_ridge] solve class 252 38.9s (cumulative)
[nb_ridge] solve class 253 39.1s (cumulative)
[nb_ridge] solve class 254 39.2s (cumulative)
[nb_ridge] solve class 255 39.4s (cumulative)
[nb_ridge] solve class 256 39.5s (cumulative)
[nb_ridge] solve class 257 39.7s (cumulative)
[nb_ridge] solve class 258 39.8s (cumulative)
[nb_ridge] solve class 259 39.9s (cumulative)
[nb_ridge] solve class 260 40.1s (cumulative)
[nb_ridge] solve class 261 40.2s (cumulative)
[nb_ridge] solve class 262 40.4s (cumulative)
[nb_ridge] solve class 263 40.5s (cumulative)
[nb_ridge] solve class 264 40.7s (cumulative)
[nb_ridge] solve class 265 40.8s (cumulative)
[nb_ridge] solve class 266 41.0s (cumulative)
[nb_ridge] solve class 267 41.1s (cumulative)
[nb_ridge] solve class 268 41.3s (cumulative)
[nb_ridge] solve class 269 41.4s (cumulative)
[nb_ridge] solve class 270 41.5s (cumulative)
[nb_ridge] solve class 271 41.7s (cumulative)
[nb_ridge] solve class 272 41.8s (cumulative)
[nb_ridge] solve class 273 42.0s (cumulative)
[nb_ridge] solve class 274 42.1s (cumulative)
[nb_ridge] solve class 275 42.3s (cumulative)
[nb_ridge] solve class 276 42.4s (cumulative)
[nb_ridge] solve class 277 42.6s (cumulative)
[nb_ridge] solve class 278 42.7s (cumulative)
[nb_ridge] solve class 279 42.9s (cumulative)
[nb_ridge] solve class 280 43.0s (cumulative)
[nb_ridge] solve class 281 43.2s (cumulative)
[nb_ridge] solve class 282 43.3s (cumulative)
[nb_ridge] solve class 283 43.4s (cumulative)
[nb_ridge] solve class 284 43.6s (cumulative)
[nb_ridge] solve class 285 43.7s (cumulative)
[nb_ridge] solve class 286 43.9s (cumulative)
[nb_ridge] solve class 287 44.0s (cumulative)
[nb_ridge] solve class 288 44.2s (cumulative)
[nb_ridge] solve class 289 44.3s (cumulative)
[nb_ridge] solve class 290 44.5s (cumulative)
[nb_ridge] solve class 291 44.6s (cumulative)
[nb_ridge] solve class 292 44.8s (cumulative)
[nb_ridge] solve class 293 44.9s (cumulative)
[nb_ridge] solve class 294 45.0s (cumulative)
[nb_ridge] solve class 295 45.2s (cumulative)
[nb_ridge] solve class 296 45.3s (cumulative)
[nb_ridge] solve class 297 45.5s (cumulative)
[nb_ridge] solve class 298 45.6s (cumulative)
[nb_ridge] solve class 299 45.7s (cumulative)
[nb_ridge] solve class 300 45.9s (cumulative)
[nb_ridge] solve class 301 46.0s (cumulative)
[nb_ridge] solve class 302 46.2s (cumulative)
[nb_ridge] solve class 303 46.3s (cumulative)
[nb_ridge] solve class 304 46.4s (cumulative)
[nb_ridge] solve class 305 46.6s (cumulative)
[nb_ridge] solve class 306 46.7s (cumulative)
[nb_ridge] solve class 307 46.9s (cumulative)
[nb_ridge] solve class 308 47.0s (cumulative)
[nb_ridge] solve class 309 47.2s (cumulative)
[nb_ridge] solve class 310 47.3s (cumulative)
[nb_ridge] solve class 311 47.5s (cumulative)
[nb_ridge] solve class 312 47.6s (cumulative)
[nb_ridge] solve class 313 47.8s (cumulative)
[nb_ridge] solve class 314 47.9s (cumulative)
[nb_ridge] solve class 315 48.1s (cumulative)
[nb_ridge] solve class 316 48.2s (cumulative)
[nb_ridge] solve class 317 48.3s (cumulative)
[nb_ridge] solve class 318 48.5s (cumulative)
[nb_ridge] solve class 319 48.6s (cumulative)
[nb_ridge] solve class 320 48.8s (cumulative)
[nb_ridge] solve class 321 48.9s (cumulative)
[nb_ridge] solve class 322 49.1s (cumulative)
[nb_ridge] solve class 323 49.2s (cumulative)
[nb_ridge] solve class 324 49.4s (cumulative)
[nb_ridge] solve class 325 49.5s (cumulative)
[nb_ridge] solve class 326 49.7s (cumulative)
[nb_ridge] solve class 327 49.8s (cumulative)
[nb_ridge] solve class 328 49.9s (cumulative)
[nb_ridge] solve class 329 50.1s (cumulative)
[nb_ridge] solve class 330 50.2s (cumulative)
[nb_ridge] solve class 331 50.4s (cumulative)
[nb_ridge] solve class 332 50.5s (cumulative)
[nb_ridge] solve class 333 50.7s (cumulative)
[nb_ridge] solve class 334 50.8s (cumulative)
[nb_ridge] solve class 335 50.9s (cumulative)
[nb_ridge] solve class 336 51.1s (cumulative)
[nb_ridge] solve class 337 51.2s (cumulative)
[nb_ridge] solve class 338 51.4s (cumulative)
[nb_ridge] solve class 339 51.5s (cumulative)
[nb_ridge] solve class 340 51.7s (cumulative)
[nb_ridge] solve class 341 51.8s (cumulative)
[nb_ridge] solve class 342 52.0s (cumulative)
[nb_ridge] solve class 343 52.1s (cumulative)
[nb_ridge] solve class 344 52.3s (cumulative)
[nb_ridge] solve class 345 52.4s (cumulative)
[nb_ridge] solve class 346 52.6s (cumulative)
[nb_ridge] solve class 347 52.7s (cumulative)
[nb_ridge] solve class 348 52.8s (cumulative)
[nb_ridge] solve class 349 53.0s (cumulative)
[nb_ridge] solve class 350 53.1s (cumulative)
[nb_ridge] solve class 351 53.3s (cumulative)
[nb_ridge] solve class 352 53.4s (cumulative)
[nb_ridge] solve class 353 53.6s (cumulative)
[nb_ridge] solve class 354 53.7s (cumulative)
[nb_ridge] solve class 355 53.8s (cumulative)
[nb_ridge] solve class 356 54.0s (cumulative)
[nb_ridge] solve class 357 54.1s (cumulative)
[nb_ridge] solve class 358 54.3s (cumulative)
[nb_ridge] solve class 359 54.4s (cumulative)
[nb_ridge] solve class 360 54.6s (cumulative)
[nb_ridge] solve class 361 54.7s (cumulative)
[nb_ridge] solve class 362 54.8s (cumulative)
[nb_ridge] solve class 363 55.0s (cumulative)
[nb_ridge] solve class 364 55.1s (cumulative)
[nb_ridge] solve class 365 55.3s (cumulative)
[nb_ridge] solve class 366 55.4s (cumulative)
[nb_ridge] solve class 367 55.6s (cumulative)
[nb_ridge] solve class 368 55.7s (cumulative)
[nb_ridge] solve class 369 55.8s (cumulative)
[nb_ridge] solve class 370 56.0s (cumulative)
[nb_ridge] solve class 371 56.1s (cumulative)
[nb_ridge] solve class 372 56.3s (cumulative)
[nb_ridge] solve class 373 56.4s (cumulative)
[nb_ridge] solve class 374 56.6s (cumulative)
[nb_ridge] solve class 375 56.7s (cumulative)
[nb_ridge] solve class 376 56.9s (cumulative)
[nb_ridge] solve class 377 57.0s (cumulative)
[nb_ridge] solve class 378 57.2s (cumulative)
[nb_ridge] solve class 379 57.3s (cumulative)
[nb_ridge] solve class 380 57.5s (cumulative)
[nb_ridge] solve class 381 57.6s (cumulative)
[nb_ridge] solve class 382 57.8s (cumulative)
[nb_ridge] solve class 383 57.9s (cumulative)
[nb_ridge] solve class 384 58.0s (cumulative)
[nb_ridge] solve class 385 58.2s (cumulative)
[nb_ridge] solve class 386 58.3s (cumulative)
[nb_ridge] solve class 387 58.5s (cumulative)
[nb_ridge] solve class 388 58.6s (cumulative)
[nb_ridge] solve class 389 58.8s (cumulative)
[nb_ridge] solve class 390 58.9s (cumulative)
[nb_ridge] solve class 391 59.0s (cumulative)
[nb_ridge] solve class 392 59.2s (cumulative)
[nb_ridge] solve class 393 59.3s (cumulative)
[nb_ridge] solve class 394 59.4s (cumulative)
[nb_ridge] solve class 395 59.6s (cumulative)
[nb_ridge] solve class 396 59.7s (cumulative)
[nb_ridge] solve class 397 59.9s (cumulative)
[nb_ridge] solve class 398 60.0s (cumulative)
[nb_ridge] solve class 399 60.1s (cumulative)
[nb_ridge] solve class 400 60.3s (cumulative)
[nb_ridge] solve class 401 60.4s (cumulative)
[nb_ridge] solve class 402 60.6s (cumulative)
[nb_ridge] solve class 403 60.7s (cumulative)
[nb_ridge] solve class 404 60.9s (cumulative)
[nb_ridge] solve class 405 61.0s (cumulative)
[nb_ridge] solve class 406 61.2s (cumulative)
[nb_ridge] solve class 407 61.3s (cumulative)
[nb_ridge] solve class 408 61.5s (cumulative)
[nb_ridge] solve class 409 61.6s (cumulative)
[nb_ridge] solve class 410 61.8s (cumulative)
[nb_ridge] solve class 411 61.9s (cumulative)
[nb_ridge] solve class 412 62.0s (cumulative)
[nb_ridge] solve class 413 62.2s (cumulative)
[nb_ridge] solve class 414 62.3s (cumulative)
[nb_ridge] solve class 415 62.5s (cumulative)
[nb_ridge] solve class 416 62.6s (cumulative)
[nb_ridge] solve class 417 62.8s (cumulative)
[nb_ridge] solve class 418 62.9s (cumulative)
[nb_ridge] solve class 419 63.1s (cumulative)
[nb_ridge] solve class 420 63.2s (cumulative)
[nb_ridge] solve class 421 63.4s (cumulative)
[nb_ridge] solve class 422 63.5s (cumulative)
[nb_ridge] solve class 423 63.7s (cumulative)
[nb_ridge] solve class 424 63.8s (cumulative)
[nb_ridge] solve class 425 64.0s (cumulative)
[nb_ridge] solve class 426 64.1s (cumulative)
[nb_ridge] solve class 427 64.3s (cumulative)
[nb_ridge] solve class 428 64.4s (cumulative)
[nb_ridge] solve class 429 64.6s (cumulative)
[nb_ridge] solve class 430 64.7s (cumulative)
[nb_ridge] solve class 431 64.9s (cumulative)
[nb_ridge] solve class 432 65.0s (cumulative)
[nb_ridge] solve class 433 65.2s (cumulative)
[nb_ridge] solve class 434 65.3s (cumulative)
[nb_ridge] solve class 435 65.5s (cumulative)
[nb_ridge] solve class 436 65.6s (cumulative)
[nb_ridge] solve class 437 65.8s (cumulative)
[nb_ridge] solve class 438 65.9s (cumulative)
[nb_ridge] solve class 439 66.1s (cumulative)
[nb_ridge] solve class 440 66.2s (cumulative)
[nb_ridge] solve class 441 66.3s (cumulative)
[nb_ridge] solve class 442 66.5s (cumulative)
[nb_ridge] solve class 443 66.6s (cumulative)
[nb_ridge] solve class 444 66.8s (cumulative)
[nb_ridge] solve class 445 66.9s (cumulative)
[nb_ridge] solve class 446 67.1s (cumulative)
[nb_ridge] solve class 447 67.2s (cumulative)
[nb_ridge] solve class 448 67.4s (cumulative)
[nb_ridge] solve class 449 67.5s (cumulative)
[nb_ridge] solve class 450 67.6s (cumulative)
[nb_ridge] solve class 451 67.8s (cumulative)
[nb_ridge] solve class 452 67.9s (cumulative)
[nb_ridge] solve class 453 68.1s (cumulative)
[nb_ridge] solve class 454 68.2s (cumulative)
[nb_ridge] solve class 455 68.4s (cumulative)
[nb_ridge] solve class 456 68.5s (cumulative)
[nb_ridge] solve class 457 68.6s (cumulative)
[nb_ridge] solve class 458 68.8s (cumulative)
[nb_ridge] solve class 459 68.9s (cumulative)
[nb_ridge] solve class 460 69.1s (cumulative)
[nb_ridge] solve class 461 69.2s (cumulative)
[nb_ridge] solve class 462 69.4s (cumulative)
[nb_ridge] solve class 463 69.5s (cumulative)
[nb_ridge] solve class 464 69.7s (cumulative)
[nb_ridge] solve class 465 69.8s (cumulative)
[nb_ridge] solve class 466 70.0s (cumulative)
[nb_ridge] solve class 467 70.1s (cumulative)
[nb_ridge] solve class 468 70.3s (cumulative)
[nb_ridge] solve class 469 70.4s (cumulative)
[nb_ridge] solve class 470 70.6s (cumulative)
[nb_ridge] solve class 471 70.7s (cumulative)
[nb_ridge] solve class 472 70.9s (cumulative)
[nb_ridge] solve class 473 71.0s (cumulative)
[nb_ridge] solve class 474 71.2s (cumulative)
[nb_ridge] solve class 475 71.3s (cumulative)
[nb_ridge] solve class 476 71.4s (cumulative)
[nb_ridge] solve class 477 71.6s (cumulative)
[nb_ridge] solve class 478 71.7s (cumulative)
[nb_ridge] solve class 479 71.9s (cumulative)
[nb_ridge] solve class 480 72.0s (cumulative)
[nb_ridge] solve class 481 72.2s (cumulative)
[nb_ridge] solve class 482 72.3s (cumulative)
[nb_ridge] solve class 483 72.5s (cumulative)
[nb_ridge] solve class 484 72.6s (cumulative)
[nb_ridge] solve class 485 72.8s (cumulative)
[nb_ridge] solve class 486 72.9s (cumulative)
[nb_ridge] solve class 487 73.1s (cumulative)
[nb_ridge] solve class 488 73.2s (cumulative)
[nb_ridge] solve class 489 73.3s (cumulative)
[nb_ridge] solve class 490 73.5s (cumulative)
[nb_ridge] solve class 491 73.7s (cumulative)
[nb_ridge] solve class 492 73.8s (cumulative)
[nb_ridge] solve class 493 73.9s (cumulative)
[nb_ridge] solve class 494 74.1s (cumulative)
[nb_ridge] solve class 495 74.2s (cumulative)
[nb_ridge] solve class 496 74.4s (cumulative)
[nb_ridge] solve class 497 74.5s (cumulative)
[nb_ridge] solve class 498 74.7s (cumulative)
[nb_ridge] solve class 499 74.8s (cumulative)
[nb_ridge] solve class 500 75.0s (cumulative)
[nb_ridge] solve class 501 75.1s (cumulative)
[nb_ridge] solve class 502 75.3s (cumulative)
[nb_ridge] solve class 503 75.4s (cumulative)
[nb_ridge] solve class 504 75.6s (cumulative)
[nb_ridge] solve class 505 75.7s (cumulative)
[nb_ridge] solve class 506 75.9s (cumulative)
[nb_ridge] solve class 507 76.0s (cumulative)
[nb_ridge] solve class 508 76.2s (cumulative)
[nb_ridge] solve class 509 76.3s (cumulative)
[nb_ridge] solve class 510 76.4s (cumulative)
[nb_ridge] solve class 511 76.6s (cumulative)
[nb_ridge] solve class 512 76.7s (cumulative)
[nb_ridge] solve class 513 76.9s (cumulative)
[nb_ridge] solve class 514 77.0s (cumulative)
[nb_ridge] solve class 515 77.2s (cumulative)
[nb_ridge] solve class 516 77.3s (cumulative)
[nb_ridge] solve class 517 77.5s (cumulative)
[nb_ridge] solve class 518 77.6s (cumulative)
[nb_ridge] solve class 519 77.8s (cumulative)
[nb_ridge] solve class 520 77.9s (cumulative)
[nb_ridge] solve class 521 78.1s (cumulative)
[nb_ridge] solve class 522 78.2s (cumulative)
[nb_ridge] solve class 523 78.4s (cumulative)
[nb_ridge] solve class 524 78.5s (cumulative)
[nb_ridge] solve class 525 78.7s (cumulative)
[nb_ridge] solve class 526 78.8s (cumulative)
[nb_ridge] solve class 527 79.0s (cumulative)
[nb_ridge] solve class 528 79.1s (cumulative)
[nb_ridge] solve class 529 79.3s (cumulative)
[nb_ridge] solve class 530 79.4s (cumulative)
[nb_ridge] solve class 531 79.6s (cumulative)
[nb_ridge] solve class 532 79.7s (cumulative)
[nb_ridge] solve class 533 79.9s (cumulative)
[nb_ridge] solve class 534 80.0s (cumulative)
[nb_ridge] solve class 535 80.2s (cumulative)
[nb_ridge] solve class 536 80.3s (cumulative)
[nb_ridge] solve class 537 80.5s (cumulative)
[nb_ridge] solve class 538 80.6s (cumulative)
[nb_ridge] solve class 539 80.8s (cumulative)
[nb_ridge] solve class 540 80.9s (cumulative)
[nb_ridge] solve class 541 81.1s (cumulative)
[nb_ridge] solve class 542 81.2s (cumulative)
[nb_ridge] solve class 543 81.4s (cumulative)
[nb_ridge] solve class 544 81.5s (cumulative)
[nb_ridge] solve class 545 81.6s (cumulative)
[nb_ridge] solve class 546 81.8s (cumulative)
[nb_ridge] solve class 547 81.9s (cumulative)
[nb_ridge] solve class 548 82.1s (cumulative)
[nb_ridge] solve class 549 82.3s (cumulative)
[nb_ridge] solve class 550 82.4s (cumulative)
[nb_ridge] solve class 551 82.6s (cumulative)
[nb_ridge] solve class 552 82.8s (cumulative)
[nb_ridge] solve class 553 82.9s (cumulative)
[nb_ridge] solve class 554 83.1s (cumulative)
[nb_ridge] solve class 555 83.2s (cumulative)
[nb_ridge] solve class 556 83.4s (cumulative)
[nb_ridge] solve class 557 83.5s (cumulative)
[nb_ridge] solve class 558 83.7s (cumulative)
[nb_ridge] solve class 559 83.8s (cumulative)
[nb_ridge] solve class 560 84.0s (cumulative)
[nb_ridge] solve class 561 84.1s (cumulative)
[nb_ridge] solve class 562 84.3s (cumulative)
[nb_ridge] solve class 563 84.4s (cumulative)
[nb_ridge] solve class 564 84.6s (cumulative)
[nb_ridge] solve class 565 84.7s (cumulative)
[nb_ridge] solve class 566 84.9s (cumulative)
[nb_ridge] solve class 567 85.0s (cumulative)
[nb_ridge] solve class 568 85.2s (cumulative)
[nb_ridge] solve class 569 85.3s (cumulative)
[nb_ridge] solve class 570 85.4s (cumulative)
[nb_ridge] solve class 571 85.6s (cumulative)
[nb_ridge] solve class 572 85.7s (cumulative)
[nb_ridge] solve class 573 85.9s (cumulative)
[nb_ridge] solve class 574 86.0s (cumulative)
[nb_ridge] solve class 575 86.2s (cumulative)
[nb_ridge] solve class 576 86.3s (cumulative)
[nb_ridge] solve class 577 86.5s (cumulative)
[nb_ridge] solve class 578 86.6s (cumulative)
[nb_ridge] solve class 579 86.7s (cumulative)
[nb_ridge] solve class 580 86.9s (cumulative)
[nb_ridge] solve class 581 87.0s (cumulative)
[nb_ridge] solve class 582 87.2s (cumulative)
[nb_ridge] solve class 583 87.3s (cumulative)
[nb_ridge] solve class 584 87.5s (cumulative)
[nb_ridge] solve class 585 87.6s (cumulative)
[nb_ridge] solve class 586 87.8s (cumulative)
[nb_ridge] solve class 587 87.9s (cumulative)
[nb_ridge] solve class 588 88.0s (cumulative)
[nb_ridge] solve class 589 88.2s (cumulative)
[nb_ridge] solve class 590 88.3s (cumulative)
[nb_ridge] solve class 591 88.5s (cumulative)
[nb_ridge] solve class 592 88.6s (cumulative)
[nb_ridge] solve class 593 88.8s (cumulative)
[nb_ridge] solve class 594 88.9s (cumulative)
[nb_ridge] solve class 595 89.0s (cumulative)
[nb_ridge] solve class 596 89.2s (cumulative)
[nb_ridge] solve class 597 89.3s (cumulative)
[nb_ridge] solve class 598 89.5s (cumulative)
[nb_ridge] solve class 599 89.6s (cumulative)
[nb_ridge] solve class 600 89.7s (cumulative)
[nb_ridge] solve class 601 89.9s (cumulative)
[nb_ridge] solve class 602 90.0s (cumulative)
[nb_ridge] solve class 603 90.2s (cumulative)
[nb_ridge] solve class 604 90.3s (cumulative)
[nb_ridge] solve class 605 90.5s (cumulative)
[nb_ridge] solve class 606 90.6s (cumulative)
[nb_ridge] solve class 607 90.8s (cumulative)
[nb_ridge] solve class 608 90.9s (cumulative)
[nb_ridge] solve class 609 91.1s (cumulative)
[nb_ridge] solve class 610 91.2s (cumulative)
[nb_ridge] solve class 611 91.4s (cumulative)
[nb_ridge] solve class 612 91.5s (cumulative)
[nb_ridge] solve class 613 91.7s (cumulative)
[nb_ridge] solve class 614 91.8s (cumulative)
[nb_ridge] solve class 615 92.0s (cumulative)
[nb_ridge] solve class 616 92.2s (cumulative)
[nb_ridge] solve class 617 92.3s (cumulative)
[nb_ridge] solve class 618 92.5s (cumulative)
[nb_ridge] solve class 619 92.6s (cumulative)
[nb_ridge] solve class 620 92.8s (cumulative)
[nb_ridge] solve class 621 92.9s (cumulative)
[nb_ridge] solve class 622 93.1s (cumulative)
[nb_ridge] solve class 623 93.3s (cumulative)
[nb_ridge] solve class 624 93.4s (cumulative)
[nb_ridge] solve class 625 93.6s (cumulative)
[nb_ridge] solve class 626 93.7s (cumulative)
[nb_ridge] solve class 627 93.9s (cumulative)
[nb_ridge] solve class 628 94.0s (cumulative)
[nb_ridge] solve class 629 94.2s (cumulative)
[nb_ridge] solve class 630 94.3s (cumulative)
[nb_ridge] solve class 631 94.5s (cumulative)
[nb_ridge] solve class 632 94.6s (cumulative)
[nb_ridge] solve class 633 94.8s (cumulative)
[nb_ridge] solve class 634 94.9s (cumulative)
[nb_ridge] solve class 635 95.1s (cumulative)
[nb_ridge] solve class 636 95.2s (cumulative)
[nb_ridge] solve class 637 95.3s (cumulative)
[nb_ridge] solve class 638 95.5s (cumulative)
[nb_ridge] solve class 639 95.6s (cumulative)
[nb_ridge] solve class 640 95.8s (cumulative)
[nb_ridge] solve class 641 95.9s (cumulative)
[nb_ridge] solve class 642 96.0s (cumulative)
[nb_ridge] solve class 643 96.2s (cumulative)
[nb_ridge] solve class 644 96.3s (cumulative)
[nb_ridge] solve class 645 96.5s (cumulative)
[nb_ridge] solve class 646 96.6s (cumulative)
[nb_ridge] solve class 647 96.8s (cumulative)
[nb_ridge] solve class 648 96.9s (cumulative)
[nb_ridge] solve class 649 97.0s (cumulative)
[nb_ridge] solve class 650 97.2s (cumulative)
[nb_ridge] solve class 651 97.3s (cumulative)
[nb_ridge] solve class 652 97.5s (cumulative)
[nb_ridge] solve class 653 97.6s (cumulative)
[nb_ridge] solve class 654 97.7s (cumulative)
[nb_ridge] solve class 655 97.9s (cumulative)
[nb_ridge] solve class 656 98.0s (cumulative)
[nb_ridge] solve class 657 98.2s (cumulative)
[nb_ridge] solve class 658 98.3s (cumulative)
[nb_ridge] solve class 659 98.5s (cumulative)
[nb_ridge] solve class 660 98.6s (cumulative)
[nb_ridge] solve class 661 98.7s (cumulative)
[nb_ridge] solve class 662 98.9s (cumulative)
[nb_ridge] solve class 663 99.0s (cumulative)
[nb_ridge] solve class 664 99.2s (cumulative)
[nb_ridge] solve class 665 99.3s (cumulative)
[nb_ridge] solve class 666 99.5s (cumulative)
[nb_ridge] solve class 667 99.6s (cumulative)
[nb_ridge] solve class 668 99.8s (cumulative)
[nb_ridge] solve class 669 99.9s (cumulative)
[nb_ridge] solve class 670 100.1s (cumulative)
[nb_ridge] solve class 671 100.2s (cumulative)
[nb_ridge] solve class 672 100.4s (cumulative)
[nb_ridge] solve class 673 100.5s (cumulative)
[nb_ridge] solve class 674 100.7s (cumulative)
[nb_ridge] solve class 675 100.8s (cumulative)
[nb_ridge] solve class 676 101.0s (cumulative)
[nb_ridge] solve class 677 101.1s (cumulative)
[nb_ridge] solve class 678 101.3s (cumulative)
[nb_ridge] solve class 679 101.4s (cumulative)
[nb_ridge] solve class 680 101.6s (cumulative)
[nb_ridge] solve class 681 101.7s (cumulative)
[nb_ridge] solve class 682 101.9s (cumulative)
[nb_ridge] solve class 683 102.0s (cumulative)
[nb_ridge] solve class 684 102.2s (cumulative)
[nb_ridge] solve class 685 102.3s (cumulative)
[nb_ridge] solve class 686 102.5s (cumulative)
[nb_ridge] solve class 687 102.6s (cumulative)
[nb_ridge] solve class 688 102.8s (cumulative)
[nb_ridge] solve class 689 102.9s (cumulative)
[nb_ridge] solve class 690 103.1s (cumulative)
[nb_ridge] solve class 691 103.2s (cumulative)
[nb_ridge] solve class 692 103.4s (cumulative)
[nb_ridge] solve class 693 103.5s (cumulative)
[nb_ridge] solve class 694 103.6s (cumulative)
[nb_ridge] solve class 695 103.8s (cumulative)
[nb_ridge] solve class 696 104.0s (cumulative)
[nb_ridge] solve class 697 104.1s (cumulative)
[nb_ridge] solve class 698 104.3s (cumulative)
[nb_ridge] solve class 699 104.4s (cumulative)
[nb_ridge] solve class 700 104.6s (cumulative)
[nb_ridge] solve class 701 104.7s (cumulative)
[nb_ridge] solve class 702 104.9s (cumulative)
[nb_ridge] solve class 703 105.0s (cumulative)
[nb_ridge] solve class 704 105.2s (cumulative)
[nb_ridge] solve class 705 105.3s (cumulative)
[nb_ridge] solve class 706 105.5s (cumulative)
[nb_ridge] solve class 707 105.6s (cumulative)
[nb_ridge] solve class 708 105.8s (cumulative)
[nb_ridge] solve class 709 105.9s (cumulative)
[nb_ridge] solve class 710 106.1s (cumulative)
[nb_ridge] solve class 711 106.2s (cumulative)
[nb_ridge] solve class 712 106.4s (cumulative)
[nb_ridge] solve class 713 106.5s (cumulative)
[nb_ridge] solve class 714 106.7s (cumulative)
[nb_ridge] solve class 715 106.8s (cumulative)
[nb_ridge] solve class 716 107.0s (cumulative)
[nb_ridge] solve class 717 107.1s (cumulative)
[nb_ridge] solve class 718 107.3s (cumulative)
[nb_ridge] solve class 719 107.4s (cumulative)
[nb_ridge] solve class 720 107.5s (cumulative)
[nb_ridge] solve class 721 107.7s (cumulative)
[nb_ridge] solve class 722 107.8s (cumulative)
[nb_ridge] solve class 723 108.0s (cumulative)
[nb_ridge] solve class 724 108.1s (cumulative)
[nb_ridge] solve class 725 108.3s (cumulative)
[nb_ridge] solve class 726 108.4s (cumulative)
[nb_ridge] solve class 727 108.6s (cumulative)
[nb_ridge] solve class 728 108.7s (cumulative)
[nb_ridge] solve class 729 108.8s (cumulative)
[nb_ridge] solve class 730 109.0s (cumulative)
[nb_ridge] solve class 731 109.1s (cumulative)
[nb_ridge] solve class 732 109.3s (cumulative)
[nb_ridge] solve class 733 109.4s (cumulative)
[nb_ridge] solve class 734 109.6s (cumulative)
[nb_ridge] solve class 735 109.7s (cumulative)
[nb_ridge] solve class 736 109.9s (cumulative)
[nb_ridge] solve class 737 110.0s (cumulative)
[nb_ridge] solve class 738 110.2s (cumulative)
[nb_ridge] solve class 739 110.3s (cumulative)
[nb_ridge] solve class 740 110.5s (cumulative)
[nb_ridge] solve class 741 110.6s (cumulative)
[nb_ridge] solve class 742 110.8s (cumulative)
[nb_ridge] solve class 743 110.9s (cumulative)
[nb_ridge] solve class 744 111.1s (cumulative)
[nb_ridge] solve class 745 111.2s (cumulative)
[nb_ridge] solve class 746 111.4s (cumulative)
[nb_ridge] solve class 747 111.5s (cumulative)
[nb_ridge] solve class 748 111.7s (cumulative)
[nb_ridge] solve class 749 111.8s (cumulative)
[nb_ridge] solve class 750 112.0s (cumulative)
[nb_ridge] solve class 751 112.1s (cumulative)
[nb_ridge] solve class 752 112.3s (cumulative)
[nb_ridge] solve class 753 112.4s (cumulative)
[nb_ridge] solve class 754 112.6s (cumulative)
[nb_ridge] solve class 755 112.7s (cumulative)
[nb_ridge] solve class 756 112.8s (cumulative)
[nb_ridge] solve class 757 113.0s (cumulative)
[nb_ridge] solve class 758 113.2s (cumulative)
[nb_ridge] solve class 759 113.3s (cumulative)
[nb_ridge] solve class 760 113.5s (cumulative)
[nb_ridge] solve class 761 113.6s (cumulative)
[nb_ridge] solve class 762 113.8s (cumulative)
[nb_ridge] solve class 763 114.0s (cumulative)
[nb_ridge] solve class 764 114.1s (cumulative)
[nb_ridge] solve class 765 114.3s (cumulative)
[nb_ridge] solve class 766 114.4s (cumulative)
[nb_ridge] solve class 767 114.6s (cumulative)
[nb_ridge] solve class 768 114.7s (cumulative)
[nb_ridge] solve class 769 114.9s (cumulative)
[nb_ridge] solve class 770 115.0s (cumulative)
[nb_ridge] solve class 771 115.2s (cumulative)
[nb_ridge] solve class 772 115.3s (cumulative)
[nb_ridge] solve class 773 115.5s (cumulative)
[nb_ridge] solve class 774 115.6s (cumulative)
[nb_ridge] solve class 775 115.8s (cumulative)
[nb_ridge] solve class 776 115.9s (cumulative)
[nb_ridge] solve class 777 116.1s (cumulative)
[nb_ridge] solve class 778 116.2s (cumulative)
[nb_ridge] solve class 779 116.4s (cumulative)
[nb_ridge] solve class 780 116.5s (cumulative)
[nb_ridge] solve class 781 116.7s (cumulative)
[nb_ridge] solve class 782 116.8s (cumulative)
[nb_ridge] solve class 783 117.0s (cumulative)
[nb_ridge] solve class 784 117.1s (cumulative)
[nb_ridge] solve class 785 117.3s (cumulative)
[nb_ridge] solve class 786 117.4s (cumulative)
[nb_ridge] solve class 787 117.6s (cumulative)
[nb_ridge] solve class 788 117.7s (cumulative)
[nb_ridge] solve class 789 117.9s (cumulative)
[nb_ridge] solve class 790 118.0s (cumulative)
[nb_ridge] solve class 791 118.2s (cumulative)
[nb_ridge] solve class 792 118.3s (cumulative)
[nb_ridge] solve class 793 118.5s (cumulative)
[nb_ridge] solve class 794 118.7s (cumulative)
[nb_ridge] solve class 795 118.8s (cumulative)
[nb_ridge] solve class 796 119.0s (cumulative)
[nb_ridge] solve class 797 119.1s (cumulative)
[nb_ridge] solve class 798 119.3s (cumulative)
[nb_ridge] solve class 799 119.4s (cumulative)
[nb_ridge] solve class 800 119.6s (cumulative)
[nb_ridge] solve class 801 119.7s (cumulative)
[nb_ridge] solve class 802 119.9s (cumulative)
[nb_ridge] solve class 803 120.0s (cumulative)
[nb_ridge] solve class 804 120.2s (cumulative)
[nb_ridge] solve class 805 120.3s (cumulative)
[nb_ridge] solve class 806 120.5s (cumulative)
[nb_ridge] solve class 807 120.6s (cumulative)
[nb_ridge] solve class 808 120.8s (cumulative)
[nb_ridge] solve class 809 121.0s (cumulative)
[nb_ridge] solve class 810 121.1s (cumulative)
[nb_ridge] solve class 811 121.3s (cumulative)
[nb_ridge] solve class 812 121.4s (cumulative)
[nb_ridge] solve class 813 121.6s (cumulative)
[nb_ridge] solve class 814 121.8s (cumulative)
[nb_ridge] solve class 815 122.0s (cumulative)
[nb_ridge] solve class 816 122.1s (cumulative)
[nb_ridge] solve class 817 122.3s (cumulative)
[nb_ridge] solve class 818 122.5s (cumulative)
[nb_ridge] solve class 819 122.6s (cumulative)
[nb_ridge] solve class 820 122.8s (cumulative)
[nb_ridge] solve class 821 123.0s (cumulative)
[nb_ridge] solve class 822 123.1s (cumulative)
[nb_ridge] solve class 823 123.3s (cumulative)
[nb_ridge] solve class 824 123.5s (cumulative)
[nb_ridge] solve class 825 123.6s (cumulative)
[nb_ridge] solve class 826 123.8s (cumulative)
[nb_ridge] solve class 827 124.0s (cumulative)
[nb_ridge] solve class 828 124.1s (cumulative)
[nb_ridge] solve class 829 124.3s (cumulative)
[nb_ridge] solve class 830 124.4s (cumulative)
[nb_ridge] solve class 831 124.6s (cumulative)
[nb_ridge] solve class 832 124.7s (cumulative)
[nb_ridge] solve class 833 124.9s (cumulative)
[nb_ridge] solve class 834 125.0s (cumulative)
[nb_ridge] solve class 835 125.2s (cumulative)
[nb_ridge] solve class 836 125.3s (cumulative)
[nb_ridge] solve class 837 125.5s (cumulative)
[nb_ridge] solve class 838 125.6s (cumulative)
[nb_ridge] solve class 839 125.8s (cumulative)
[nb_ridge] solve class 840 125.9s (cumulative)
[nb_ridge] solve class 841 126.1s (cumulative)
    ridge-select: scale 1 → sel-slice acc 0.1900
[nb_ridge] tokenize+counts 0.0s (1981 docs, 842 classes)
[nb_ridge] solve class 0 0.2s (cumulative)
[nb_ridge] solve class 1 0.3s (cumulative)
[nb_ridge] solve class 2 0.5s (cumulative)
[nb_ridge] solve class 3 0.6s (cumulative)
[nb_ridge] solve class 4 0.8s (cumulative)
[nb_ridge] solve class 5 0.9s (cumulative)
[nb_ridge] solve class 6 1.1s (cumulative)
[nb_ridge] solve class 7 1.2s (cumulative)
[nb_ridge] solve class 8 1.4s (cumulative)
[nb_ridge] solve class 9 1.5s (cumulative)
[nb_ridge] solve class 10 1.7s (cumulative)
[nb_ridge] solve class 11 1.8s (cumulative)
[nb_ridge] solve class 12 2.0s (cumulative)
[nb_ridge] solve class 13 2.2s (cumulative)
[nb_ridge] solve class 14 2.3s (cumulative)
[nb_ridge] solve class 15 2.5s (cumulative)
[nb_ridge] solve class 16 2.7s (cumulative)
[nb_ridge] solve class 17 2.8s (cumulative)
[nb_ridge] solve class 18 3.0s (cumulative)
[nb_ridge] solve class 19 3.2s (cumulative)
[nb_ridge] solve class 20 3.3s (cumulative)
[nb_ridge] solve class 21 3.5s (cumulative)
[nb_ridge] solve class 22 3.7s (cumulative)
[nb_ridge] solve class 23 3.8s (cumulative)
[nb_ridge] solve class 24 4.0s (cumulative)
[nb_ridge] solve class 25 4.2s (cumulative)
[nb_ridge] solve class 26 4.3s (cumulative)
[nb_ridge] solve class 27 4.5s (cumulative)
[nb_ridge] solve class 28 4.6s (cumulative)
[nb_ridge] solve class 29 4.8s (cumulative)
[nb_ridge] solve class 30 5.0s (cumulative)
[nb_ridge] solve class 31 5.1s (cumulative)
[nb_ridge] solve class 32 5.3s (cumulative)
[nb_ridge] solve class 33 5.5s (cumulative)
[nb_ridge] solve class 34 5.6s (cumulative)
[nb_ridge] solve class 35 5.8s (cumulative)
[nb_ridge] solve class 36 5.9s (cumulative)
[nb_ridge] solve class 37 6.1s (cumulative)
[nb_ridge] solve class 38 6.3s (cumulative)
[nb_ridge] solve class 39 6.4s (cumulative)
[nb_ridge] solve class 40 6.6s (cumulative)
[nb_ridge] solve class 41 6.8s (cumulative)
[nb_ridge] solve class 42 6.9s (cumulative)
[nb_ridge] solve class 43 7.1s (cumulative)
[nb_ridge] solve class 44 7.2s (cumulative)
[nb_ridge] solve class 45 7.4s (cumulative)
[nb_ridge] solve class 46 7.6s (cumulative)
[nb_ridge] solve class 47 7.7s (cumulative)
[nb_ridge] solve class 48 7.9s (cumulative)
[nb_ridge] solve class 49 8.0s (cumulative)
[nb_ridge] solve class 50 8.2s (cumulative)
[nb_ridge] solve class 51 8.4s (cumulative)
[nb_ridge] solve class 52 8.5s (cumulative)
[nb_ridge] solve class 53 8.7s (cumulative)
[nb_ridge] solve class 54 8.8s (cumulative)
[nb_ridge] solve class 55 9.0s (cumulative)
[nb_ridge] solve class 56 9.1s (cumulative)
[nb_ridge] solve class 57 9.3s (cumulative)
[nb_ridge] solve class 58 9.4s (cumulative)
[nb_ridge] solve class 59 9.6s (cumulative)
[nb_ridge] solve class 60 9.7s (cumulative)
[nb_ridge] solve class 61 9.9s (cumulative)
[nb_ridge] solve class 62 10.1s (cumulative)
[nb_ridge] solve class 63 10.2s (cumulative)
[nb_ridge] solve class 64 10.4s (cumulative)
[nb_ridge] solve class 65 10.6s (cumulative)
[nb_ridge] solve class 66 10.7s (cumulative)
[nb_ridge] solve class 67 10.9s (cumulative)
[nb_ridge] solve class 68 11.1s (cumulative)
[nb_ridge] solve class 69 11.2s (cumulative)
[nb_ridge] solve class 70 11.4s (cumulative)
[nb_ridge] solve class 71 11.5s (cumulative)
[nb_ridge] solve class 72 11.7s (cumulative)
[nb_ridge] solve class 73 11.8s (cumulative)
[nb_ridge] solve class 74 12.0s (cumulative)
[nb_ridge] solve class 75 12.2s (cumulative)
[nb_ridge] solve class 76 12.3s (cumulative)
[nb_ridge] solve class 77 12.5s (cumulative)
[nb_ridge] solve class 78 12.6s (cumulative)
[nb_ridge] solve class 79 12.8s (cumulative)
[nb_ridge] solve class 80 12.9s (cumulative)
[nb_ridge] solve class 81 13.1s (cumulative)
[nb_ridge] solve class 82 13.2s (cumulative)
[nb_ridge] solve class 83 13.4s (cumulative)
[nb_ridge] solve class 84 13.5s (cumulative)
[nb_ridge] solve class 85 13.7s (cumulative)
[nb_ridge] solve class 86 13.9s (cumulative)
[nb_ridge] solve class 87 14.0s (cumulative)
[nb_ridge] solve class 88 14.2s (cumulative)
[nb_ridge] solve class 89 14.3s (cumulative)
[nb_ridge] solve class 90 14.5s (cumulative)
[nb_ridge] solve class 91 14.6s (cumulative)
[nb_ridge] solve class 92 14.8s (cumulative)
[nb_ridge] solve class 93 15.0s (cumulative)
[nb_ridge] solve class 94 15.2s (cumulative)
[nb_ridge] solve class 95 15.3s (cumulative)
[nb_ridge] solve class 96 15.5s (cumulative)
[nb_ridge] solve class 97 15.6s (cumulative)
[nb_ridge] solve class 98 15.8s (cumulative)
[nb_ridge] solve class 99 16.0s (cumulative)
[nb_ridge] solve class 100 16.1s (cumulative)
[nb_ridge] solve class 101 16.3s (cumulative)
[nb_ridge] solve class 102 16.5s (cumulative)
[nb_ridge] solve class 103 16.6s (cumulative)
[nb_ridge] solve class 104 16.8s (cumulative)
[nb_ridge] solve class 105 16.9s (cumulative)
[nb_ridge] solve class 106 17.1s (cumulative)
[nb_ridge] solve class 107 17.3s (cumulative)
[nb_ridge] solve class 108 17.4s (cumulative)
[nb_ridge] solve class 109 17.6s (cumulative)
[nb_ridge] solve class 110 17.7s (cumulative)
[nb_ridge] solve class 111 17.9s (cumulative)
[nb_ridge] solve class 112 18.1s (cumulative)
[nb_ridge] solve class 113 18.2s (cumulative)
[nb_ridge] solve class 114 18.4s (cumulative)
[nb_ridge] solve class 115 18.5s (cumulative)
[nb_ridge] solve class 116 18.7s (cumulative)
[nb_ridge] solve class 117 18.8s (cumulative)
[nb_ridge] solve class 118 19.0s (cumulative)
[nb_ridge] solve class 119 19.1s (cumulative)
[nb_ridge] solve class 120 19.3s (cumulative)
[nb_ridge] solve class 121 19.5s (cumulative)
[nb_ridge] solve class 122 19.6s (cumulative)
[nb_ridge] solve class 123 19.8s (cumulative)
[nb_ridge] solve class 124 20.0s (cumulative)
[nb_ridge] solve class 125 20.1s (cumulative)
[nb_ridge] solve class 126 20.3s (cumulative)
[nb_ridge] solve class 127 20.4s (cumulative)
[nb_ridge] solve class 128 20.6s (cumulative)
[nb_ridge] solve class 129 20.7s (cumulative)
[nb_ridge] solve class 130 21.0s (cumulative)
[nb_ridge] solve class 131 21.1s (cumulative)
[nb_ridge] solve class 132 21.3s (cumulative)
[nb_ridge] solve class 133 21.5s (cumulative)
[nb_ridge] solve class 134 21.7s (cumulative)
[nb_ridge] solve class 135 21.8s (cumulative)
[nb_ridge] solve class 136 22.0s (cumulative)
[nb_ridge] solve class 137 22.1s (cumulative)
[nb_ridge] solve class 138 22.3s (cumulative)
[nb_ridge] solve class 139 22.4s (cumulative)
[nb_ridge] solve class 140 22.6s (cumulative)
[nb_ridge] solve class 141 22.7s (cumulative)
[nb_ridge] solve class 142 22.9s (cumulative)
[nb_ridge] solve class 143 23.0s (cumulative)
[nb_ridge] solve class 144 23.2s (cumulative)
[nb_ridge] solve class 145 23.3s (cumulative)
[nb_ridge] solve class 146 23.5s (cumulative)
[nb_ridge] solve class 147 23.6s (cumulative)
[nb_ridge] solve class 148 23.8s (cumulative)
[nb_ridge] solve class 149 23.9s (cumulative)
[nb_ridge] solve class 150 24.1s (cumulative)
[nb_ridge] solve class 151 24.2s (cumulative)
[nb_ridge] solve class 152 24.4s (cumulative)
[nb_ridge] solve class 153 24.5s (cumulative)
[nb_ridge] solve class 154 24.7s (cumulative)
[nb_ridge] solve class 155 24.8s (cumulative)
[nb_ridge] solve class 156 25.0s (cumulative)
[nb_ridge] solve class 157 25.2s (cumulative)
[nb_ridge] solve class 158 25.3s (cumulative)
[nb_ridge] solve class 159 25.5s (cumulative)
[nb_ridge] solve class 160 25.6s (cumulative)
[nb_ridge] solve class 161 25.8s (cumulative)
[nb_ridge] solve class 162 25.9s (cumulative)
[nb_ridge] solve class 163 26.1s (cumulative)
[nb_ridge] solve class 164 26.2s (cumulative)
[nb_ridge] solve class 165 26.4s (cumulative)
[nb_ridge] solve class 166 26.5s (cumulative)
[nb_ridge] solve class 167 26.7s (cumulative)
[nb_ridge] solve class 168 26.8s (cumulative)
[nb_ridge] solve class 169 27.0s (cumulative)
[nb_ridge] solve class 170 27.1s (cumulative)
[nb_ridge] solve class 171 27.2s (cumulative)
[nb_ridge] solve class 172 27.4s (cumulative)
[nb_ridge] solve class 173 27.5s (cumulative)
[nb_ridge] solve class 174 27.7s (cumulative)
[nb_ridge] solve class 175 27.8s (cumulative)
[nb_ridge] solve class 176 27.9s (cumulative)
[nb_ridge] solve class 177 28.1s (cumulative)
[nb_ridge] solve class 178 28.2s (cumulative)
[nb_ridge] solve class 179 28.4s (cumulative)
[nb_ridge] solve class 180 28.5s (cumulative)
[nb_ridge] solve class 181 28.7s (cumulative)
[nb_ridge] solve class 182 28.8s (cumulative)
[nb_ridge] solve class 183 29.0s (cumulative)
[nb_ridge] solve class 184 29.1s (cumulative)
[nb_ridge] solve class 185 29.3s (cumulative)
[nb_ridge] solve class 186 29.4s (cumulative)
[nb_ridge] solve class 187 29.6s (cumulative)
[nb_ridge] solve class 188 29.7s (cumulative)
[nb_ridge] solve class 189 29.9s (cumulative)
[nb_ridge] solve class 190 30.0s (cumulative)
[nb_ridge] solve class 191 30.2s (cumulative)
[nb_ridge] solve class 192 30.3s (cumulative)
[nb_ridge] solve class 193 30.5s (cumulative)
[nb_ridge] solve class 194 30.6s (cumulative)
[nb_ridge] solve class 195 30.8s (cumulative)
[nb_ridge] solve class 196 30.9s (cumulative)
[nb_ridge] solve class 197 31.1s (cumulative)
[nb_ridge] solve class 198 31.2s (cumulative)
[nb_ridge] solve class 199 31.4s (cumulative)
[nb_ridge] solve class 200 31.5s (cumulative)
[nb_ridge] solve class 201 31.7s (cumulative)
[nb_ridge] solve class 202 31.8s (cumulative)
[nb_ridge] solve class 203 32.0s (cumulative)
[nb_ridge] solve class 204 32.1s (cumulative)
[nb_ridge] solve class 205 32.2s (cumulative)
[nb_ridge] solve class 206 32.4s (cumulative)
[nb_ridge] solve class 207 32.5s (cumulative)
[nb_ridge] solve class 208 32.7s (cumulative)
[nb_ridge] solve class 209 32.8s (cumulative)
[nb_ridge] solve class 210 32.9s (cumulative)
[nb_ridge] solve class 211 33.1s (cumulative)
[nb_ridge] solve class 212 33.2s (cumulative)
[nb_ridge] solve class 213 33.4s (cumulative)
[nb_ridge] solve class 214 33.5s (cumulative)
[nb_ridge] solve class 215 33.7s (cumulative)
[nb_ridge] solve class 216 33.8s (cumulative)
[nb_ridge] solve class 217 33.9s (cumulative)
[nb_ridge] solve class 218 34.1s (cumulative)
[nb_ridge] solve class 219 34.2s (cumulative)
[nb_ridge] solve class 220 34.3s (cumulative)
[nb_ridge] solve class 221 34.5s (cumulative)
[nb_ridge] solve class 222 34.6s (cumulative)
[nb_ridge] solve class 223 34.8s (cumulative)
[nb_ridge] solve class 224 34.9s (cumulative)
[nb_ridge] solve class 225 35.0s (cumulative)
[nb_ridge] solve class 226 35.2s (cumulative)
[nb_ridge] solve class 227 35.3s (cumulative)
[nb_ridge] solve class 228 35.5s (cumulative)
[nb_ridge] solve class 229 35.6s (cumulative)
[nb_ridge] solve class 230 35.8s (cumulative)
[nb_ridge] solve class 231 35.9s (cumulative)
[nb_ridge] solve class 232 36.0s (cumulative)
[nb_ridge] solve class 233 36.2s (cumulative)
[nb_ridge] solve class 234 36.3s (cumulative)
[nb_ridge] solve class 235 36.5s (cumulative)
[nb_ridge] solve class 236 36.6s (cumulative)
[nb_ridge] solve class 237 36.8s (cumulative)
[nb_ridge] solve class 238 36.9s (cumulative)
[nb_ridge] solve class 239 37.1s (cumulative)
[nb_ridge] solve class 240 37.2s (cumulative)
[nb_ridge] solve class 241 37.4s (cumulative)
[nb_ridge] solve class 242 37.5s (cumulative)
[nb_ridge] solve class 243 37.7s (cumulative)
[nb_ridge] solve class 244 37.8s (cumulative)
[nb_ridge] solve class 245 38.0s (cumulative)
[nb_ridge] solve class 246 38.1s (cumulative)
[nb_ridge] solve class 247 38.3s (cumulative)
[nb_ridge] solve class 248 38.4s (cumulative)
[nb_ridge] solve class 249 38.6s (cumulative)
[nb_ridge] solve class 250 38.7s (cumulative)
[nb_ridge] solve class 251 38.9s (cumulative)
[nb_ridge] solve class 252 39.1s (cumulative)
[nb_ridge] solve class 253 39.2s (cumulative)
[nb_ridge] solve class 254 39.3s (cumulative)
[nb_ridge] solve class 255 39.5s (cumulative)
[nb_ridge] solve class 256 39.6s (cumulative)
[nb_ridge] solve class 257 39.8s (cumulative)
[nb_ridge] solve class 258 39.9s (cumulative)
[nb_ridge] solve class 259 40.1s (cumulative)
[nb_ridge] solve class 260 40.2s (cumulative)
[nb_ridge] solve class 261 40.3s (cumulative)
[nb_ridge] solve class 262 40.5s (cumulative)
[nb_ridge] solve class 263 40.6s (cumulative)
[nb_ridge] solve class 264 40.8s (cumulative)
[nb_ridge] solve class 265 40.9s (cumulative)
[nb_ridge] solve class 266 41.0s (cumulative)
[nb_ridge] solve class 267 41.2s (cumulative)
[nb_ridge] solve class 268 41.3s (cumulative)
[nb_ridge] solve class 269 41.5s (cumulative)
[nb_ridge] solve class 270 41.6s (cumulative)
[nb_ridge] solve class 271 41.8s (cumulative)
[nb_ridge] solve class 272 41.9s (cumulative)
[nb_ridge] solve class 273 42.1s (cumulative)
[nb_ridge] solve class 274 42.3s (cumulative)
[nb_ridge] solve class 275 42.4s (cumulative)
[nb_ridge] solve class 276 42.5s (cumulative)
[nb_ridge] solve class 277 42.7s (cumulative)
[nb_ridge] solve class 278 42.8s (cumulative)
[nb_ridge] solve class 279 43.0s (cumulative)
[nb_ridge] solve class 280 43.1s (cumulative)
[nb_ridge] solve class 281 43.3s (cumulative)
[nb_ridge] solve class 282 43.4s (cumulative)
[nb_ridge] solve class 283 43.6s (cumulative)
[nb_ridge] solve class 284 43.7s (cumulative)
[nb_ridge] solve class 285 43.9s (cumulative)
[nb_ridge] solve class 286 44.0s (cumulative)
[nb_ridge] solve class 287 44.2s (cumulative)
[nb_ridge] solve class 288 44.3s (cumulative)
[nb_ridge] solve class 289 44.5s (cumulative)
[nb_ridge] solve class 290 44.6s (cumulative)
[nb_ridge] solve class 291 44.7s (cumulative)
[nb_ridge] solve class 292 44.9s (cumulative)
[nb_ridge] solve class 293 45.0s (cumulative)
[nb_ridge] solve class 294 45.2s (cumulative)
[nb_ridge] solve class 295 45.3s (cumulative)
[nb_ridge] solve class 296 45.5s (cumulative)
[nb_ridge] solve class 297 45.6s (cumulative)
[nb_ridge] solve class 298 45.7s (cumulative)
[nb_ridge] solve class 299 45.9s (cumulative)
[nb_ridge] solve class 300 46.0s (cumulative)
[nb_ridge] solve class 301 46.2s (cumulative)
[nb_ridge] solve class 302 46.3s (cumulative)
[nb_ridge] solve class 303 46.5s (cumulative)
[nb_ridge] solve class 304 46.6s (cumulative)
[nb_ridge] solve class 305 46.7s (cumulative)
[nb_ridge] solve class 306 46.9s (cumulative)
[nb_ridge] solve class 307 47.0s (cumulative)
[nb_ridge] solve class 308 47.2s (cumulative)
[nb_ridge] solve class 309 47.3s (cumulative)
[nb_ridge] solve class 310 47.5s (cumulative)
[nb_ridge] solve class 311 47.6s (cumulative)
[nb_ridge] solve class 312 47.7s (cumulative)
[nb_ridge] solve class 313 47.9s (cumulative)
[nb_ridge] solve class 314 48.0s (cumulative)
[nb_ridge] solve class 315 48.2s (cumulative)
[nb_ridge] solve class 316 48.3s (cumulative)
[nb_ridge] solve class 317 48.5s (cumulative)
[nb_ridge] solve class 318 48.6s (cumulative)
[nb_ridge] solve class 319 48.8s (cumulative)
[nb_ridge] solve class 320 48.9s (cumulative)
[nb_ridge] solve class 321 49.1s (cumulative)
[nb_ridge] solve class 322 49.2s (cumulative)
[nb_ridge] solve class 323 49.4s (cumulative)
[nb_ridge] solve class 324 49.5s (cumulative)
[nb_ridge] solve class 325 49.7s (cumulative)
[nb_ridge] solve class 326 49.8s (cumulative)
[nb_ridge] solve class 327 49.9s (cumulative)
[nb_ridge] solve class 328 50.1s (cumulative)
[nb_ridge] solve class 329 50.2s (cumulative)
[nb_ridge] solve class 330 50.4s (cumulative)
[nb_ridge] solve class 331 50.5s (cumulative)
[nb_ridge] solve class 332 50.7s (cumulative)
[nb_ridge] solve class 333 50.8s (cumulative)
[nb_ridge] solve class 334 50.9s (cumulative)
[nb_ridge] solve class 335 51.1s (cumulative)
[nb_ridge] solve class 336 51.3s (cumulative)
[nb_ridge] solve class 337 51.4s (cumulative)
[nb_ridge] solve class 338 51.6s (cumulative)
[nb_ridge] solve class 339 51.7s (cumulative)
[nb_ridge] solve class 340 51.9s (cumulative)
[nb_ridge] solve class 341 52.0s (cumulative)
[nb_ridge] solve class 342 52.1s (cumulative)
[nb_ridge] solve class 343 52.3s (cumulative)
[nb_ridge] solve class 344 52.4s (cumulative)
[nb_ridge] solve class 345 52.6s (cumulative)
[nb_ridge] solve class 346 52.7s (cumulative)
[nb_ridge] solve class 347 52.8s (cumulative)
[nb_ridge] solve class 348 53.0s (cumulative)
[nb_ridge] solve class 349 53.1s (cumulative)
[nb_ridge] solve class 350 53.3s (cumulative)
[nb_ridge] solve class 351 53.4s (cumulative)
[nb_ridge] solve class 352 53.6s (cumulative)
[nb_ridge] solve class 353 53.7s (cumulative)
[nb_ridge] solve class 354 53.8s (cumulative)
[nb_ridge] solve class 355 54.0s (cumulative)
[nb_ridge] solve class 356 54.1s (cumulative)
[nb_ridge] solve class 357 54.3s (cumulative)
[nb_ridge] solve class 358 54.4s (cumulative)
[nb_ridge] solve class 359 54.5s (cumulative)
[nb_ridge] solve class 360 54.7s (cumulative)
[nb_ridge] solve class 361 54.8s (cumulative)
[nb_ridge] solve class 362 55.0s (cumulative)
[nb_ridge] solve class 363 55.1s (cumulative)
[nb_ridge] solve class 364 55.2s (cumulative)
[nb_ridge] solve class 365 55.4s (cumulative)
[nb_ridge] solve class 366 55.5s (cumulative)
[nb_ridge] solve class 367 55.7s (cumulative)
[nb_ridge] solve class 368 55.8s (cumulative)
[nb_ridge] solve class 369 55.9s (cumulative)
[nb_ridge] solve class 370 56.1s (cumulative)
[nb_ridge] solve class 371 56.2s (cumulative)
[nb_ridge] solve class 372 56.4s (cumulative)
[nb_ridge] solve class 373 56.5s (cumulative)
[nb_ridge] solve class 374 56.6s (cumulative)
[nb_ridge] solve class 375 56.8s (cumulative)
[nb_ridge] solve class 376 56.9s (cumulative)
[nb_ridge] solve class 377 57.1s (cumulative)
[nb_ridge] solve class 378 57.2s (cumulative)
[nb_ridge] solve class 379 57.4s (cumulative)
[nb_ridge] solve class 380 57.5s (cumulative)
[nb_ridge] solve class 381 57.6s (cumulative)
[nb_ridge] solve class 382 57.8s (cumulative)
[nb_ridge] solve class 383 57.9s (cumulative)
[nb_ridge] solve class 384 58.1s (cumulative)
[nb_ridge] solve class 385 58.2s (cumulative)
[nb_ridge] solve class 386 58.3s (cumulative)
[nb_ridge] solve class 387 58.5s (cumulative)
[nb_ridge] solve class 388 58.6s (cumulative)
[nb_ridge] solve class 389 58.8s (cumulative)
[nb_ridge] solve class 390 58.9s (cumulative)
[nb_ridge] solve class 391 59.0s (cumulative)
[nb_ridge] solve class 392 59.2s (cumulative)
[nb_ridge] solve class 393 59.3s (cumulative)
[nb_ridge] solve class 394 59.5s (cumulative)
[nb_ridge] solve class 395 59.6s (cumulative)
[nb_ridge] solve class 396 59.7s (cumulative)
[nb_ridge] solve class 397 59.9s (cumulative)
[nb_ridge] solve class 398 60.0s (cumulative)
[nb_ridge] solve class 399 60.2s (cumulative)
[nb_ridge] solve class 400 60.3s (cumulative)
[nb_ridge] solve class 401 60.4s (cumulative)
[nb_ridge] solve class 402 60.6s (cumulative)
[nb_ridge] solve class 403 60.7s (cumulative)
[nb_ridge] solve class 404 60.9s (cumulative)
[nb_ridge] solve class 405 61.0s (cumulative)
[nb_ridge] solve class 406 61.2s (cumulative)
[nb_ridge] solve class 407 61.3s (cumulative)
[nb_ridge] solve class 408 61.4s (cumulative)
[nb_ridge] solve class 409 61.6s (cumulative)
[nb_ridge] solve class 410 61.7s (cumulative)
[nb_ridge] solve class 411 61.9s (cumulative)
[nb_ridge] solve class 412 62.0s (cumulative)
[nb_ridge] solve class 413 62.1s (cumulative)
[nb_ridge] solve class 414 62.3s (cumulative)
[nb_ridge] solve class 415 62.4s (cumulative)
[nb_ridge] solve class 416 62.6s (cumulative)
[nb_ridge] solve class 417 62.7s (cumulative)
[nb_ridge] solve class 418 62.8s (cumulative)
[nb_ridge] solve class 419 63.0s (cumulative)
[nb_ridge] solve class 420 63.1s (cumulative)
[nb_ridge] solve class 421 63.3s (cumulative)
[nb_ridge] solve class 422 63.4s (cumulative)
[nb_ridge] solve class 423 63.6s (cumulative)
[nb_ridge] solve class 424 63.7s (cumulative)
[nb_ridge] solve class 425 63.8s (cumulative)
[nb_ridge] solve class 426 64.0s (cumulative)
[nb_ridge] solve class 427 64.1s (cumulative)
[nb_ridge] solve class 428 64.3s (cumulative)
[nb_ridge] solve class 429 64.4s (cumulative)
[nb_ridge] solve class 430 64.5s (cumulative)
[nb_ridge] solve class 431 64.7s (cumulative)
[nb_ridge] solve class 432 64.9s (cumulative)
[nb_ridge] solve class 433 65.1s (cumulative)
[nb_ridge] solve class 434 65.3s (cumulative)
[nb_ridge] solve class 435 65.4s (cumulative)
[nb_ridge] solve class 436 65.6s (cumulative)
[nb_ridge] solve class 437 65.7s (cumulative)
[nb_ridge] solve class 438 65.9s (cumulative)
[nb_ridge] solve class 439 66.0s (cumulative)
[nb_ridge] solve class 440 66.2s (cumulative)
[nb_ridge] solve class 441 66.3s (cumulative)
[nb_ridge] solve class 442 66.5s (cumulative)
[nb_ridge] solve class 443 66.6s (cumulative)
[nb_ridge] solve class 444 66.7s (cumulative)
[nb_ridge] solve class 445 66.9s (cumulative)
[nb_ridge] solve class 446 67.0s (cumulative)
[nb_ridge] solve class 447 67.2s (cumulative)
[nb_ridge] solve class 448 67.3s (cumulative)
[nb_ridge] solve class 449 67.5s (cumulative)
[nb_ridge] solve class 450 67.6s (cumulative)
[nb_ridge] solve class 451 67.7s (cumulative)
[nb_ridge] solve class 452 67.9s (cumulative)
[nb_ridge] solve class 453 68.0s (cumulative)
[nb_ridge] solve class 454 68.2s (cumulative)
[nb_ridge] solve class 455 68.3s (cumulative)
[nb_ridge] solve class 456 68.4s (cumulative)
[nb_ridge] solve class 457 68.6s (cumulative)
[nb_ridge] solve class 458 68.7s (cumulative)
[nb_ridge] solve class 459 68.9s (cumulative)
[nb_ridge] solve class 460 69.0s (cumulative)
[nb_ridge] solve class 461 69.2s (cumulative)
[nb_ridge] solve class 462 69.3s (cumulative)
[nb_ridge] solve class 463 69.5s (cumulative)
[nb_ridge] solve class 464 69.6s (cumulative)
[nb_ridge] solve class 465 69.8s (cumulative)
[nb_ridge] solve class 466 69.9s (cumulative)
[nb_ridge] solve class 467 70.1s (cumulative)
[nb_ridge] solve class 468 70.2s (cumulative)
[nb_ridge] solve class 469 70.4s (cumulative)
[nb_ridge] solve class 470 70.5s (cumulative)
[nb_ridge] solve class 471 70.7s (cumulative)
[nb_ridge] solve class 472 70.8s (cumulative)
[nb_ridge] solve class 473 71.0s (cumulative)
[nb_ridge] solve class 474 71.1s (cumulative)
[nb_ridge] solve class 475 71.2s (cumulative)
[nb_ridge] solve class 476 71.4s (cumulative)
[nb_ridge] solve class 477 71.5s (cumulative)
[nb_ridge] solve class 478 71.7s (cumulative)
[nb_ridge] solve class 479 71.8s (cumulative)
[nb_ridge] solve class 480 72.0s (cumulative)
[nb_ridge] solve class 481 72.1s (cumulative)
[nb_ridge] solve class 482 72.2s (cumulative)
[nb_ridge] solve class 483 72.4s (cumulative)
[nb_ridge] solve class 484 72.6s (cumulative)
[nb_ridge] solve class 485 72.7s (cumulative)
[nb_ridge] solve class 486 72.8s (cumulative)
[nb_ridge] solve class 487 73.0s (cumulative)
[nb_ridge] solve class 488 73.1s (cumulative)
[nb_ridge] solve class 489 73.3s (cumulative)
[nb_ridge] solve class 490 73.4s (cumulative)
[nb_ridge] solve class 491 73.6s (cumulative)
[nb_ridge] solve class 492 73.7s (cumulative)
[nb_ridge] solve class 493 73.9s (cumulative)
[nb_ridge] solve class 494 74.0s (cumulative)
[nb_ridge] solve class 495 74.1s (cumulative)
[nb_ridge] solve class 496 74.3s (cumulative)
[nb_ridge] solve class 497 74.4s (cumulative)
[nb_ridge] solve class 498 74.6s (cumulative)
[nb_ridge] solve class 499 74.7s (cumulative)
[nb_ridge] solve class 500 74.8s (cumulative)
[nb_ridge] solve class 501 75.0s (cumulative)
[nb_ridge] solve class 502 75.1s (cumulative)
[nb_ridge] solve class 503 75.3s (cumulative)
[nb_ridge] solve class 504 75.4s (cumulative)
[nb_ridge] solve class 505 75.5s (cumulative)
[nb_ridge] solve class 506 75.7s (cumulative)
[nb_ridge] solve class 507 75.8s (cumulative)
[nb_ridge] solve class 508 75.9s (cumulative)
[nb_ridge] solve class 509 76.1s (cumulative)
[nb_ridge] solve class 510 76.2s (cumulative)
[nb_ridge] solve class 511 76.4s (cumulative)
[nb_ridge] solve class 512 76.5s (cumulative)
[nb_ridge] solve class 513 76.7s (cumulative)
[nb_ridge] solve class 514 76.8s (cumulative)
[nb_ridge] solve class 515 76.9s (cumulative)
[nb_ridge] solve class 516 77.1s (cumulative)
[nb_ridge] solve class 517 77.2s (cumulative)
[nb_ridge] solve class 518 77.4s (cumulative)
[nb_ridge] solve class 519 77.5s (cumulative)
[nb_ridge] solve class 520 77.6s (cumulative)
[nb_ridge] solve class 521 77.8s (cumulative)
[nb_ridge] solve class 522 77.9s (cumulative)
[nb_ridge] solve class 523 78.1s (cumulative)
[nb_ridge] solve class 524 78.2s (cumulative)
[nb_ridge] solve class 525 78.3s (cumulative)
[nb_ridge] solve class 526 78.5s (cumulative)
[nb_ridge] solve class 527 78.6s (cumulative)
[nb_ridge] solve class 528 78.8s (cumulative)
[nb_ridge] solve class 529 78.9s (cumulative)
[nb_ridge] solve class 530 79.0s (cumulative)
[nb_ridge] solve class 531 79.2s (cumulative)
[nb_ridge] solve class 532 79.3s (cumulative)
[nb_ridge] solve class 533 79.5s (cumulative)
[nb_ridge] solve class 534 79.6s (cumulative)
[nb_ridge] solve class 535 79.8s (cumulative)
[nb_ridge] solve class 536 79.9s (cumulative)
[nb_ridge] solve class 537 80.1s (cumulative)
[nb_ridge] solve class 538 80.2s (cumulative)
[nb_ridge] solve class 539 80.4s (cumulative)
[nb_ridge] solve class 540 80.5s (cumulative)
[nb_ridge] solve class 541 80.7s (cumulative)
[nb_ridge] solve class 542 80.8s (cumulative)
[nb_ridge] solve class 543 81.0s (cumulative)
[nb_ridge] solve class 544 81.1s (cumulative)
[nb_ridge] solve class 545 81.3s (cumulative)
[nb_ridge] solve class 546 81.4s (cumulative)
[nb_ridge] solve class 547 81.6s (cumulative)
[nb_ridge] solve class 548 81.7s (cumulative)
[nb_ridge] solve class 549 81.9s (cumulative)
[nb_ridge] solve class 550 82.1s (cumulative)
[nb_ridge] solve class 551 82.2s (cumulative)
[nb_ridge] solve class 552 82.4s (cumulative)
[nb_ridge] solve class 553 82.5s (cumulative)
[nb_ridge] solve class 554 82.7s (cumulative)
[nb_ridge] solve class 555 82.8s (cumulative)
[nb_ridge] solve class 556 83.0s (cumulative)
[nb_ridge] solve class 557 83.1s (cumulative)
[nb_ridge] solve class 558 83.3s (cumulative)
[nb_ridge] solve class 559 83.5s (cumulative)
[nb_ridge] solve class 560 83.6s (cumulative)
[nb_ridge] solve class 561 83.8s (cumulative)
[nb_ridge] solve class 562 83.9s (cumulative)
[nb_ridge] solve class 563 84.1s (cumulative)
[nb_ridge] solve class 564 84.3s (cumulative)
[nb_ridge] solve class 565 84.4s (cumulative)
[nb_ridge] solve class 566 84.6s (cumulative)
[nb_ridge] solve class 567 84.7s (cumulative)
[nb_ridge] solve class 568 84.9s (cumulative)
[nb_ridge] solve class 569 85.0s (cumulative)
[nb_ridge] solve class 570 85.2s (cumulative)
[nb_ridge] solve class 571 85.4s (cumulative)
[nb_ridge] solve class 572 85.5s (cumulative)
[nb_ridge] solve class 573 85.7s (cumulative)
[nb_ridge] solve class 574 85.8s (cumulative)
[nb_ridge] solve class 575 85.9s (cumulative)
[nb_ridge] solve class 576 86.1s (cumulative)
[nb_ridge] solve class 577 86.3s (cumulative)
[nb_ridge] solve class 578 86.4s (cumulative)
[nb_ridge] solve class 579 86.6s (cumulative)
[nb_ridge] solve class 580 86.7s (cumulative)
[nb_ridge] solve class 581 86.9s (cumulative)
[nb_ridge] solve class 582 87.0s (cumulative)
[nb_ridge] solve class 583 87.2s (cumulative)
[nb_ridge] solve class 584 87.3s (cumulative)
[nb_ridge] solve class 585 87.5s (cumulative)
[nb_ridge] solve class 586 87.6s (cumulative)
[nb_ridge] solve class 587 87.8s (cumulative)
[nb_ridge] solve class 588 87.9s (cumulative)
[nb_ridge] solve class 589 88.1s (cumulative)
[nb_ridge] solve class 590 88.2s (cumulative)
[nb_ridge] solve class 591 88.4s (cumulative)
[nb_ridge] solve class 592 88.6s (cumulative)
[nb_ridge] solve class 593 88.7s (cumulative)
[nb_ridge] solve class 594 88.9s (cumulative)
[nb_ridge] solve class 595 89.2s (cumulative)
[nb_ridge] solve class 596 89.3s (cumulative)
[nb_ridge] solve class 597 89.5s (cumulative)
[nb_ridge] solve class 598 89.7s (cumulative)
[nb_ridge] solve class 599 89.8s (cumulative)
[nb_ridge] solve class 600 90.0s (cumulative)
[nb_ridge] solve class 601 90.2s (cumulative)
[nb_ridge] solve class 602 90.4s (cumulative)
[nb_ridge] solve class 603 90.5s (cumulative)
[nb_ridge] solve class 604 90.6s (cumulative)
[nb_ridge] solve class 605 90.8s (cumulative)
[nb_ridge] solve class 606 90.9s (cumulative)
[nb_ridge] solve class 607 91.1s (cumulative)
[nb_ridge] solve class 608 91.2s (cumulative)
[nb_ridge] solve class 609 91.4s (cumulative)
[nb_ridge] solve class 610 91.6s (cumulative)
[nb_ridge] solve class 611 91.8s (cumulative)
[nb_ridge] solve class 612 91.9s (cumulative)
[nb_ridge] solve class 613 92.1s (cumulative)
[nb_ridge] solve class 614 92.3s (cumulative)
[nb_ridge] solve class 615 92.4s (cumulative)
[nb_ridge] solve class 616 92.6s (cumulative)
[nb_ridge] solve class 617 92.8s (cumulative)
[nb_ridge] solve class 618 92.9s (cumulative)
[nb_ridge] solve class 619 93.1s (cumulative)
[nb_ridge] solve class 620 93.2s (cumulative)
[nb_ridge] solve class 621 93.4s (cumulative)
[nb_ridge] solve class 622 93.6s (cumulative)
[nb_ridge] solve class 623 93.7s (cumulative)
[nb_ridge] solve class 624 93.9s (cumulative)
[nb_ridge] solve class 625 94.0s (cumulative)
[nb_ridge] solve class 626 94.2s (cumulative)
[nb_ridge] solve class 627 94.3s (cumulative)
[nb_ridge] solve class 628 94.5s (cumulative)
[nb_ridge] solve class 629 94.6s (cumulative)
[nb_ridge] solve class 630 94.8s (cumulative)
[nb_ridge] solve class 631 95.0s (cumulative)
[nb_ridge] solve class 632 95.1s (cumulative)
[nb_ridge] solve class 633 95.3s (cumulative)
[nb_ridge] solve class 634 95.4s (cumulative)
[nb_ridge] solve class 635 95.6s (cumulative)
[nb_ridge] solve class 636 95.7s (cumulative)
[nb_ridge] solve class 637 95.9s (cumulative)
[nb_ridge] solve class 638 96.0s (cumulative)
[nb_ridge] solve class 639 96.2s (cumulative)
[nb_ridge] solve class 640 96.3s (cumulative)
[nb_ridge] solve class 641 96.5s (cumulative)
[nb_ridge] solve class 642 96.7s (cumulative)
[nb_ridge] solve class 643 96.8s (cumulative)
[nb_ridge] solve class 644 97.0s (cumulative)
[nb_ridge] solve class 645 97.1s (cumulative)
[nb_ridge] solve class 646 97.3s (cumulative)
[nb_ridge] solve class 647 97.4s (cumulative)
[nb_ridge] solve class 648 97.6s (cumulative)
[nb_ridge] solve class 649 97.8s (cumulative)
[nb_ridge] solve class 650 97.9s (cumulative)
[nb_ridge] solve class 651 98.1s (cumulative)
[nb_ridge] solve class 652 98.3s (cumulative)
[nb_ridge] solve class 653 98.4s (cumulative)
[nb_ridge] solve class 654 98.6s (cumulative)
[nb_ridge] solve class 655 98.8s (cumulative)
[nb_ridge] solve class 656 98.9s (cumulative)
[nb_ridge] solve class 657 99.1s (cumulative)
[nb_ridge] solve class 658 99.2s (cumulative)
[nb_ridge] solve class 659 99.4s (cumulative)
[nb_ridge] solve class 660 99.5s (cumulative)
[nb_ridge] solve class 661 99.7s (cumulative)
[nb_ridge] solve class 662 99.8s (cumulative)
[nb_ridge] solve class 663 100.0s (cumulative)
[nb_ridge] solve class 664 100.2s (cumulative)
[nb_ridge] solve class 665 100.3s (cumulative)
[nb_ridge] solve class 666 100.5s (cumulative)
[nb_ridge] solve class 667 100.6s (cumulative)
[nb_ridge] solve class 668 100.8s (cumulative)
[nb_ridge] solve class 669 100.9s (cumulative)
[nb_ridge] solve class 670 101.1s (cumulative)
[nb_ridge] solve class 671 101.3s (cumulative)
[nb_ridge] solve class 672 101.4s (cumulative)
[nb_ridge] solve class 673 101.6s (cumulative)
[nb_ridge] solve class 674 101.7s (cumulative)
[nb_ridge] solve class 675 101.9s (cumulative)
[nb_ridge] solve class 676 102.1s (cumulative)
[nb_ridge] solve class 677 102.2s (cumulative)
[nb_ridge] solve class 678 102.4s (cumulative)
[nb_ridge] solve class 679 102.5s (cumulative)
[nb_ridge] solve class 680 102.7s (cumulative)
[nb_ridge] solve class 681 102.9s (cumulative)
[nb_ridge] solve class 682 103.0s (cumulative)
[nb_ridge] solve class 683 103.2s (cumulative)
[nb_ridge] solve class 684 103.3s (cumulative)
[nb_ridge] solve class 685 103.5s (cumulative)
[nb_ridge] solve class 686 103.6s (cumulative)
[nb_ridge] solve class 687 103.8s (cumulative)
[nb_ridge] solve class 688 103.9s (cumulative)
[nb_ridge] solve class 689 104.1s (cumulative)
[nb_ridge] solve class 690 104.2s (cumulative)
[nb_ridge] solve class 691 104.4s (cumulative)
[nb_ridge] solve class 692 104.5s (cumulative)
[nb_ridge] solve class 693 104.7s (cumulative)
[nb_ridge] solve class 694 104.9s (cumulative)
[nb_ridge] solve class 695 105.0s (cumulative)
[nb_ridge] solve class 696 105.2s (cumulative)
[nb_ridge] solve class 697 105.3s (cumulative)
[nb_ridge] solve class 698 105.5s (cumulative)
[nb_ridge] solve class 699 105.6s (cumulative)
[nb_ridge] solve class 700 105.8s (cumulative)
[nb_ridge] solve class 701 106.0s (cumulative)
[nb_ridge] solve class 702 106.1s (cumulative)
[nb_ridge] solve class 703 106.3s (cumulative)
[nb_ridge] solve class 704 106.4s (cumulative)
[nb_ridge] solve class 705 106.6s (cumulative)
[nb_ridge] solve class 706 106.7s (cumulative)
[nb_ridge] solve class 707 106.9s (cumulative)
[nb_ridge] solve class 708 107.0s (cumulative)
[nb_ridge] solve class 709 107.2s (cumulative)
[nb_ridge] solve class 710 107.3s (cumulative)
[nb_ridge] solve class 711 107.5s (cumulative)
[nb_ridge] solve class 712 107.6s (cumulative)
[nb_ridge] solve class 713 107.8s (cumulative)
[nb_ridge] solve class 714 107.9s (cumulative)
[nb_ridge] solve class 715 108.1s (cumulative)
[nb_ridge] solve class 716 108.2s (cumulative)
[nb_ridge] solve class 717 108.4s (cumulative)
[nb_ridge] solve class 718 108.5s (cumulative)
[nb_ridge] solve class 719 108.7s (cumulative)
[nb_ridge] solve class 720 108.8s (cumulative)
[nb_ridge] solve class 721 109.0s (cumulative)
[nb_ridge] solve class 722 109.1s (cumulative)
[nb_ridge] solve class 723 109.3s (cumulative)
[nb_ridge] solve class 724 109.4s (cumulative)
[nb_ridge] solve class 725 109.6s (cumulative)
[nb_ridge] solve class 726 109.7s (cumulative)
[nb_ridge] solve class 727 109.9s (cumulative)
[nb_ridge] solve class 728 110.0s (cumulative)
[nb_ridge] solve class 729 110.2s (cumulative)
[nb_ridge] solve class 730 110.4s (cumulative)
[nb_ridge] solve class 731 110.5s (cumulative)
[nb_ridge] solve class 732 110.7s (cumulative)
[nb_ridge] solve class 733 110.9s (cumulative)
[nb_ridge] solve class 734 111.0s (cumulative)
[nb_ridge] solve class 735 111.2s (cumulative)
[nb_ridge] solve class 736 111.3s (cumulative)
[nb_ridge] solve class 737 111.5s (cumulative)
[nb_ridge] solve class 738 111.6s (cumulative)
[nb_ridge] solve class 739 111.8s (cumulative)
[nb_ridge] solve class 740 112.0s (cumulative)
[nb_ridge] solve class 741 112.1s (cumulative)
[nb_ridge] solve class 742 112.3s (cumulative)
[nb_ridge] solve class 743 112.4s (cumulative)
[nb_ridge] solve class 744 112.6s (cumulative)
[nb_ridge] solve class 745 112.7s (cumulative)
[nb_ridge] solve class 746 112.9s (cumulative)
[nb_ridge] solve class 747 113.1s (cumulative)
[nb_ridge] solve class 748 113.2s (cumulative)
[nb_ridge] solve class 749 113.4s (cumulative)
[nb_ridge] solve class 750 113.5s (cumulative)
[nb_ridge] solve class 751 113.7s (cumulative)
[nb_ridge] solve class 752 113.8s (cumulative)
[nb_ridge] solve class 753 114.0s (cumulative)
[nb_ridge] solve class 754 114.1s (cumulative)
[nb_ridge] solve class 755 114.3s (cumulative)
[nb_ridge] solve class 756 114.5s (cumulative)
[nb_ridge] solve class 757 114.6s (cumulative)
[nb_ridge] solve class 758 114.8s (cumulative)
[nb_ridge] solve class 759 114.9s (cumulative)
[nb_ridge] solve class 760 115.1s (cumulative)
[nb_ridge] solve class 761 115.2s (cumulative)
[nb_ridge] solve class 762 115.4s (cumulative)
[nb_ridge] solve class 763 115.5s (cumulative)
[nb_ridge] solve class 764 115.7s (cumulative)
[nb_ridge] solve class 765 115.8s (cumulative)
[nb_ridge] solve class 766 116.0s (cumulative)
[nb_ridge] solve class 767 116.1s (cumulative)
[nb_ridge] solve class 768 116.3s (cumulative)
[nb_ridge] solve class 769 116.4s (cumulative)
[nb_ridge] solve class 770 116.6s (cumulative)
[nb_ridge] solve class 771 116.8s (cumulative)
[nb_ridge] solve class 772 116.9s (cumulative)
[nb_ridge] solve class 773 117.1s (cumulative)
[nb_ridge] solve class 774 117.2s (cumulative)
[nb_ridge] solve class 775 117.4s (cumulative)
[nb_ridge] solve class 776 117.5s (cumulative)
[nb_ridge] solve class 777 117.7s (cumulative)
[nb_ridge] solve class 778 117.8s (cumulative)
[nb_ridge] solve class 779 118.0s (cumulative)
[nb_ridge] solve class 780 118.1s (cumulative)
[nb_ridge] solve class 781 118.3s (cumulative)
[nb_ridge] solve class 782 118.4s (cumulative)
[nb_ridge] solve class 783 118.6s (cumulative)
[nb_ridge] solve class 784 118.7s (cumulative)
[nb_ridge] solve class 785 118.9s (cumulative)
[nb_ridge] solve class 786 119.0s (cumulative)
[nb_ridge] solve class 787 119.2s (cumulative)
[nb_ridge] solve class 788 119.4s (cumulative)
[nb_ridge] solve class 789 119.5s (cumulative)
[nb_ridge] solve class 790 119.7s (cumulative)
[nb_ridge] solve class 791 119.8s (cumulative)
[nb_ridge] solve class 792 120.0s (cumulative)
[nb_ridge] solve class 793 120.1s (cumulative)
[nb_ridge] solve class 794 120.3s (cumulative)
[nb_ridge] solve class 795 120.5s (cumulative)
[nb_ridge] solve class 796 120.6s (cumulative)
[nb_ridge] solve class 797 120.8s (cumulative)
[nb_ridge] solve class 798 120.9s (cumulative)
[nb_ridge] solve class 799 121.1s (cumulative)
[nb_ridge] solve class 800 121.2s (cumulative)
[nb_ridge] solve class 801 121.4s (cumulative)
[nb_ridge] solve class 802 121.6s (cumulative)
[nb_ridge] solve class 803 121.8s (cumulative)
[nb_ridge] solve class 804 121.9s (cumulative)
[nb_ridge] solve class 805 122.1s (cumulative)
[nb_ridge] solve class 806 122.3s (cumulative)
[nb_ridge] solve class 807 122.4s (cumulative)
[nb_ridge] solve class 808 122.6s (cumulative)
[nb_ridge] solve class 809 122.8s (cumulative)
[nb_ridge] solve class 810 123.0s (cumulative)
[nb_ridge] solve class 811 123.1s (cumulative)
[nb_ridge] solve class 812 123.3s (cumulative)
[nb_ridge] solve class 813 123.4s (cumulative)
[nb_ridge] solve class 814 123.6s (cumulative)
[nb_ridge] solve class 815 123.7s (cumulative)
[nb_ridge] solve class 816 123.9s (cumulative)
[nb_ridge] solve class 817 124.1s (cumulative)
[nb_ridge] solve class 818 124.2s (cumulative)
[nb_ridge] solve class 819 124.4s (cumulative)
[nb_ridge] solve class 820 124.5s (cumulative)
[nb_ridge] solve class 821 124.7s (cumulative)
[nb_ridge] solve class 822 124.8s (cumulative)
[nb_ridge] solve class 823 124.9s (cumulative)
[nb_ridge] solve class 824 125.1s (cumulative)
[nb_ridge] solve class 825 125.3s (cumulative)
[nb_ridge] solve class 826 125.4s (cumulative)
[nb_ridge] solve class 827 125.6s (cumulative)
[nb_ridge] solve class 828 125.7s (cumulative)
[nb_ridge] solve class 829 125.8s (cumulative)
[nb_ridge] solve class 830 126.0s (cumulative)
[nb_ridge] solve class 831 126.1s (cumulative)
[nb_ridge] solve class 832 126.3s (cumulative)
[nb_ridge] solve class 833 126.4s (cumulative)
[nb_ridge] solve class 834 126.6s (cumulative)
[nb_ridge] solve class 835 126.7s (cumulative)
[nb_ridge] solve class 836 126.9s (cumulative)
[nb_ridge] solve class 837 127.0s (cumulative)
[nb_ridge] solve class 838 127.2s (cumulative)
[nb_ridge] solve class 839 127.3s (cumulative)
[nb_ridge] solve class 840 127.5s (cumulative)
[nb_ridge] solve class 841 127.6s (cumulative)
    ridge-select: scale 2 → sel-slice acc 0.1950
[nb_ridge] tokenize+counts 0.0s (1981 docs, 842 classes)
[nb_ridge] solve class 0 0.2s (cumulative)
[nb_ridge] solve class 1 0.4s (cumulative)
[nb_ridge] solve class 2 0.5s (cumulative)
[nb_ridge] solve class 3 0.7s (cumulative)
[nb_ridge] solve class 4 0.9s (cumulative)
[nb_ridge] solve class 5 1.1s (cumulative)
[nb_ridge] solve class 6 1.2s (cumulative)
[nb_ridge] solve class 7 1.4s (cumulative)
[nb_ridge] solve class 8 1.6s (cumulative)
[nb_ridge] solve class 9 1.7s (cumulative)
[nb_ridge] solve class 10 1.9s (cumulative)
[nb_ridge] solve class 11 2.1s (cumulative)
[nb_ridge] solve class 12 2.2s (cumulative)
[nb_ridge] solve class 13 2.4s (cumulative)
[nb_ridge] solve class 14 2.6s (cumulative)
[nb_ridge] solve class 15 2.8s (cumulative)
[nb_ridge] solve class 16 3.0s (cumulative)
[nb_ridge] solve class 17 3.2s (cumulative)
[nb_ridge] solve class 18 3.3s (cumulative)
[nb_ridge] solve class 19 3.5s (cumulative)
[nb_ridge] solve class 20 3.7s (cumulative)
[nb_ridge] solve class 21 3.9s (cumulative)
[nb_ridge] solve class 22 4.0s (cumulative)
[nb_ridge] solve class 23 4.2s (cumulative)
[nb_ridge] solve class 24 4.4s (cumulative)
[nb_ridge] solve class 25 4.5s (cumulative)
[nb_ridge] solve class 26 4.7s (cumulative)
[nb_ridge] solve class 27 4.9s (cumulative)
[nb_ridge] solve class 28 5.0s (cumulative)
[nb_ridge] solve class 29 5.2s (cumulative)
[nb_ridge] solve class 30 5.4s (cumulative)
[nb_ridge] solve class 31 5.5s (cumulative)
[nb_ridge] solve class 32 5.7s (cumulative)
[nb_ridge] solve class 33 5.8s (cumulative)
[nb_ridge] solve class 34 6.0s (cumulative)
[nb_ridge] solve class 35 6.2s (cumulative)
[nb_ridge] solve class 36 6.3s (cumulative)
[nb_ridge] solve class 37 6.5s (cumulative)
[nb_ridge] solve class 38 6.6s (cumulative)
[nb_ridge] solve class 39 6.8s (cumulative)
[nb_ridge] solve class 40 7.0s (cumulative)
[nb_ridge] solve class 41 7.1s (cumulative)
[nb_ridge] solve class 42 7.3s (cumulative)
[nb_ridge] solve class 43 7.5s (cumulative)
[nb_ridge] solve class 44 7.6s (cumulative)
[nb_ridge] solve class 45 7.8s (cumulative)
[nb_ridge] solve class 46 8.0s (cumulative)
[nb_ridge] solve class 47 8.1s (cumulative)
[nb_ridge] solve class 48 8.3s (cumulative)
[nb_ridge] solve class 49 8.4s (cumulative)
[nb_ridge] solve class 50 8.6s (cumulative)
[nb_ridge] solve class 51 8.8s (cumulative)
[nb_ridge] solve class 52 8.9s (cumulative)
[nb_ridge] solve class 53 9.1s (cumulative)
[nb_ridge] solve class 54 9.2s (cumulative)
[nb_ridge] solve class 55 9.4s (cumulative)
[nb_ridge] solve class 56 9.5s (cumulative)
[nb_ridge] solve class 57 9.7s (cumulative)
[nb_ridge] solve class 58 9.8s (cumulative)
[nb_ridge] solve class 59 10.0s (cumulative)
[nb_ridge] solve class 60 10.1s (cumulative)
[nb_ridge] solve class 61 10.3s (cumulative)
[nb_ridge] solve class 62 10.5s (cumulative)
[nb_ridge] solve class 63 10.6s (cumulative)
[nb_ridge] solve class 64 10.7s (cumulative)
[nb_ridge] solve class 65 10.9s (cumulative)
[nb_ridge] solve class 66 11.0s (cumulative)
[nb_ridge] solve class 67 11.2s (cumulative)
[nb_ridge] solve class 68 11.3s (cumulative)
[nb_ridge] solve class 69 11.5s (cumulative)
[nb_ridge] solve class 70 11.6s (cumulative)
[nb_ridge] solve class 71 11.8s (cumulative)
[nb_ridge] solve class 72 11.9s (cumulative)
[nb_ridge] solve class 73 12.1s (cumulative)
[nb_ridge] solve class 74 12.2s (cumulative)
[nb_ridge] solve class 75 12.3s (cumulative)
[nb_ridge] solve class 76 12.5s (cumulative)
[nb_ridge] solve class 77 12.6s (cumulative)
[nb_ridge] solve class 78 12.8s (cumulative)
[nb_ridge] solve class 79 12.9s (cumulative)
[nb_ridge] solve class 80 13.0s (cumulative)
[nb_ridge] solve class 81 13.2s (cumulative)
[nb_ridge] solve class 82 13.3s (cumulative)
[nb_ridge] solve class 83 13.5s (cumulative)
[nb_ridge] solve class 84 13.6s (cumulative)
[nb_ridge] solve class 85 13.7s (cumulative)
[nb_ridge] solve class 86 13.9s (cumulative)
[nb_ridge] solve class 87 14.0s (cumulative)
[nb_ridge] solve class 88 14.2s (cumulative)
[nb_ridge] solve class 89 14.3s (cumulative)
[nb_ridge] solve class 90 14.5s (cumulative)
[nb_ridge] solve class 91 14.6s (cumulative)
[nb_ridge] solve class 92 14.7s (cumulative)
[nb_ridge] solve class 93 14.9s (cumulative)
[nb_ridge] solve class 94 15.0s (cumulative)
[nb_ridge] solve class 95 15.2s (cumulative)
[nb_ridge] solve class 96 15.3s (cumulative)
[nb_ridge] solve class 97 15.5s (cumulative)
[nb_ridge] solve class 98 15.6s (cumulative)
[nb_ridge] solve class 99 15.8s (cumulative)
[nb_ridge] solve class 100 15.9s (cumulative)
[nb_ridge] solve class 101 16.0s (cumulative)
[nb_ridge] solve class 102 16.2s (cumulative)
[nb_ridge] solve class 103 16.3s (cumulative)
[nb_ridge] solve class 104 16.5s (cumulative)
[nb_ridge] solve class 105 16.6s (cumulative)
[nb_ridge] solve class 106 16.8s (cumulative)
[nb_ridge] solve class 107 16.9s (cumulative)
[nb_ridge] solve class 108 17.0s (cumulative)
[nb_ridge] solve class 109 17.2s (cumulative)
[nb_ridge] solve class 110 17.3s (cumulative)
[nb_ridge] solve class 111 17.5s (cumulative)
[nb_ridge] solve class 112 17.6s (cumulative)
[nb_ridge] solve class 113 17.7s (cumulative)
[nb_ridge] solve class 114 17.9s (cumulative)
[nb_ridge] solve class 115 18.0s (cumulative)
[nb_ridge] solve class 116 18.2s (cumulative)
[nb_ridge] solve class 117 18.3s (cumulative)
[nb_ridge] solve class 118 18.5s (cumulative)
[nb_ridge] solve class 119 18.6s (cumulative)
[nb_ridge] solve class 120 18.8s (cumulative)
[nb_ridge] solve class 121 19.0s (cumulative)
[nb_ridge] solve class 122 19.1s (cumulative)
[nb_ridge] solve class 123 19.3s (cumulative)
[nb_ridge] solve class 124 19.4s (cumulative)
[nb_ridge] solve class 125 19.6s (cumulative)
[nb_ridge] solve class 126 19.7s (cumulative)
[nb_ridge] solve class 127 19.9s (cumulative)
[nb_ridge] solve class 128 20.0s (cumulative)
[nb_ridge] solve class 129 20.2s (cumulative)
[nb_ridge] solve class 130 20.3s (cumulative)
[nb_ridge] solve class 131 20.4s (cumulative)
[nb_ridge] solve class 132 20.6s (cumulative)
[nb_ridge] solve class 133 20.7s (cumulative)
[nb_ridge] solve class 134 20.9s (cumulative)
[nb_ridge] solve class 135 21.0s (cumulative)
[nb_ridge] solve class 136 21.2s (cumulative)
[nb_ridge] solve class 137 21.3s (cumulative)
[nb_ridge] solve class 138 21.5s (cumulative)
[nb_ridge] solve class 139 21.6s (cumulative)
[nb_ridge] solve class 140 21.7s (cumulative)
[nb_ridge] solve class 141 21.9s (cumulative)
[nb_ridge] solve class 142 22.0s (cumulative)
[nb_ridge] solve class 143 22.2s (cumulative)
[nb_ridge] solve class 144 22.3s (cumulative)
[nb_ridge] solve class 145 22.5s (cumulative)
[nb_ridge] solve class 146 22.6s (cumulative)
[nb_ridge] solve class 147 22.8s (cumulative)
[nb_ridge] solve class 148 22.9s (cumulative)
[nb_ridge] solve class 149 23.1s (cumulative)
[nb_ridge] solve class 150 23.2s (cumulative)
[nb_ridge] solve class 151 23.4s (cumulative)
[nb_ridge] solve class 152 23.5s (cumulative)
[nb_ridge] solve class 153 23.7s (cumulative)
[nb_ridge] solve class 154 23.8s (cumulative)
[nb_ridge] solve class 155 23.9s (cumulative)
[nb_ridge] solve class 156 24.1s (cumulative)
[nb_ridge] solve class 157 24.2s (cumulative)
[nb_ridge] solve class 158 24.4s (cumulative)
[nb_ridge] solve class 159 24.6s (cumulative)
[nb_ridge] solve class 160 24.7s (cumulative)
[nb_ridge] solve class 161 24.9s (cumulative)
[nb_ridge] solve class 162 25.1s (cumulative)
[nb_ridge] solve class 163 25.2s (cumulative)
[nb_ridge] solve class 164 25.4s (cumulative)
[nb_ridge] solve class 165 25.5s (cumulative)
[nb_ridge] solve class 166 25.7s (cumulative)
[nb_ridge] solve class 167 25.8s (cumulative)
[nb_ridge] solve class 168 26.0s (cumulative)
[nb_ridge] solve class 169 26.1s (cumulative)
[nb_ridge] solve class 170 26.3s (cumulative)
[nb_ridge] solve class 171 26.4s (cumulative)
[nb_ridge] solve class 172 26.6s (cumulative)
[nb_ridge] solve class 173 26.8s (cumulative)
[nb_ridge] solve class 174 26.9s (cumulative)
[nb_ridge] solve class 175 27.1s (cumulative)
[nb_ridge] solve class 176 27.2s (cumulative)
[nb_ridge] solve class 177 27.4s (cumulative)
[nb_ridge] solve class 178 27.5s (cumulative)
[nb_ridge] solve class 179 27.7s (cumulative)
[nb_ridge] solve class 180 27.9s (cumulative)
[nb_ridge] solve class 181 28.0s (cumulative)
[nb_ridge] solve class 182 28.2s (cumulative)
[nb_ridge] solve class 183 28.3s (cumulative)
[nb_ridge] solve class 184 28.5s (cumulative)
[nb_ridge] solve class 185 28.6s (cumulative)
[nb_ridge] solve class 186 28.8s (cumulative)
[nb_ridge] solve class 187 28.9s (cumulative)
[nb_ridge] solve class 188 29.1s (cumulative)
[nb_ridge] solve class 189 29.2s (cumulative)
[nb_ridge] solve class 190 29.4s (cumulative)
[nb_ridge] solve class 191 29.6s (cumulative)
[nb_ridge] solve class 192 29.7s (cumulative)
[nb_ridge] solve class 193 29.9s (cumulative)
[nb_ridge] solve class 194 30.0s (cumulative)
[nb_ridge] solve class 195 30.2s (cumulative)
[nb_ridge] solve class 196 30.3s (cumulative)
[nb_ridge] solve class 197 30.5s (cumulative)
[nb_ridge] solve class 198 30.7s (cumulative)
[nb_ridge] solve class 199 30.8s (cumulative)
[nb_ridge] solve class 200 31.0s (cumulative)
[nb_ridge] solve class 201 31.1s (cumulative)
[nb_ridge] solve class 202 31.3s (cumulative)
[nb_ridge] solve class 203 31.4s (cumulative)
[nb_ridge] solve class 204 31.6s (cumulative)
[nb_ridge] solve class 205 31.7s (cumulative)
[nb_ridge] solve class 206 31.9s (cumulative)
[nb_ridge] solve class 207 32.0s (cumulative)
[nb_ridge] solve class 208 32.2s (cumulative)
[nb_ridge] solve class 209 32.4s (cumulative)
[nb_ridge] solve class 210 32.5s (cumulative)
[nb_ridge] solve class 211 32.7s (cumulative)
[nb_ridge] solve class 212 32.8s (cumulative)
[nb_ridge] solve class 213 33.0s (cumulative)
[nb_ridge] solve class 214 33.1s (cumulative)
[nb_ridge] solve class 215 33.3s (cumulative)
[nb_ridge] solve class 216 33.4s (cumulative)
[nb_ridge] solve class 217 33.6s (cumulative)
[nb_ridge] solve class 218 33.7s (cumulative)
[nb_ridge] solve class 219 33.9s (cumulative)
[nb_ridge] solve class 220 34.1s (cumulative)
[nb_ridge] solve class 221 34.2s (cumulative)
[nb_ridge] solve class 222 34.4s (cumulative)
[nb_ridge] solve class 223 34.5s (cumulative)
[nb_ridge] solve class 224 34.7s (cumulative)
[nb_ridge] solve class 225 34.8s (cumulative)
[nb_ridge] solve class 226 35.0s (cumulative)
[nb_ridge] solve class 227 35.1s (cumulative)
[nb_ridge] solve class 228 35.3s (cumulative)
[nb_ridge] solve class 229 35.5s (cumulative)
[nb_ridge] solve class 230 35.6s (cumulative)
[nb_ridge] solve class 231 35.8s (cumulative)
[nb_ridge] solve class 232 35.9s (cumulative)
[nb_ridge] solve class 233 36.1s (cumulative)
[nb_ridge] solve class 234 36.2s (cumulative)
[nb_ridge] solve class 235 36.4s (cumulative)
[nb_ridge] solve class 236 36.6s (cumulative)
[nb_ridge] solve class 237 36.7s (cumulative)
[nb_ridge] solve class 238 36.9s (cumulative)
[nb_ridge] solve class 239 37.1s (cumulative)
[nb_ridge] solve class 240 37.2s (cumulative)
[nb_ridge] solve class 241 37.4s (cumulative)
[nb_ridge] solve class 242 37.6s (cumulative)
[nb_ridge] solve class 243 37.7s (cumulative)
[nb_ridge] solve class 244 37.9s (cumulative)
[nb_ridge] solve class 245 38.1s (cumulative)
[nb_ridge] solve class 246 38.2s (cumulative)
[nb_ridge] solve class 247 38.4s (cumulative)
[nb_ridge] solve class 248 38.6s (cumulative)
[nb_ridge] solve class 249 38.8s (cumulative)
[nb_ridge] solve class 250 38.9s (cumulative)
[nb_ridge] solve class 251 39.1s (cumulative)
[nb_ridge] solve class 252 39.2s (cumulative)
[nb_ridge] solve class 253 39.4s (cumulative)
[nb_ridge] solve class 254 39.5s (cumulative)
[nb_ridge] solve class 255 39.7s (cumulative)
[nb_ridge] solve class 256 39.9s (cumulative)
[nb_ridge] solve class 257 40.0s (cumulative)
[nb_ridge] solve class 258 40.2s (cumulative)
[nb_ridge] solve class 259 40.3s (cumulative)
[nb_ridge] solve class 260 40.5s (cumulative)
[nb_ridge] solve class 261 40.6s (cumulative)
[nb_ridge] solve class 262 40.8s (cumulative)
[nb_ridge] solve class 263 40.9s (cumulative)
[nb_ridge] solve class 264 41.1s (cumulative)
[nb_ridge] solve class 265 41.2s (cumulative)
[nb_ridge] solve class 266 41.4s (cumulative)
[nb_ridge] solve class 267 41.5s (cumulative)
[nb_ridge] solve class 268 41.7s (cumulative)
[nb_ridge] solve class 269 41.9s (cumulative)
[nb_ridge] solve class 270 42.0s (cumulative)
[nb_ridge] solve class 271 42.1s (cumulative)
[nb_ridge] solve class 272 42.3s (cumulative)
[nb_ridge] solve class 273 42.4s (cumulative)
[nb_ridge] solve class 274 42.6s (cumulative)
[nb_ridge] solve class 275 42.8s (cumulative)
[nb_ridge] solve class 276 42.9s (cumulative)
[nb_ridge] solve class 277 43.1s (cumulative)
[nb_ridge] solve class 278 43.2s (cumulative)
[nb_ridge] solve class 279 43.4s (cumulative)
[nb_ridge] solve class 280 43.5s (cumulative)
[nb_ridge] solve class 281 43.7s (cumulative)
[nb_ridge] solve class 282 43.9s (cumulative)
[nb_ridge] solve class 283 44.0s (cumulative)
[nb_ridge] solve class 284 44.2s (cumulative)
[nb_ridge] solve class 285 44.3s (cumulative)
[nb_ridge] solve class 286 44.5s (cumulative)
[nb_ridge] solve class 287 44.6s (cumulative)
[nb_ridge] solve class 288 44.8s (cumulative)
[nb_ridge] solve class 289 44.9s (cumulative)
[nb_ridge] solve class 290 45.1s (cumulative)
[nb_ridge] solve class 291 45.2s (cumulative)
[nb_ridge] solve class 292 45.4s (cumulative)
[nb_ridge] solve class 293 45.5s (cumulative)
[nb_ridge] solve class 294 45.7s (cumulative)
[nb_ridge] solve class 295 45.8s (cumulative)
[nb_ridge] solve class 296 46.0s (cumulative)
[nb_ridge] solve class 297 46.1s (cumulative)
[nb_ridge] solve class 298 46.3s (cumulative)
[nb_ridge] solve class 299 46.5s (cumulative)
[nb_ridge] solve class 300 46.7s (cumulative)
[nb_ridge] solve class 301 46.8s (cumulative)
[nb_ridge] solve class 302 47.0s (cumulative)
[nb_ridge] solve class 303 47.2s (cumulative)
[nb_ridge] solve class 304 47.4s (cumulative)
[nb_ridge] solve class 305 47.6s (cumulative)
[nb_ridge] solve class 306 47.8s (cumulative)
[nb_ridge] solve class 307 48.0s (cumulative)
[nb_ridge] solve class 308 48.2s (cumulative)
[nb_ridge] solve class 309 48.4s (cumulative)
[nb_ridge] solve class 310 48.5s (cumulative)
[nb_ridge] solve class 311 48.7s (cumulative)
[nb_ridge] solve class 312 48.9s (cumulative)
[nb_ridge] solve class 313 49.1s (cumulative)
[nb_ridge] solve class 314 49.3s (cumulative)
[nb_ridge] solve class 315 49.4s (cumulative)
[nb_ridge] solve class 316 49.6s (cumulative)
[nb_ridge] solve class 317 49.8s (cumulative)
[nb_ridge] solve class 318 50.0s (cumulative)
[nb_ridge] solve class 319 50.1s (cumulative)
[nb_ridge] solve class 320 50.3s (cumulative)
[nb_ridge] solve class 321 50.5s (cumulative)
[nb_ridge] solve class 322 50.7s (cumulative)
[nb_ridge] solve class 323 50.9s (cumulative)
[nb_ridge] solve class 324 51.1s (cumulative)
[nb_ridge] solve class 325 51.2s (cumulative)
[nb_ridge] solve class 326 51.4s (cumulative)
[nb_ridge] solve class 327 51.6s (cumulative)
[nb_ridge] solve class 328 51.8s (cumulative)
[nb_ridge] solve class 329 51.9s (cumulative)
[nb_ridge] solve class 330 52.1s (cumulative)
[nb_ridge] solve class 331 52.2s (cumulative)
[nb_ridge] solve class 332 52.4s (cumulative)
[nb_ridge] solve class 333 52.6s (cumulative)
[nb_ridge] solve class 334 52.7s (cumulative)
[nb_ridge] solve class 335 53.0s (cumulative)
[nb_ridge] solve class 336 53.2s (cumulative)
[nb_ridge] solve class 337 53.4s (cumulative)
[nb_ridge] solve class 338 53.6s (cumulative)
[nb_ridge] solve class 339 53.8s (cumulative)
[nb_ridge] solve class 340 54.0s (cumulative)
[nb_ridge] solve class 341 54.1s (cumulative)
[nb_ridge] solve class 342 54.3s (cumulative)
[nb_ridge] solve class 343 54.5s (cumulative)
[nb_ridge] solve class 344 54.7s (cumulative)
[nb_ridge] solve class 345 54.8s (cumulative)
[nb_ridge] solve class 346 55.0s (cumulative)
[nb_ridge] solve class 347 55.1s (cumulative)
[nb_ridge] solve class 348 55.3s (cumulative)
[nb_ridge] solve class 349 55.5s (cumulative)
[nb_ridge] solve class 350 55.6s (cumulative)
[nb_ridge] solve class 351 55.8s (cumulative)
[nb_ridge] solve class 352 56.0s (cumulative)
[nb_ridge] solve class 353 56.1s (cumulative)
[nb_ridge] solve class 354 56.3s (cumulative)
[nb_ridge] solve class 355 56.5s (cumulative)
[nb_ridge] solve class 356 56.6s (cumulative)
[nb_ridge] solve class 357 56.8s (cumulative)
[nb_ridge] solve class 358 57.0s (cumulative)
[nb_ridge] solve class 359 57.1s (cumulative)
[nb_ridge] solve class 360 57.3s (cumulative)
[nb_ridge] solve class 361 57.5s (cumulative)
[nb_ridge] solve class 362 57.6s (cumulative)
[nb_ridge] solve class 363 57.8s (cumulative)
[nb_ridge] solve class 364 58.0s (cumulative)
[nb_ridge] solve class 365 58.3s (cumulative)
[nb_ridge] solve class 366 58.5s (cumulative)
[nb_ridge] solve class 367 58.8s (cumulative)
[nb_ridge] solve class 368 59.1s (cumulative)
[nb_ridge] solve class 369 59.3s (cumulative)
[nb_ridge] solve class 370 59.6s (cumulative)
[nb_ridge] solve class 371 59.8s (cumulative)
[nb_ridge] solve class 372 60.1s (cumulative)
[nb_ridge] solve class 373 60.3s (cumulative)
[nb_ridge] solve class 374 60.6s (cumulative)
[nb_ridge] solve class 375 60.8s (cumulative)
[nb_ridge] solve class 376 61.0s (cumulative)
[nb_ridge] solve class 377 61.3s (cumulative)
[nb_ridge] solve class 378 61.5s (cumulative)
[nb_ridge] solve class 379 61.8s (cumulative)
[nb_ridge] solve class 380 62.0s (cumulative)
[nb_ridge] solve class 381 62.3s (cumulative)
[nb_ridge] solve class 382 62.5s (cumulative)
[nb_ridge] solve class 383 62.8s (cumulative)
[nb_ridge] solve class 384 63.0s (cumulative)
[nb_ridge] solve class 385 63.2s (cumulative)
[nb_ridge] solve class 386 63.4s (cumulative)
[nb_ridge] solve class 387 63.6s (cumulative)
[nb_ridge] solve class 388 63.7s (cumulative)
[nb_ridge] solve class 389 63.9s (cumulative)
[nb_ridge] solve class 390 64.1s (cumulative)
[nb_ridge] solve class 391 64.3s (cumulative)
[nb_ridge] solve class 392 64.5s (cumulative)
[nb_ridge] solve class 393 64.6s (cumulative)
[nb_ridge] solve class 394 64.8s (cumulative)
[nb_ridge] solve class 395 65.0s (cumulative)
[nb_ridge] solve class 396 65.2s (cumulative)
[nb_ridge] solve class 397 65.3s (cumulative)
[nb_ridge] solve class 398 65.5s (cumulative)
[nb_ridge] solve class 399 65.7s (cumulative)
[nb_ridge] solve class 400 65.9s (cumulative)
[nb_ridge] solve class 401 66.1s (cumulative)
[nb_ridge] solve class 402 66.3s (cumulative)
[nb_ridge] solve class 403 66.4s (cumulative)
[nb_ridge] solve class 404 66.6s (cumulative)
[nb_ridge] solve class 405 66.8s (cumulative)
[nb_ridge] solve class 406 67.0s (cumulative)
[nb_ridge] solve class 407 67.3s (cumulative)
[nb_ridge] solve class 408 67.6s (cumulative)
[nb_ridge] solve class 409 67.9s (cumulative)
[nb_ridge] solve class 410 68.2s (cumulative)
[nb_ridge] solve class 411 68.5s (cumulative)
[nb_ridge] solve class 412 68.8s (cumulative)
[nb_ridge] solve class 413 69.1s (cumulative)
[nb_ridge] solve class 414 69.4s (cumulative)
[nb_ridge] solve class 415 69.8s (cumulative)
[nb_ridge] solve class 416 70.1s (cumulative)
[nb_ridge] solve class 417 70.4s (cumulative)
[nb_ridge] solve class 418 70.7s (cumulative)
[nb_ridge] solve class 419 71.0s (cumulative)
[nb_ridge] solve class 420 71.3s (cumulative)
[nb_ridge] solve class 421 71.6s (cumulative)
[nb_ridge] solve class 422 71.9s (cumulative)
[nb_ridge] solve class 423 72.2s (cumulative)
[nb_ridge] solve class 424 72.6s (cumulative)
[nb_ridge] solve class 425 72.8s (cumulative)
[nb_ridge] solve class 426 73.1s (cumulative)
[nb_ridge] solve class 427 73.4s (cumulative)
[nb_ridge] solve class 428 73.6s (cumulative)
[nb_ridge] solve class 429 73.9s (cumulative)
[nb_ridge] solve class 430 74.2s (cumulative)
[nb_ridge] solve class 431 74.4s (cumulative)
[nb_ridge] solve class 432 74.7s (cumulative)
[nb_ridge] solve class 433 75.0s (cumulative)
[nb_ridge] solve class 434 75.3s (cumulative)
[nb_ridge] solve class 435 75.6s (cumulative)
[nb_ridge] solve class 436 75.9s (cumulative)
[nb_ridge] solve class 437 76.2s (cumulative)
[nb_ridge] solve class 438 76.5s (cumulative)
[nb_ridge] solve class 439 76.9s (cumulative)
[nb_ridge] solve class 440 77.2s (cumulative)
[nb_ridge] solve class 441 77.6s (cumulative)
[nb_ridge] solve class 442 77.9s (cumulative)
[nb_ridge] solve class 443 78.2s (cumulative)
[nb_ridge] solve class 444 78.5s (cumulative)
[nb_ridge] solve class 445 78.8s (cumulative)
[nb_ridge] solve class 446 79.2s (cumulative)
[nb_ridge] solve class 447 79.5s (cumulative)
[nb_ridge] solve class 448 79.8s (cumulative)
[nb_ridge] solve class 449 80.2s (cumulative)
[nb_ridge] solve class 450 80.5s (cumulative)
[nb_ridge] solve class 451 80.8s (cumulative)
[nb_ridge] solve class 452 81.1s (cumulative)
[nb_ridge] solve class 453 81.4s (cumulative)
[nb_ridge] solve class 454 81.7s (cumulative)
[nb_ridge] solve class 455 82.0s (cumulative)
[nb_ridge] solve class 456 82.3s (cumulative)
[nb_ridge] solve class 457 82.5s (cumulative)
[nb_ridge] solve class 458 82.8s (cumulative)
[nb_ridge] solve class 459 83.1s (cumulative)
[nb_ridge] solve class 460 83.4s (cumulative)
[nb_ridge] solve class 461 83.6s (cumulative)
[nb_ridge] solve class 462 83.8s (cumulative)
[nb_ridge] solve class 463 84.1s (cumulative)
[nb_ridge] solve class 464 84.4s (cumulative)
[nb_ridge] solve class 465 84.7s (cumulative)
[nb_ridge] solve class 466 85.0s (cumulative)
[nb_ridge] solve class 467 85.3s (cumulative)
[nb_ridge] solve class 468 85.7s (cumulative)
[nb_ridge] solve class 469 85.9s (cumulative)
[nb_ridge] solve class 470 86.3s (cumulative)
[nb_ridge] solve class 471 86.6s (cumulative)
[nb_ridge] solve class 472 86.8s (cumulative)
[nb_ridge] solve class 473 87.1s (cumulative)
[nb_ridge] solve class 474 87.4s (cumulative)
[nb_ridge] solve class 475 87.8s (cumulative)
[nb_ridge] solve class 476 88.1s (cumulative)
[nb_ridge] solve class 477 88.3s (cumulative)
[nb_ridge] solve class 478 88.6s (cumulative)
[nb_ridge] solve class 479 88.9s (cumulative)
[nb_ridge] solve class 480 89.1s (cumulative)
[nb_ridge] solve class 481 89.4s (cumulative)
[nb_ridge] solve class 482 89.7s (cumulative)
[nb_ridge] solve class 483 90.0s (cumulative)
[nb_ridge] solve class 484 90.2s (cumulative)
[nb_ridge] solve class 485 90.5s (cumulative)
[nb_ridge] solve class 486 90.8s (cumulative)
[nb_ridge] solve class 487 91.1s (cumulative)
[nb_ridge] solve class 488 91.3s (cumulative)
[nb_ridge] solve class 489 91.6s (cumulative)
[nb_ridge] solve class 490 91.8s (cumulative)
[nb_ridge] solve class 491 92.1s (cumulative)
[nb_ridge] solve class 492 92.3s (cumulative)
[nb_ridge] solve class 493 92.6s (cumulative)
[nb_ridge] solve class 494 92.9s (cumulative)
[nb_ridge] solve class 495 93.1s (cumulative)
[nb_ridge] solve class 496 93.3s (cumulative)
[nb_ridge] solve class 497 93.6s (cumulative)
[nb_ridge] solve class 498 93.8s (cumulative)
[nb_ridge] solve class 499 94.1s (cumulative)
[nb_ridge] solve class 500 94.3s (cumulative)
[nb_ridge] solve class 501 94.6s (cumulative)
[nb_ridge] solve class 502 94.8s (cumulative)
[nb_ridge] solve class 503 95.1s (cumulative)
[nb_ridge] solve class 504 95.3s (cumulative)
[nb_ridge] solve class 505 95.5s (cumulative)
[nb_ridge] solve class 506 95.8s (cumulative)
[nb_ridge] solve class 507 96.1s (cumulative)
[nb_ridge] solve class 508 96.4s (cumulative)
[nb_ridge] solve class 509 96.7s (cumulative)
[nb_ridge] solve class 510 96.9s (cumulative)
[nb_ridge] solve class 511 97.2s (cumulative)
[nb_ridge] solve class 512 97.4s (cumulative)
[nb_ridge] solve class 513 97.7s (cumulative)
[nb_ridge] solve class 514 98.0s (cumulative)
[nb_ridge] solve class 515 98.2s (cumulative)
[nb_ridge] solve class 516 98.5s (cumulative)
[nb_ridge] solve class 517 98.7s (cumulative)
[nb_ridge] solve class 518 99.0s (cumulative)
[nb_ridge] solve class 519 99.3s (cumulative)
[nb_ridge] solve class 520 99.6s (cumulative)
[nb_ridge] solve class 521 99.8s (cumulative)
[nb_ridge] solve class 522 100.1s (cumulative)
[nb_ridge] solve class 523 100.4s (cumulative)
[nb_ridge] solve class 524 100.7s (cumulative)
[nb_ridge] solve class 525 100.9s (cumulative)
[nb_ridge] solve class 526 101.2s (cumulative)
[nb_ridge] solve class 527 101.5s (cumulative)
[nb_ridge] solve class 528 101.8s (cumulative)
[nb_ridge] solve class 529 102.0s (cumulative)
[nb_ridge] solve class 530 102.3s (cumulative)
[nb_ridge] solve class 531 102.6s (cumulative)
[nb_ridge] solve class 532 102.9s (cumulative)
[nb_ridge] solve class 533 103.1s (cumulative)
[nb_ridge] solve class 534 103.4s (cumulative)
[nb_ridge] solve class 535 103.7s (cumulative)
[nb_ridge] solve class 536 103.9s (cumulative)
[nb_ridge] solve class 537 104.2s (cumulative)
[nb_ridge] solve class 538 104.4s (cumulative)
[nb_ridge] solve class 539 104.6s (cumulative)
[nb_ridge] solve class 540 104.9s (cumulative)
[nb_ridge] solve class 541 105.2s (cumulative)
[nb_ridge] solve class 542 105.5s (cumulative)
[nb_ridge] solve class 543 105.7s (cumulative)
[nb_ridge] solve class 544 105.9s (cumulative)
[nb_ridge] solve class 545 106.2s (cumulative)
[nb_ridge] solve class 546 106.4s (cumulative)
[nb_ridge] solve class 547 106.7s (cumulative)
[nb_ridge] solve class 548 107.0s (cumulative)
[nb_ridge] solve class 549 107.3s (cumulative)
[nb_ridge] solve class 550 107.6s (cumulative)
[nb_ridge] solve class 551 107.8s (cumulative)
[nb_ridge] solve class 552 108.1s (cumulative)
[nb_ridge] solve class 553 108.3s (cumulative)
[nb_ridge] solve class 554 108.6s (cumulative)
[nb_ridge] solve class 555 108.8s (cumulative)
[nb_ridge] solve class 556 109.1s (cumulative)
[nb_ridge] solve class 557 109.3s (cumulative)
[nb_ridge] solve class 558 109.6s (cumulative)
[nb_ridge] solve class 559 109.9s (cumulative)
[nb_ridge] solve class 560 110.1s (cumulative)
[nb_ridge] solve class 561 110.4s (cumulative)
[nb_ridge] solve class 562 110.7s (cumulative)
[nb_ridge] solve class 563 110.9s (cumulative)
[nb_ridge] solve class 564 111.2s (cumulative)
[nb_ridge] solve class 565 111.4s (cumulative)
[nb_ridge] solve class 566 111.7s (cumulative)
[nb_ridge] solve class 567 112.0s (cumulative)
[nb_ridge] solve class 568 112.2s (cumulative)
[nb_ridge] solve class 569 112.5s (cumulative)
[nb_ridge] solve class 570 112.8s (cumulative)
[nb_ridge] solve class 571 113.0s (cumulative)
[nb_ridge] solve class 572 113.2s (cumulative)
[nb_ridge] solve class 573 113.5s (cumulative)
[nb_ridge] solve class 574 113.7s (cumulative)
[nb_ridge] solve class 575 114.0s (cumulative)
[nb_ridge] solve class 576 114.2s (cumulative)
[nb_ridge] solve class 577 114.5s (cumulative)
[nb_ridge] solve class 578 114.7s (cumulative)
[nb_ridge] solve class 579 115.0s (cumulative)
[nb_ridge] solve class 580 115.2s (cumulative)
[nb_ridge] solve class 581 115.5s (cumulative)
[nb_ridge] solve class 582 115.8s (cumulative)
[nb_ridge] solve class 583 116.1s (cumulative)
[nb_ridge] solve class 584 116.3s (cumulative)
[nb_ridge] solve class 585 116.6s (cumulative)
[nb_ridge] solve class 586 116.9s (cumulative)
[nb_ridge] solve class 587 117.1s (cumulative)
[nb_ridge] solve class 588 117.3s (cumulative)
[nb_ridge] solve class 589 117.6s (cumulative)
[nb_ridge] solve class 590 117.9s (cumulative)
[nb_ridge] solve class 591 118.2s (cumulative)
[nb_ridge] solve class 592 118.4s (cumulative)
[nb_ridge] solve class 593 118.6s (cumulative)
[nb_ridge] solve class 594 118.9s (cumulative)
[nb_ridge] solve class 595 119.1s (cumulative)
[nb_ridge] solve class 596 119.3s (cumulative)
[nb_ridge] solve class 597 119.6s (cumulative)
[nb_ridge] solve class 598 119.9s (cumulative)
[nb_ridge] solve class 599 120.2s (cumulative)
[nb_ridge] solve class 600 120.5s (cumulative)
[nb_ridge] solve class 601 120.7s (cumulative)
[nb_ridge] solve class 602 121.0s (cumulative)
[nb_ridge] solve class 603 121.2s (cumulative)
[nb_ridge] solve class 604 121.5s (cumulative)
[nb_ridge] solve class 605 121.7s (cumulative)
[nb_ridge] solve class 606 121.9s (cumulative)
[nb_ridge] solve class 607 122.2s (cumulative)
[nb_ridge] solve class 608 122.4s (cumulative)
[nb_ridge] solve class 609 122.6s (cumulative)
[nb_ridge] solve class 610 122.9s (cumulative)
[nb_ridge] solve class 611 123.1s (cumulative)
[nb_ridge] solve class 612 123.3s (cumulative)
[nb_ridge] solve class 613 123.5s (cumulative)
[nb_ridge] solve class 614 123.7s (cumulative)
[nb_ridge] solve class 615 124.0s (cumulative)
[nb_ridge] solve class 616 124.2s (cumulative)
[nb_ridge] solve class 617 124.4s (cumulative)
[nb_ridge] solve class 618 124.7s (cumulative)
[nb_ridge] solve class 619 124.9s (cumulative)
[nb_ridge] solve class 620 125.1s (cumulative)
[nb_ridge] solve class 621 125.3s (cumulative)
[nb_ridge] solve class 622 125.5s (cumulative)
[nb_ridge] solve class 623 125.8s (cumulative)
[nb_ridge] solve class 624 126.0s (cumulative)
[nb_ridge] solve class 625 126.2s (cumulative)
[nb_ridge] solve class 626 126.5s (cumulative)
[nb_ridge] solve class 627 126.7s (cumulative)
[nb_ridge] solve class 628 126.9s (cumulative)
[nb_ridge] solve class 629 127.1s (cumulative)
[nb_ridge] solve class 630 127.3s (cumulative)
[nb_ridge] solve class 631 127.6s (cumulative)
[nb_ridge] solve class 632 127.9s (cumulative)
[nb_ridge] solve class 633 128.1s (cumulative)
[nb_ridge] solve class 634 128.4s (cumulative)
[nb_ridge] solve class 635 128.6s (cumulative)
[nb_ridge] solve class 636 129.0s (cumulative)
[nb_ridge] solve class 637 129.2s (cumulative)
[nb_ridge] solve class 638 129.5s (cumulative)
[nb_ridge] solve class 639 129.8s (cumulative)
[nb_ridge] solve class 640 130.1s (cumulative)
[nb_ridge] solve class 641 130.4s (cumulative)
[nb_ridge] solve class 642 130.7s (cumulative)
[nb_ridge] solve class 643 130.9s (cumulative)
[nb_ridge] solve class 644 131.2s (cumulative)
[nb_ridge] solve class 645 131.5s (cumulative)
[nb_ridge] solve class 646 131.8s (cumulative)
[nb_ridge] solve class 647 132.1s (cumulative)
[nb_ridge] solve class 648 132.4s (cumulative)
[nb_ridge] solve class 649 132.7s (cumulative)
[nb_ridge] solve class 650 133.0s (cumulative)
[nb_ridge] solve class 651 133.3s (cumulative)
[nb_ridge] solve class 652 133.6s (cumulative)
[nb_ridge] solve class 653 133.8s (cumulative)
[nb_ridge] solve class 654 134.1s (cumulative)
[nb_ridge] solve class 655 134.4s (cumulative)
[nb_ridge] solve class 656 134.7s (cumulative)
[nb_ridge] solve class 657 135.0s (cumulative)
[nb_ridge] solve class 658 135.2s (cumulative)
[nb_ridge] solve class 659 135.5s (cumulative)
[nb_ridge] solve class 660 135.7s (cumulative)
[nb_ridge] solve class 661 136.0s (cumulative)
[nb_ridge] solve class 662 136.3s (cumulative)
[nb_ridge] solve class 663 136.6s (cumulative)
[nb_ridge] solve class 664 136.9s (cumulative)
[nb_ridge] solve class 665 137.2s (cumulative)
[nb_ridge] solve class 666 137.5s (cumulative)
[nb_ridge] solve class 667 137.7s (cumulative)
[nb_ridge] solve class 668 138.0s (cumulative)
[nb_ridge] solve class 669 138.3s (cumulative)
[nb_ridge] solve class 670 138.6s (cumulative)
[nb_ridge] solve class 671 138.9s (cumulative)
[nb_ridge] solve class 672 139.1s (cumulative)
[nb_ridge] solve class 673 139.4s (cumulative)
[nb_ridge] solve class 674 139.7s (cumulative)
[nb_ridge] solve class 675 140.0s (cumulative)
[nb_ridge] solve class 676 140.2s (cumulative)
[nb_ridge] solve class 677 140.5s (cumulative)
[nb_ridge] solve class 678 140.7s (cumulative)
[nb_ridge] solve class 679 140.9s (cumulative)
[nb_ridge] solve class 680 141.2s (cumulative)
[nb_ridge] solve class 681 141.4s (cumulative)
[nb_ridge] solve class 682 141.6s (cumulative)
[nb_ridge] solve class 683 142.0s (cumulative)
[nb_ridge] solve class 684 142.3s (cumulative)
[nb_ridge] solve class 685 142.5s (cumulative)
[nb_ridge] solve class 686 142.8s (cumulative)
[nb_ridge] solve class 687 143.1s (cumulative)
[nb_ridge] solve class 688 143.4s (cumulative)
[nb_ridge] solve class 689 143.7s (cumulative)
[nb_ridge] solve class 690 144.0s (cumulative)
[nb_ridge] solve class 691 144.3s (cumulative)
[nb_ridge] solve class 692 144.6s (cumulative)
[nb_ridge] solve class 693 145.0s (cumulative)
[nb_ridge] solve class 694 145.3s (cumulative)
[nb_ridge] solve class 695 145.7s (cumulative)
[nb_ridge] solve class 696 146.1s (cumulative)
[nb_ridge] solve class 697 146.4s (cumulative)
[nb_ridge] solve class 698 146.8s (cumulative)
[nb_ridge] solve class 699 147.2s (cumulative)
[nb_ridge] solve class 700 147.5s (cumulative)
[nb_ridge] solve class 701 147.8s (cumulative)
[nb_ridge] solve class 702 148.1s (cumulative)
[nb_ridge] solve class 703 148.4s (cumulative)
[nb_ridge] solve class 704 148.7s (cumulative)
[nb_ridge] solve class 705 149.1s (cumulative)
[nb_ridge] solve class 706 149.5s (cumulative)
[nb_ridge] solve class 707 149.9s (cumulative)
[nb_ridge] solve class 708 150.2s (cumulative)
[nb_ridge] solve class 709 150.6s (cumulative)
[nb_ridge] solve class 710 150.9s (cumulative)
[nb_ridge] solve class 711 151.2s (cumulative)
[nb_ridge] solve class 712 151.5s (cumulative)
[nb_ridge] solve class 713 151.8s (cumulative)
[nb_ridge] solve class 714 152.1s (cumulative)
[nb_ridge] solve class 715 152.4s (cumulative)
[nb_ridge] solve class 716 152.7s (cumulative)
[nb_ridge] solve class 717 153.0s (cumulative)
[nb_ridge] solve class 718 153.3s (cumulative)
[nb_ridge] solve class 719 153.6s (cumulative)
[nb_ridge] solve class 720 153.9s (cumulative)
[nb_ridge] solve class 721 154.1s (cumulative)
[nb_ridge] solve class 722 154.4s (cumulative)
[nb_ridge] solve class 723 154.7s (cumulative)
[nb_ridge] solve class 724 155.0s (cumulative)
[nb_ridge] solve class 725 155.3s (cumulative)
[nb_ridge] solve class 726 155.6s (cumulative)
[nb_ridge] solve class 727 155.9s (cumulative)
[nb_ridge] solve class 728 156.2s (cumulative)
[nb_ridge] solve class 729 156.4s (cumulative)
[nb_ridge] solve class 730 156.7s (cumulative)
[nb_ridge] solve class 731 157.0s (cumulative)
[nb_ridge] solve class 732 157.3s (cumulative)
[nb_ridge] solve class 733 157.5s (cumulative)
[nb_ridge] solve class 734 157.8s (cumulative)
[nb_ridge] solve class 735 158.1s (cumulative)
[nb_ridge] solve class 736 158.5s (cumulative)
[nb_ridge] solve class 737 158.8s (cumulative)
[nb_ridge] solve class 738 159.0s (cumulative)
[nb_ridge] solve class 739 159.3s (cumulative)
[nb_ridge] solve class 740 159.6s (cumulative)
[nb_ridge] solve class 741 159.9s (cumulative)
[nb_ridge] solve class 742 160.2s (cumulative)
[nb_ridge] solve class 743 160.5s (cumulative)
[nb_ridge] solve class 744 160.8s (cumulative)
[nb_ridge] solve class 745 161.1s (cumulative)
[nb_ridge] solve class 746 161.4s (cumulative)
[nb_ridge] solve class 747 161.7s (cumulative)
[nb_ridge] solve class 748 162.0s (cumulative)
[nb_ridge] solve class 749 162.3s (cumulative)
[nb_ridge] solve class 750 162.6s (cumulative)
[nb_ridge] solve class 751 162.8s (cumulative)
[nb_ridge] solve class 752 163.1s (cumulative)
[nb_ridge] solve class 753 163.3s (cumulative)
[nb_ridge] solve class 754 163.6s (cumulative)
[nb_ridge] solve class 755 163.9s (cumulative)
[nb_ridge] solve class 756 164.2s (cumulative)
[nb_ridge] solve class 757 164.5s (cumulative)
[nb_ridge] solve class 758 164.8s (cumulative)
[nb_ridge] solve class 759 165.1s (cumulative)
[nb_ridge] solve class 760 165.4s (cumulative)
[nb_ridge] solve class 761 165.7s (cumulative)
[nb_ridge] solve class 762 166.0s (cumulative)
[nb_ridge] solve class 763 166.3s (cumulative)
[nb_ridge] solve class 764 166.6s (cumulative)
[nb_ridge] solve class 765 166.8s (cumulative)
[nb_ridge] solve class 766 167.1s (cumulative)
[nb_ridge] solve class 767 167.4s (cumulative)
[nb_ridge] solve class 768 167.7s (cumulative)
[nb_ridge] solve class 769 168.0s (cumulative)
[nb_ridge] solve class 770 168.3s (cumulative)
[nb_ridge] solve class 771 168.6s (cumulative)
[nb_ridge] solve class 772 168.9s (cumulative)
[nb_ridge] solve class 773 169.2s (cumulative)
[nb_ridge] solve class 774 169.5s (cumulative)
[nb_ridge] solve class 775 169.8s (cumulative)
[nb_ridge] solve class 776 170.1s (cumulative)
[nb_ridge] solve class 777 170.3s (cumulative)
[nb_ridge] solve class 778 170.6s (cumulative)
[nb_ridge] solve class 779 170.9s (cumulative)
[nb_ridge] solve class 780 171.2s (cumulative)
[nb_ridge] solve class 781 171.5s (cumulative)
[nb_ridge] solve class 782 171.8s (cumulative)
[nb_ridge] solve class 783 172.1s (cumulative)
[nb_ridge] solve class 784 172.4s (cumulative)
[nb_ridge] solve class 785 172.7s (cumulative)
[nb_ridge] solve class 786 173.0s (cumulative)
[nb_ridge] solve class 787 173.2s (cumulative)
[nb_ridge] solve class 788 173.5s (cumulative)
[nb_ridge] solve class 789 173.8s (cumulative)
[nb_ridge] solve class 790 174.1s (cumulative)
[nb_ridge] solve class 791 174.4s (cumulative)
[nb_ridge] solve class 792 174.6s (cumulative)
[nb_ridge] solve class 793 174.9s (cumulative)
[nb_ridge] solve class 794 175.2s (cumulative)
[nb_ridge] solve class 795 175.4s (cumulative)
[nb_ridge] solve class 796 175.7s (cumulative)
[nb_ridge] solve class 797 176.0s (cumulative)
[nb_ridge] solve class 798 176.3s (cumulative)
[nb_ridge] solve class 799 176.6s (cumulative)
[nb_ridge] solve class 800 176.9s (cumulative)
[nb_ridge] solve class 801 177.2s (cumulative)
[nb_ridge] solve class 802 177.5s (cumulative)
[nb_ridge] solve class 803 177.8s (cumulative)
[nb_ridge] solve class 804 178.0s (cumulative)
[nb_ridge] solve class 805 178.3s (cumulative)
[nb_ridge] solve class 806 178.5s (cumulative)
[nb_ridge] solve class 807 178.7s (cumulative)
[nb_ridge] solve class 808 179.0s (cumulative)
[nb_ridge] solve class 809 179.2s (cumulative)
[nb_ridge] solve class 810 179.5s (cumulative)
[nb_ridge] solve class 811 179.7s (cumulative)
[nb_ridge] solve class 812 180.0s (cumulative)
[nb_ridge] solve class 813 180.3s (cumulative)
[nb_ridge] solve class 814 180.6s (cumulative)
[nb_ridge] solve class 815 180.8s (cumulative)
[nb_ridge] solve class 816 181.1s (cumulative)
[nb_ridge] solve class 817 181.4s (cumulative)
[nb_ridge] solve class 818 181.7s (cumulative)
[nb_ridge] solve class 819 182.0s (cumulative)
[nb_ridge] solve class 820 182.3s (cumulative)
[nb_ridge] solve class 821 182.7s (cumulative)
[nb_ridge] solve class 822 183.0s (cumulative)
[nb_ridge] solve class 823 183.3s (cumulative)
[nb_ridge] solve class 824 183.6s (cumulative)
[nb_ridge] solve class 825 183.9s (cumulative)
[nb_ridge] solve class 826 184.3s (cumulative)
[nb_ridge] solve class 827 184.5s (cumulative)
[nb_ridge] solve class 828 184.9s (cumulative)
[nb_ridge] solve class 829 185.2s (cumulative)
[nb_ridge] solve class 830 185.5s (cumulative)
[nb_ridge] solve class 831 185.8s (cumulative)
[nb_ridge] solve class 832 186.2s (cumulative)
[nb_ridge] solve class 833 186.5s (cumulative)
[nb_ridge] solve class 834 186.7s (cumulative)
[nb_ridge] solve class 835 186.9s (cumulative)
[nb_ridge] solve class 836 187.2s (cumulative)
[nb_ridge] solve class 837 187.5s (cumulative)
[nb_ridge] solve class 838 187.9s (cumulative)
[nb_ridge] solve class 839 188.1s (cumulative)
[nb_ridge] solve class 840 188.4s (cumulative)
[nb_ridge] solve class 841 188.7s (cumulative)
    ridge-select: scale 4 → sel-slice acc 0.1850
[nb_ridge] tokenize+counts 0.0s (1981 docs, 842 classes)
[nb_ridge] solve class 0 0.4s (cumulative)
[nb_ridge] solve class 1 0.7s (cumulative)
[nb_ridge] solve class 2 1.1s (cumulative)
[nb_ridge] solve class 3 1.3s (cumulative)
[nb_ridge] solve class 4 1.6s (cumulative)
[nb_ridge] solve class 5 1.9s (cumulative)
[nb_ridge] solve class 6 2.3s (cumulative)
[nb_ridge] solve class 7 2.6s (cumulative)
[nb_ridge] solve class 8 2.9s (cumulative)
[nb_ridge] solve class 9 3.2s (cumulative)
[nb_ridge] solve class 10 3.5s (cumulative)
[nb_ridge] solve class 11 3.8s (cumulative)
[nb_ridge] solve class 12 4.1s (cumulative)
[nb_ridge] solve class 13 4.4s (cumulative)
[nb_ridge] solve class 14 4.7s (cumulative)
[nb_ridge] solve class 15 5.0s (cumulative)
[nb_ridge] solve class 16 5.2s (cumulative)
[nb_ridge] solve class 17 5.5s (cumulative)
[nb_ridge] solve class 18 5.8s (cumulative)
[nb_ridge] solve class 19 6.1s (cumulative)
[nb_ridge] solve class 20 6.5s (cumulative)
[nb_ridge] solve class 21 6.8s (cumulative)
[nb_ridge] solve class 22 7.1s (cumulative)
[nb_ridge] solve class 23 7.4s (cumulative)
[nb_ridge] solve class 24 7.7s (cumulative)
[nb_ridge] solve class 25 8.0s (cumulative)
[nb_ridge] solve class 26 8.3s (cumulative)
[nb_ridge] solve class 27 8.6s (cumulative)
[nb_ridge] solve class 28 8.9s (cumulative)
[nb_ridge] solve class 29 9.3s (cumulative)
[nb_ridge] solve class 30 9.6s (cumulative)
[nb_ridge] solve class 31 9.9s (cumulative)
[nb_ridge] solve class 32 10.2s (cumulative)
[nb_ridge] solve class 33 10.5s (cumulative)
[nb_ridge] solve class 34 10.8s (cumulative)
[nb_ridge] solve class 35 11.1s (cumulative)
[nb_ridge] solve class 36 11.4s (cumulative)
[nb_ridge] solve class 37 11.7s (cumulative)
[nb_ridge] solve class 38 12.0s (cumulative)
[nb_ridge] solve class 39 12.3s (cumulative)
[nb_ridge] solve class 40 12.6s (cumulative)
[nb_ridge] solve class 41 12.9s (cumulative)
[nb_ridge] solve class 42 13.2s (cumulative)
[nb_ridge] solve class 43 13.5s (cumulative)
[nb_ridge] solve class 44 13.8s (cumulative)
[nb_ridge] solve class 45 14.1s (cumulative)
[nb_ridge] solve class 46 14.4s (cumulative)
[nb_ridge] solve class 47 14.7s (cumulative)
[nb_ridge] solve class 48 15.0s (cumulative)
[nb_ridge] solve class 49 15.3s (cumulative)
[nb_ridge] solve class 50 15.7s (cumulative)
[nb_ridge] solve class 51 16.0s (cumulative)
[nb_ridge] solve class 52 16.3s (cumulative)
[nb_ridge] solve class 53 16.5s (cumulative)
[nb_ridge] solve class 54 16.8s (cumulative)
[nb_ridge] solve class 55 17.1s (cumulative)
[nb_ridge] solve class 56 17.4s (cumulative)
[nb_ridge] solve class 57 17.7s (cumulative)
[nb_ridge] solve class 58 18.0s (cumulative)
[nb_ridge] solve class 59 18.3s (cumulative)
[nb_ridge] solve class 60 18.6s (cumulative)
[nb_ridge] solve class 61 18.9s (cumulative)
[nb_ridge] solve class 62 19.2s (cumulative)
[nb_ridge] solve class 63 19.4s (cumulative)
[nb_ridge] solve class 64 19.7s (cumulative)
[nb_ridge] solve class 65 20.0s (cumulative)
[nb_ridge] solve class 66 20.3s (cumulative)
[nb_ridge] solve class 67 20.6s (cumulative)
[nb_ridge] solve class 68 20.9s (cumulative)
[nb_ridge] solve class 69 21.2s (cumulative)
[nb_ridge] solve class 70 21.4s (cumulative)
[nb_ridge] solve class 71 21.7s (cumulative)
[nb_ridge] solve class 72 22.0s (cumulative)
[nb_ridge] solve class 73 22.3s (cumulative)
[nb_ridge] solve class 74 22.6s (cumulative)
[nb_ridge] solve class 75 22.9s (cumulative)
[nb_ridge] solve class 76 23.2s (cumulative)
[nb_ridge] solve class 77 23.5s (cumulative)
[nb_ridge] solve class 78 23.8s (cumulative)
[nb_ridge] solve class 79 24.1s (cumulative)
[nb_ridge] solve class 80 24.4s (cumulative)
[nb_ridge] solve class 81 24.6s (cumulative)
[nb_ridge] solve class 82 24.9s (cumulative)
[nb_ridge] solve class 83 25.2s (cumulative)
[nb_ridge] solve class 84 25.4s (cumulative)
[nb_ridge] solve class 85 25.7s (cumulative)
[nb_ridge] solve class 86 26.0s (cumulative)
[nb_ridge] solve class 87 26.3s (cumulative)
[nb_ridge] solve class 88 26.6s (cumulative)
[nb_ridge] solve class 89 26.9s (cumulative)
[nb_ridge] solve class 90 27.2s (cumulative)
[nb_ridge] solve class 91 27.5s (cumulative)
[nb_ridge] solve class 92 27.7s (cumulative)
[nb_ridge] solve class 93 28.1s (cumulative)
[nb_ridge] solve class 94 28.4s (cumulative)
[nb_ridge] solve class 95 28.6s (cumulative)
[nb_ridge] solve class 96 28.9s (cumulative)
[nb_ridge] solve class 97 29.2s (cumulative)
[nb_ridge] solve class 98 29.5s (cumulative)
[nb_ridge] solve class 99 29.7s (cumulative)
[nb_ridge] solve class 100 30.0s (cumulative)
[nb_ridge] solve class 101 30.3s (cumulative)
[nb_ridge] solve class 102 30.6s (cumulative)
[nb_ridge] solve class 103 30.9s (cumulative)
[nb_ridge] solve class 104 31.2s (cumulative)
[nb_ridge] solve class 105 31.4s (cumulative)
[nb_ridge] solve class 106 31.7s (cumulative)
[nb_ridge] solve class 107 32.0s (cumulative)
[nb_ridge] solve class 108 32.3s (cumulative)
[nb_ridge] solve class 109 32.5s (cumulative)
[nb_ridge] solve class 110 32.7s (cumulative)
[nb_ridge] solve class 111 33.0s (cumulative)
[nb_ridge] solve class 112 33.2s (cumulative)
[nb_ridge] solve class 113 33.5s (cumulative)
[nb_ridge] solve class 114 33.7s (cumulative)
[nb_ridge] solve class 115 34.0s (cumulative)
[nb_ridge] solve class 116 34.2s (cumulative)
[nb_ridge] solve class 117 34.4s (cumulative)
[nb_ridge] solve class 118 34.7s (cumulative)
[nb_ridge] solve class 119 34.9s (cumulative)
[nb_ridge] solve class 120 35.1s (cumulative)
[nb_ridge] solve class 121 35.4s (cumulative)
[nb_ridge] solve class 122 35.6s (cumulative)
[nb_ridge] solve class 123 36.0s (cumulative)
[nb_ridge] solve class 124 36.2s (cumulative)
[nb_ridge] solve class 125 36.5s (cumulative)
[nb_ridge] solve class 126 36.8s (cumulative)
[nb_ridge] solve class 127 37.1s (cumulative)
[nb_ridge] solve class 128 37.4s (cumulative)
[nb_ridge] solve class 129 37.6s (cumulative)
[nb_ridge] solve class 130 37.9s (cumulative)
[nb_ridge] solve class 131 38.2s (cumulative)
[nb_ridge] solve class 132 38.4s (cumulative)
[nb_ridge] solve class 133 38.7s (cumulative)
[nb_ridge] solve class 134 39.0s (cumulative)
[nb_ridge] solve class 135 39.3s (cumulative)
[nb_ridge] solve class 136 39.5s (cumulative)
[nb_ridge] solve class 137 39.8s (cumulative)
[nb_ridge] solve class 138 40.1s (cumulative)
[nb_ridge] solve class 139 40.3s (cumulative)
[nb_ridge] solve class 140 40.6s (cumulative)
[nb_ridge] solve class 141 40.9s (cumulative)
[nb_ridge] solve class 142 41.2s (cumulative)
[nb_ridge] solve class 143 41.5s (cumulative)
[nb_ridge] solve class 144 41.8s (cumulative)
[nb_ridge] solve class 145 42.1s (cumulative)
[nb_ridge] solve class 146 42.3s (cumulative)
[nb_ridge] solve class 147 42.6s (cumulative)
[nb_ridge] solve class 148 42.9s (cumulative)
[nb_ridge] solve class 149 43.1s (cumulative)
[nb_ridge] solve class 150 43.4s (cumulative)
[nb_ridge] solve class 151 43.6s (cumulative)
[nb_ridge] solve class 152 43.9s (cumulative)
[nb_ridge] solve class 153 44.2s (cumulative)
[nb_ridge] solve class 154 44.5s (cumulative)
[nb_ridge] solve class 155 44.8s (cumulative)
[nb_ridge] solve class 156 45.0s (cumulative)
[nb_ridge] solve class 157 45.2s (cumulative)
[nb_ridge] solve class 158 45.5s (cumulative)
[nb_ridge] solve class 159 45.8s (cumulative)
[nb_ridge] solve class 160 46.1s (cumulative)
[nb_ridge] solve class 161 46.3s (cumulative)
[nb_ridge] solve class 162 46.6s (cumulative)
[nb_ridge] solve class 163 46.9s (cumulative)
[nb_ridge] solve class 164 47.2s (cumulative)
[nb_ridge] solve class 165 47.4s (cumulative)
[nb_ridge] solve class 166 47.7s (cumulative)
[nb_ridge] solve class 167 47.9s (cumulative)
[nb_ridge] solve class 168 48.2s (cumulative)
[nb_ridge] solve class 169 48.5s (cumulative)
[nb_ridge] solve class 170 48.8s (cumulative)
[nb_ridge] solve class 171 49.1s (cumulative)
[nb_ridge] solve class 172 49.3s (cumulative)
[nb_ridge] solve class 173 49.6s (cumulative)
[nb_ridge] solve class 174 49.9s (cumulative)
[nb_ridge] solve class 175 50.2s (cumulative)
[nb_ridge] solve class 176 50.5s (cumulative)
[nb_ridge] solve class 177 50.8s (cumulative)
[nb_ridge] solve class 178 51.1s (cumulative)
[nb_ridge] solve class 179 51.4s (cumulative)
[nb_ridge] solve class 180 51.7s (cumulative)
[nb_ridge] solve class 181 52.0s (cumulative)
[nb_ridge] solve class 182 52.3s (cumulative)
[nb_ridge] solve class 183 52.6s (cumulative)
[nb_ridge] solve class 184 52.8s (cumulative)
[nb_ridge] solve class 185 53.1s (cumulative)
[nb_ridge] solve class 186 53.3s (cumulative)
[nb_ridge] solve class 187 53.6s (cumulative)
[nb_ridge] solve class 188 53.9s (cumulative)
[nb_ridge] solve class 189 54.2s (cumulative)
[nb_ridge] solve class 190 54.5s (cumulative)
[nb_ridge] solve class 191 54.8s (cumulative)
[nb_ridge] solve class 192 55.1s (cumulative)
[nb_ridge] solve class 193 55.4s (cumulative)
[nb_ridge] solve class 194 55.6s (cumulative)
[nb_ridge] solve class 195 55.9s (cumulative)
[nb_ridge] solve class 196 56.2s (cumulative)
[nb_ridge] solve class 197 56.5s (cumulative)
[nb_ridge] solve class 198 56.8s (cumulative)
[nb_ridge] solve class 199 57.0s (cumulative)
[nb_ridge] solve class 200 57.3s (cumulative)
[nb_ridge] solve class 201 57.6s (cumulative)
[nb_ridge] solve class 202 57.9s (cumulative)
[nb_ridge] solve class 203 58.2s (cumulative)
[nb_ridge] solve class 204 58.5s (cumulative)
[nb_ridge] solve class 205 58.8s (cumulative)
[nb_ridge] solve class 206 59.1s (cumulative)
[nb_ridge] solve class 207 59.4s (cumulative)
[nb_ridge] solve class 208 59.7s (cumulative)
[nb_ridge] solve class 209 60.0s (cumulative)
[nb_ridge] solve class 210 60.2s (cumulative)
[nb_ridge] solve class 211 60.5s (cumulative)
[nb_ridge] solve class 212 60.8s (cumulative)
[nb_ridge] solve class 213 61.1s (cumulative)
[nb_ridge] solve class 214 61.4s (cumulative)
[nb_ridge] solve class 215 61.7s (cumulative)
[nb_ridge] solve class 216 62.0s (cumulative)
[nb_ridge] solve class 217 62.3s (cumulative)
[nb_ridge] solve class 218 62.7s (cumulative)
[nb_ridge] solve class 219 63.0s (cumulative)
[nb_ridge] solve class 220 63.3s (cumulative)
[nb_ridge] solve class 221 63.6s (cumulative)
[nb_ridge] solve class 222 63.9s (cumulative)
[nb_ridge] solve class 223 64.1s (cumulative)
[nb_ridge] solve class 224 64.4s (cumulative)
[nb_ridge] solve class 225 64.6s (cumulative)
[nb_ridge] solve class 226 64.9s (cumulative)
[nb_ridge] solve class 227 65.2s (cumulative)
[nb_ridge] solve class 228 65.5s (cumulative)
[nb_ridge] solve class 229 65.7s (cumulative)
[nb_ridge] solve class 230 66.0s (cumulative)
[nb_ridge] solve class 231 66.3s (cumulative)
[nb_ridge] solve class 232 66.6s (cumulative)
[nb_ridge] solve class 233 66.9s (cumulative)
[nb_ridge] solve class 234 67.2s (cumulative)
[nb_ridge] solve class 235 67.4s (cumulative)
[nb_ridge] solve class 236 67.7s (cumulative)
[nb_ridge] solve class 237 68.0s (cumulative)
[nb_ridge] solve class 238 68.3s (cumulative)
[nb_ridge] solve class 239 68.5s (cumulative)
[nb_ridge] solve class 240 68.8s (cumulative)
[nb_ridge] solve class 241 69.2s (cumulative)
[nb_ridge] solve class 242 69.5s (cumulative)
[nb_ridge] solve class 243 69.8s (cumulative)
[nb_ridge] solve class 244 70.1s (cumulative)
[nb_ridge] solve class 245 70.3s (cumulative)
[nb_ridge] solve class 246 70.6s (cumulative)
[nb_ridge] solve class 247 70.9s (cumulative)
[nb_ridge] solve class 248 71.2s (cumulative)
[nb_ridge] solve class 249 71.5s (cumulative)
[nb_ridge] solve class 250 71.7s (cumulative)
[nb_ridge] solve class 251 72.0s (cumulative)
[nb_ridge] solve class 252 72.2s (cumulative)
[nb_ridge] solve class 253 72.5s (cumulative)
[nb_ridge] solve class 254 72.8s (cumulative)
[nb_ridge] solve class 255 73.1s (cumulative)
[nb_ridge] solve class 256 73.4s (cumulative)
[nb_ridge] solve class 257 73.7s (cumulative)
[nb_ridge] solve class 258 74.0s (cumulative)
[nb_ridge] solve class 259 74.2s (cumulative)
[nb_ridge] solve class 260 74.5s (cumulative)
[nb_ridge] solve class 261 74.8s (cumulative)
[nb_ridge] solve class 262 75.1s (cumulative)
[nb_ridge] solve class 263 75.4s (cumulative)
[nb_ridge] solve class 264 75.7s (cumulative)
[nb_ridge] solve class 265 75.9s (cumulative)
[nb_ridge] solve class 266 76.2s (cumulative)
[nb_ridge] solve class 267 76.5s (cumulative)
[nb_ridge] solve class 268 76.8s (cumulative)
[nb_ridge] solve class 269 77.1s (cumulative)
[nb_ridge] solve class 270 77.4s (cumulative)
[nb_ridge] solve class 271 77.7s (cumulative)
[nb_ridge] solve class 272 78.0s (cumulative)
[nb_ridge] solve class 273 78.4s (cumulative)
[nb_ridge] solve class 274 78.7s (cumulative)
[nb_ridge] solve class 275 79.0s (cumulative)
[nb_ridge] solve class 276 79.2s (cumulative)
[nb_ridge] solve class 277 79.6s (cumulative)
[nb_ridge] solve class 278 79.9s (cumulative)
[nb_ridge] solve class 279 80.2s (cumulative)
[nb_ridge] solve class 280 80.5s (cumulative)
[nb_ridge] solve class 281 80.8s (cumulative)
[nb_ridge] solve class 282 81.1s (cumulative)
[nb_ridge] solve class 283 81.4s (cumulative)
[nb_ridge] solve class 284 81.7s (cumulative)
[nb_ridge] solve class 285 81.9s (cumulative)
[nb_ridge] solve class 286 82.2s (cumulative)
[nb_ridge] solve class 287 82.5s (cumulative)
[nb_ridge] solve class 288 82.8s (cumulative)
[nb_ridge] solve class 289 83.1s (cumulative)
[nb_ridge] solve class 290 83.3s (cumulative)
[nb_ridge] solve class 291 83.6s (cumulative)
[nb_ridge] solve class 292 83.9s (cumulative)
[nb_ridge] solve class 293 84.1s (cumulative)
[nb_ridge] solve class 294 84.3s (cumulative)
[nb_ridge] solve class 295 84.6s (cumulative)
[nb_ridge] solve class 296 84.8s (cumulative)
[nb_ridge] solve class 297 85.1s (cumulative)
[nb_ridge] solve class 298 85.3s (cumulative)
[nb_ridge] solve class 299 85.6s (cumulative)
[nb_ridge] solve class 300 85.9s (cumulative)
[nb_ridge] solve class 301 86.1s (cumulative)
[nb_ridge] solve class 302 86.4s (cumulative)
[nb_ridge] solve class 303 86.7s (cumulative)
[nb_ridge] solve class 304 86.9s (cumulative)
[nb_ridge] solve class 305 87.1s (cumulative)
[nb_ridge] solve class 306 87.4s (cumulative)
[nb_ridge] solve class 307 87.7s (cumulative)
[nb_ridge] solve class 308 88.0s (cumulative)
[nb_ridge] solve class 309 88.2s (cumulative)
[nb_ridge] solve class 310 88.5s (cumulative)
[nb_ridge] solve class 311 88.8s (cumulative)
[nb_ridge] solve class 312 89.0s (cumulative)
[nb_ridge] solve class 313 89.3s (cumulative)
[nb_ridge] solve class 314 89.5s (cumulative)
[nb_ridge] solve class 315 89.8s (cumulative)
[nb_ridge] solve class 316 90.0s (cumulative)
[nb_ridge] solve class 317 90.3s (cumulative)
[nb_ridge] solve class 318 90.6s (cumulative)
[nb_ridge] solve class 319 90.8s (cumulative)
[nb_ridge] solve class 320 91.1s (cumulative)
[nb_ridge] solve class 321 91.4s (cumulative)
[nb_ridge] solve class 322 91.7s (cumulative)
[nb_ridge] solve class 323 92.0s (cumulative)
[nb_ridge] solve class 324 92.3s (cumulative)
[nb_ridge] solve class 325 92.6s (cumulative)
[nb_ridge] solve class 326 92.9s (cumulative)
[nb_ridge] solve class 327 93.1s (cumulative)
[nb_ridge] solve class 328 93.4s (cumulative)
[nb_ridge] solve class 329 93.7s (cumulative)
[nb_ridge] solve class 330 94.0s (cumulative)
[nb_ridge] solve class 331 94.3s (cumulative)
[nb_ridge] solve class 332 94.6s (cumulative)
[nb_ridge] solve class 333 94.8s (cumulative)
[nb_ridge] solve class 334 95.1s (cumulative)
[nb_ridge] solve class 335 95.4s (cumulative)
[nb_ridge] solve class 336 95.7s (cumulative)
[nb_ridge] solve class 337 96.0s (cumulative)
[nb_ridge] solve class 338 96.3s (cumulative)
[nb_ridge] solve class 339 96.5s (cumulative)
[nb_ridge] solve class 340 96.8s (cumulative)
[nb_ridge] solve class 341 97.1s (cumulative)
[nb_ridge] solve class 342 97.4s (cumulative)
[nb_ridge] solve class 343 97.6s (cumulative)
[nb_ridge] solve class 344 97.9s (cumulative)
[nb_ridge] solve class 345 98.1s (cumulative)
[nb_ridge] solve class 346 98.4s (cumulative)
[nb_ridge] solve class 347 98.6s (cumulative)
[nb_ridge] solve class 348 98.9s (cumulative)
[nb_ridge] solve class 349 99.2s (cumulative)
[nb_ridge] solve class 350 99.5s (cumulative)
[nb_ridge] solve class 351 99.8s (cumulative)
[nb_ridge] solve class 352 100.1s (cumulative)
[nb_ridge] solve class 353 100.4s (cumulative)
[nb_ridge] solve class 354 100.8s (cumulative)
[nb_ridge] solve class 355 101.1s (cumulative)
[nb_ridge] solve class 356 101.4s (cumulative)
[nb_ridge] solve class 357 101.7s (cumulative)
[nb_ridge] solve class 358 102.0s (cumulative)
[nb_ridge] solve class 359 102.3s (cumulative)
[nb_ridge] solve class 360 102.6s (cumulative)
[nb_ridge] solve class 361 102.9s (cumulative)
[nb_ridge] solve class 362 103.1s (cumulative)
[nb_ridge] solve class 363 103.4s (cumulative)
[nb_ridge] solve class 364 103.6s (cumulative)
[nb_ridge] solve class 365 103.9s (cumulative)
[nb_ridge] solve class 366 104.2s (cumulative)
[nb_ridge] solve class 367 104.5s (cumulative)
[nb_ridge] solve class 368 104.8s (cumulative)
[nb_ridge] solve class 369 105.0s (cumulative)
[nb_ridge] solve class 370 105.3s (cumulative)
[nb_ridge] solve class 371 105.7s (cumulative)
[nb_ridge] solve class 372 106.0s (cumulative)
[nb_ridge] solve class 373 106.3s (cumulative)
[nb_ridge] solve class 374 106.6s (cumulative)
[nb_ridge] solve class 375 106.9s (cumulative)
[nb_ridge] solve class 376 107.2s (cumulative)
[nb_ridge] solve class 377 107.6s (cumulative)
[nb_ridge] solve class 378 107.8s (cumulative)
[nb_ridge] solve class 379 108.2s (cumulative)
[nb_ridge] solve class 380 108.5s (cumulative)
[nb_ridge] solve class 381 108.8s (cumulative)
[nb_ridge] solve class 382 109.1s (cumulative)
[nb_ridge] solve class 383 109.3s (cumulative)
[nb_ridge] solve class 384 109.6s (cumulative)
[nb_ridge] solve class 385 109.9s (cumulative)
[nb_ridge] solve class 386 110.2s (cumulative)
[nb_ridge] solve class 387 110.5s (cumulative)
[nb_ridge] solve class 388 110.7s (cumulative)
[nb_ridge] solve class 389 111.0s (cumulative)
[nb_ridge] solve class 390 111.3s (cumulative)
[nb_ridge] solve class 391 111.6s (cumulative)
[nb_ridge] solve class 392 111.9s (cumulative)
[nb_ridge] solve class 393 112.2s (cumulative)
[nb_ridge] solve class 394 112.5s (cumulative)
[nb_ridge] solve class 395 112.8s (cumulative)
[nb_ridge] solve class 396 113.0s (cumulative)
[nb_ridge] solve class 397 113.3s (cumulative)
[nb_ridge] solve class 398 113.5s (cumulative)
[nb_ridge] solve class 399 113.8s (cumulative)
[nb_ridge] solve class 400 114.1s (cumulative)
[nb_ridge] solve class 401 114.4s (cumulative)
[nb_ridge] solve class 402 114.7s (cumulative)
[nb_ridge] solve class 403 115.0s (cumulative)
[nb_ridge] solve class 404 115.2s (cumulative)
[nb_ridge] solve class 405 115.5s (cumulative)
[nb_ridge] solve class 406 115.7s (cumulative)
[nb_ridge] solve class 407 116.0s (cumulative)
[nb_ridge] solve class 408 116.2s (cumulative)
[nb_ridge] solve class 409 116.5s (cumulative)
[nb_ridge] solve class 410 116.7s (cumulative)
[nb_ridge] solve class 411 117.0s (cumulative)
[nb_ridge] solve class 412 117.2s (cumulative)
[nb_ridge] solve class 413 117.6s (cumulative)
[nb_ridge] solve class 414 117.8s (cumulative)
[nb_ridge] solve class 415 118.0s (cumulative)
[nb_ridge] solve class 416 118.2s (cumulative)
[nb_ridge] solve class 417 118.4s (cumulative)
[nb_ridge] solve class 418 118.6s (cumulative)
[nb_ridge] solve class 419 118.8s (cumulative)
[nb_ridge] solve class 420 118.9s (cumulative)
[nb_ridge] solve class 421 119.1s (cumulative)
[nb_ridge] solve class 422 119.3s (cumulative)
[nb_ridge] solve class 423 119.4s (cumulative)
[nb_ridge] solve class 424 119.6s (cumulative)
[nb_ridge] solve class 425 119.8s (cumulative)
[nb_ridge] solve class 426 119.9s (cumulative)
[nb_ridge] solve class 427 120.1s (cumulative)
[nb_ridge] solve class 428 120.3s (cumulative)
[nb_ridge] solve class 429 120.4s (cumulative)
[nb_ridge] solve class 430 120.6s (cumulative)
[nb_ridge] solve class 431 120.7s (cumulative)
[nb_ridge] solve class 432 120.9s (cumulative)
[nb_ridge] solve class 433 121.0s (cumulative)
[nb_ridge] solve class 434 121.2s (cumulative)
[nb_ridge] solve class 435 121.3s (cumulative)
[nb_ridge] solve class 436 121.5s (cumulative)
[nb_ridge] solve class 437 121.6s (cumulative)
[nb_ridge] solve class 438 121.8s (cumulative)
[nb_ridge] solve class 439 121.9s (cumulative)
[nb_ridge] solve class 440 122.1s (cumulative)
[nb_ridge] solve class 441 122.3s (cumulative)
[nb_ridge] solve class 442 122.4s (cumulative)
[nb_ridge] solve class 443 122.6s (cumulative)
[nb_ridge] solve class 444 122.7s (cumulative)
[nb_ridge] solve class 445 122.9s (cumulative)
[nb_ridge] solve class 446 123.1s (cumulative)
[nb_ridge] solve class 447 123.3s (cumulative)
[nb_ridge] solve class 448 123.5s (cumulative)
[nb_ridge] solve class 449 123.6s (cumulative)
[nb_ridge] solve class 450 123.8s (cumulative)
[nb_ridge] solve class 451 123.9s (cumulative)
[nb_ridge] solve class 452 124.1s (cumulative)
[nb_ridge] solve class 453 124.3s (cumulative)
[nb_ridge] solve class 454 124.4s (cumulative)
[nb_ridge] solve class 455 124.6s (cumulative)
[nb_ridge] solve class 456 124.8s (cumulative)
[nb_ridge] solve class 457 125.0s (cumulative)
[nb_ridge] solve class 458 125.1s (cumulative)
[nb_ridge] solve class 459 125.3s (cumulative)
[nb_ridge] solve class 460 125.5s (cumulative)
[nb_ridge] solve class 461 125.7s (cumulative)
[nb_ridge] solve class 462 125.9s (cumulative)
[nb_ridge] solve class 463 126.1s (cumulative)
[nb_ridge] solve class 464 126.3s (cumulative)
[nb_ridge] solve class 465 126.4s (cumulative)
[nb_ridge] solve class 466 126.6s (cumulative)
[nb_ridge] solve class 467 126.9s (cumulative)
[nb_ridge] solve class 468 127.2s (cumulative)
[nb_ridge] solve class 469 127.5s (cumulative)
[nb_ridge] solve class 470 127.8s (cumulative)
[nb_ridge] solve class 471 128.2s (cumulative)
[nb_ridge] solve class 472 128.5s (cumulative)
[nb_ridge] solve class 473 128.8s (cumulative)
[nb_ridge] solve class 474 129.1s (cumulative)
[nb_ridge] solve class 475 129.4s (cumulative)
[nb_ridge] solve class 476 129.8s (cumulative)
[nb_ridge] solve class 477 130.1s (cumulative)
[nb_ridge] solve class 478 130.4s (cumulative)
[nb_ridge] solve class 479 130.8s (cumulative)
[nb_ridge] solve class 480 131.1s (cumulative)
[nb_ridge] solve class 481 131.4s (cumulative)
[nb_ridge] solve class 482 131.7s (cumulative)
[nb_ridge] solve class 483 132.0s (cumulative)
[nb_ridge] solve class 484 132.4s (cumulative)
[nb_ridge] solve class 485 132.6s (cumulative)
[nb_ridge] solve class 486 132.9s (cumulative)
[nb_ridge] solve class 487 133.2s (cumulative)
[nb_ridge] solve class 488 133.5s (cumulative)
[nb_ridge] solve class 489 133.7s (cumulative)
[nb_ridge] solve class 490 133.9s (cumulative)
[nb_ridge] solve class 491 134.2s (cumulative)
[nb_ridge] solve class 492 134.4s (cumulative)
[nb_ridge] solve class 493 134.6s (cumulative)
[nb_ridge] solve class 494 134.9s (cumulative)
[nb_ridge] solve class 495 135.1s (cumulative)
[nb_ridge] solve class 496 135.3s (cumulative)
[nb_ridge] solve class 497 135.6s (cumulative)
[nb_ridge] solve class 498 135.8s (cumulative)
[nb_ridge] solve class 499 136.1s (cumulative)
[nb_ridge] solve class 500 136.4s (cumulative)
[nb_ridge] solve class 501 136.7s (cumulative)
[nb_ridge] solve class 502 137.0s (cumulative)
[nb_ridge] solve class 503 137.2s (cumulative)
[nb_ridge] solve class 504 137.4s (cumulative)
[nb_ridge] solve class 505 137.7s (cumulative)
[nb_ridge] solve class 506 138.0s (cumulative)
[nb_ridge] solve class 507 138.3s (cumulative)
[nb_ridge] solve class 508 138.6s (cumulative)
[nb_ridge] solve class 509 138.9s (cumulative)
[nb_ridge] solve class 510 139.3s (cumulative)
[nb_ridge] solve class 511 139.5s (cumulative)
[nb_ridge] solve class 512 139.8s (cumulative)
[nb_ridge] solve class 513 140.2s (cumulative)
[nb_ridge] solve class 514 140.5s (cumulative)
[nb_ridge] solve class 515 140.8s (cumulative)
[nb_ridge] solve class 516 141.1s (cumulative)
[nb_ridge] solve class 517 141.3s (cumulative)
[nb_ridge] solve class 518 141.6s (cumulative)
[nb_ridge] solve class 519 141.9s (cumulative)
[nb_ridge] solve class 520 142.1s (cumulative)
[nb_ridge] solve class 521 142.4s (cumulative)
[nb_ridge] solve class 522 142.7s (cumulative)
[nb_ridge] solve class 523 143.0s (cumulative)
[nb_ridge] solve class 524 143.3s (cumulative)
[nb_ridge] solve class 525 143.7s (cumulative)
[nb_ridge] solve class 526 144.0s (cumulative)
[nb_ridge] solve class 527 144.3s (cumulative)
[nb_ridge] solve class 528 144.7s (cumulative)
[nb_ridge] solve class 529 145.0s (cumulative)
[nb_ridge] solve class 530 145.4s (cumulative)
[nb_ridge] solve class 531 145.7s (cumulative)
[nb_ridge] solve class 532 146.0s (cumulative)
[nb_ridge] solve class 533 146.3s (cumulative)
[nb_ridge] solve class 534 146.6s (cumulative)
[nb_ridge] solve class 535 146.9s (cumulative)
[nb_ridge] solve class 536 147.3s (cumulative)
[nb_ridge] solve class 537 147.5s (cumulative)
[nb_ridge] solve class 538 147.8s (cumulative)
[nb_ridge] solve class 539 148.2s (cumulative)
[nb_ridge] solve class 540 148.4s (cumulative)
[nb_ridge] solve class 541 148.7s (cumulative)
[nb_ridge] solve class 542 149.0s (cumulative)
[nb_ridge] solve class 543 149.3s (cumulative)
[nb_ridge] solve class 544 149.6s (cumulative)
[nb_ridge] solve class 545 149.9s (cumulative)
[nb_ridge] solve class 546 150.2s (cumulative)
[nb_ridge] solve class 547 150.6s (cumulative)
[nb_ridge] solve class 548 150.9s (cumulative)
[nb_ridge] solve class 549 151.2s (cumulative)
[nb_ridge] solve class 550 151.5s (cumulative)
[nb_ridge] solve class 551 151.8s (cumulative)
[nb_ridge] solve class 552 152.1s (cumulative)
[nb_ridge] solve class 553 152.5s (cumulative)
[nb_ridge] solve class 554 152.8s (cumulative)
[nb_ridge] solve class 555 153.2s (cumulative)
[nb_ridge] solve class 556 153.5s (cumulative)
[nb_ridge] solve class 557 153.8s (cumulative)
[nb_ridge] solve class 558 154.2s (cumulative)
[nb_ridge] solve class 559 154.5s (cumulative)
[nb_ridge] solve class 560 154.9s (cumulative)
[nb_ridge] solve class 561 155.1s (cumulative)
[nb_ridge] solve class 562 155.5s (cumulative)
[nb_ridge] solve class 563 155.8s (cumulative)
[nb_ridge] solve class 564 156.2s (cumulative)
[nb_ridge] solve class 565 156.5s (cumulative)
[nb_ridge] solve class 566 156.8s (cumulative)
[nb_ridge] solve class 567 157.1s (cumulative)
[nb_ridge] solve class 568 157.4s (cumulative)
[nb_ridge] solve class 569 157.8s (cumulative)
[nb_ridge] solve class 570 158.1s (cumulative)
[nb_ridge] solve class 571 158.4s (cumulative)
[nb_ridge] solve class 572 158.7s (cumulative)
[nb_ridge] solve class 573 159.0s (cumulative)
[nb_ridge] solve class 574 159.3s (cumulative)
[nb_ridge] solve class 575 159.6s (cumulative)
[nb_ridge] solve class 576 159.8s (cumulative)
[nb_ridge] solve class 577 160.1s (cumulative)
[nb_ridge] solve class 578 160.3s (cumulative)
[nb_ridge] solve class 579 160.6s (cumulative)
[nb_ridge] solve class 580 160.9s (cumulative)
[nb_ridge] solve class 581 161.2s (cumulative)
[nb_ridge] solve class 582 161.5s (cumulative)
[nb_ridge] solve class 583 161.8s (cumulative)
[nb_ridge] solve class 584 162.2s (cumulative)
[nb_ridge] solve class 585 162.5s (cumulative)
[nb_ridge] solve class 586 162.8s (cumulative)
[nb_ridge] solve class 587 163.2s (cumulative)
[nb_ridge] solve class 588 163.5s (cumulative)
[nb_ridge] solve class 589 163.8s (cumulative)
[nb_ridge] solve class 590 164.1s (cumulative)
[nb_ridge] solve class 591 164.4s (cumulative)
[nb_ridge] solve class 592 164.8s (cumulative)
[nb_ridge] solve class 593 165.1s (cumulative)
[nb_ridge] solve class 594 165.4s (cumulative)
[nb_ridge] solve class 595 165.8s (cumulative)
[nb_ridge] solve class 596 166.1s (cumulative)
[nb_ridge] solve class 597 166.5s (cumulative)
[nb_ridge] solve class 598 166.8s (cumulative)
[nb_ridge] solve class 599 167.1s (cumulative)
[nb_ridge] solve class 600 167.4s (cumulative)
[nb_ridge] solve class 601 167.7s (cumulative)
[nb_ridge] solve class 602 168.0s (cumulative)
[nb_ridge] solve class 603 168.3s (cumulative)
[nb_ridge] solve class 604 168.6s (cumulative)
[nb_ridge] solve class 605 168.9s (cumulative)
[nb_ridge] solve class 606 169.2s (cumulative)
[nb_ridge] solve class 607 169.5s (cumulative)
[nb_ridge] solve class 608 169.8s (cumulative)
[nb_ridge] solve class 609 170.2s (cumulative)
[nb_ridge] solve class 610 170.5s (cumulative)
[nb_ridge] solve class 611 170.9s (cumulative)
[nb_ridge] solve class 612 171.2s (cumulative)
[nb_ridge] solve class 613 171.5s (cumulative)
[nb_ridge] solve class 614 171.9s (cumulative)
[nb_ridge] solve class 615 172.2s (cumulative)
[nb_ridge] solve class 616 172.5s (cumulative)
[nb_ridge] solve class 617 172.9s (cumulative)
[nb_ridge] solve class 618 173.2s (cumulative)
[nb_ridge] solve class 619 173.4s (cumulative)
[nb_ridge] solve class 620 173.7s (cumulative)
[nb_ridge] solve class 621 174.0s (cumulative)
[nb_ridge] solve class 622 174.3s (cumulative)
[nb_ridge] solve class 623 174.6s (cumulative)
[nb_ridge] solve class 624 174.9s (cumulative)
[nb_ridge] solve class 625 175.3s (cumulative)
[nb_ridge] solve class 626 175.6s (cumulative)
[nb_ridge] solve class 627 175.9s (cumulative)
[nb_ridge] solve class 628 176.2s (cumulative)
[nb_ridge] solve class 629 176.5s (cumulative)
[nb_ridge] solve class 630 176.8s (cumulative)
[nb_ridge] solve class 631 177.2s (cumulative)
[nb_ridge] solve class 632 177.5s (cumulative)
[nb_ridge] solve class 633 177.8s (cumulative)
[nb_ridge] solve class 634 178.1s (cumulative)
[nb_ridge] solve class 635 178.5s (cumulative)
[nb_ridge] solve class 636 178.8s (cumulative)
[nb_ridge] solve class 637 179.1s (cumulative)
[nb_ridge] solve class 638 179.5s (cumulative)
[nb_ridge] solve class 639 179.8s (cumulative)
[nb_ridge] solve class 640 180.1s (cumulative)
[nb_ridge] solve class 641 180.4s (cumulative)
[nb_ridge] solve class 642 180.7s (cumulative)
[nb_ridge] solve class 643 181.1s (cumulative)
[nb_ridge] solve class 644 181.4s (cumulative)
[nb_ridge] solve class 645 181.7s (cumulative)
[nb_ridge] solve class 646 182.0s (cumulative)
[nb_ridge] solve class 647 182.3s (cumulative)
[nb_ridge] solve class 648 182.7s (cumulative)
[nb_ridge] solve class 649 183.0s (cumulative)
[nb_ridge] solve class 650 183.3s (cumulative)
[nb_ridge] solve class 651 183.6s (cumulative)
[nb_ridge] solve class 652 183.9s (cumulative)
[nb_ridge] solve class 653 184.2s (cumulative)
[nb_ridge] solve class 654 184.6s (cumulative)
[nb_ridge] solve class 655 184.9s (cumulative)
[nb_ridge] solve class 656 185.2s (cumulative)
[nb_ridge] solve class 657 185.6s (cumulative)
[nb_ridge] solve class 658 185.9s (cumulative)
[nb_ridge] solve class 659 186.2s (cumulative)
[nb_ridge] solve class 660 186.5s (cumulative)
[nb_ridge] solve class 661 186.9s (cumulative)
[nb_ridge] solve class 662 187.2s (cumulative)
[nb_ridge] solve class 663 187.5s (cumulative)
[nb_ridge] solve class 664 187.8s (cumulative)
[nb_ridge] solve class 665 188.1s (cumulative)
[nb_ridge] solve class 666 188.5s (cumulative)
[nb_ridge] solve class 667 188.8s (cumulative)
[nb_ridge] solve class 668 189.1s (cumulative)
[nb_ridge] solve class 669 189.4s (cumulative)
[nb_ridge] solve class 670 189.7s (cumulative)
[nb_ridge] solve class 671 189.9s (cumulative)
[nb_ridge] solve class 672 190.2s (cumulative)
[nb_ridge] solve class 673 190.5s (cumulative)
[nb_ridge] solve class 674 190.8s (cumulative)
[nb_ridge] solve class 675 191.1s (cumulative)
[nb_ridge] solve class 676 191.3s (cumulative)
[nb_ridge] solve class 677 191.6s (cumulative)
[nb_ridge] solve class 678 191.9s (cumulative)
[nb_ridge] solve class 679 192.2s (cumulative)
[nb_ridge] solve class 680 192.4s (cumulative)
[nb_ridge] solve class 681 192.7s (cumulative)
[nb_ridge] solve class 682 193.0s (cumulative)
[nb_ridge] solve class 683 193.3s (cumulative)
[nb_ridge] solve class 684 193.6s (cumulative)
[nb_ridge] solve class 685 193.9s (cumulative)
[nb_ridge] solve class 686 194.2s (cumulative)
[nb_ridge] solve class 687 194.4s (cumulative)
[nb_ridge] solve class 688 194.7s (cumulative)
[nb_ridge] solve class 689 195.0s (cumulative)
[nb_ridge] solve class 690 195.3s (cumulative)
[nb_ridge] solve class 691 195.6s (cumulative)
[nb_ridge] solve class 692 195.9s (cumulative)
[nb_ridge] solve class 693 196.2s (cumulative)
[nb_ridge] solve class 694 196.5s (cumulative)
[nb_ridge] solve class 695 196.8s (cumulative)
[nb_ridge] solve class 696 197.0s (cumulative)
[nb_ridge] solve class 697 197.3s (cumulative)
[nb_ridge] solve class 698 197.6s (cumulative)
[nb_ridge] solve class 699 197.9s (cumulative)
[nb_ridge] solve class 700 198.2s (cumulative)
[nb_ridge] solve class 701 198.6s (cumulative)
[nb_ridge] solve class 702 198.8s (cumulative)
[nb_ridge] solve class 703 199.1s (cumulative)
[nb_ridge] solve class 704 199.4s (cumulative)
[nb_ridge] solve class 705 199.7s (cumulative)
[nb_ridge] solve class 706 200.0s (cumulative)
[nb_ridge] solve class 707 200.3s (cumulative)
[nb_ridge] solve class 708 200.5s (cumulative)
[nb_ridge] solve class 709 200.8s (cumulative)
[nb_ridge] solve class 710 201.0s (cumulative)
[nb_ridge] solve class 711 201.3s (cumulative)
[nb_ridge] solve class 712 201.5s (cumulative)
[nb_ridge] solve class 713 201.8s (cumulative)
[nb_ridge] solve class 714 202.0s (cumulative)
[nb_ridge] solve class 715 202.2s (cumulative)
[nb_ridge] solve class 716 202.4s (cumulative)
[nb_ridge] solve class 717 202.6s (cumulative)
[nb_ridge] solve class 718 202.8s (cumulative)
[nb_ridge] solve class 719 203.0s (cumulative)
[nb_ridge] solve class 720 203.2s (cumulative)
[nb_ridge] solve class 721 203.4s (cumulative)
[nb_ridge] solve class 722 203.6s (cumulative)
[nb_ridge] solve class 723 203.8s (cumulative)
[nb_ridge] solve class 724 204.0s (cumulative)
[nb_ridge] solve class 725 204.2s (cumulative)
[nb_ridge] solve class 726 204.4s (cumulative)
[nb_ridge] solve class 727 204.6s (cumulative)
[nb_ridge] solve class 728 204.7s (cumulative)
[nb_ridge] solve class 729 204.9s (cumulative)
[nb_ridge] solve class 730 205.1s (cumulative)
[nb_ridge] solve class 731 205.3s (cumulative)
[nb_ridge] solve class 732 205.5s (cumulative)
[nb_ridge] solve class 733 205.7s (cumulative)
[nb_ridge] solve class 734 205.9s (cumulative)
[nb_ridge] solve class 735 206.1s (cumulative)
[nb_ridge] solve class 736 206.2s (cumulative)
[nb_ridge] solve class 737 206.4s (cumulative)
[nb_ridge] solve class 738 206.6s (cumulative)
[nb_ridge] solve class 739 206.8s (cumulative)
[nb_ridge] solve class 740 206.9s (cumulative)
[nb_ridge] solve class 741 207.1s (cumulative)
[nb_ridge] solve class 742 207.3s (cumulative)
[nb_ridge] solve class 743 207.5s (cumulative)
[nb_ridge] solve class 744 207.6s (cumulative)
[nb_ridge] solve class 745 207.8s (cumulative)
[nb_ridge] solve class 746 208.0s (cumulative)
[nb_ridge] solve class 747 208.3s (cumulative)
[nb_ridge] solve class 748 208.6s (cumulative)
[nb_ridge] solve class 749 209.0s (cumulative)
[nb_ridge] solve class 750 209.3s (cumulative)
[nb_ridge] solve class 751 209.6s (cumulative)
[nb_ridge] solve class 752 209.9s (cumulative)
[nb_ridge] solve class 753 210.2s (cumulative)
[nb_ridge] solve class 754 210.5s (cumulative)
[nb_ridge] solve class 755 210.8s (cumulative)
[nb_ridge] solve class 756 211.1s (cumulative)
[nb_ridge] solve class 757 211.4s (cumulative)
[nb_ridge] solve class 758 211.7s (cumulative)
[nb_ridge] solve class 759 212.0s (cumulative)
[nb_ridge] solve class 760 212.5s (cumulative)
[nb_ridge] solve class 761 212.8s (cumulative)
[nb_ridge] solve class 762 213.1s (cumulative)
[nb_ridge] solve class 763 213.5s (cumulative)
[nb_ridge] solve class 764 213.7s (cumulative)
[nb_ridge] solve class 765 214.0s (cumulative)
[nb_ridge] solve class 766 214.2s (cumulative)
[nb_ridge] solve class 767 214.5s (cumulative)
[nb_ridge] solve class 768 214.8s (cumulative)
[nb_ridge] solve class 769 215.0s (cumulative)
[nb_ridge] solve class 770 215.3s (cumulative)
[nb_ridge] solve class 771 215.5s (cumulative)
[nb_ridge] solve class 772 215.8s (cumulative)
[nb_ridge] solve class 773 216.0s (cumulative)
[nb_ridge] solve class 774 216.3s (cumulative)
[nb_ridge] solve class 775 216.7s (cumulative)
[nb_ridge] solve class 776 217.1s (cumulative)
[nb_ridge] solve class 777 217.4s (cumulative)
[nb_ridge] solve class 778 217.7s (cumulative)
[nb_ridge] solve class 779 218.1s (cumulative)
[nb_ridge] solve class 780 218.5s (cumulative)
[nb_ridge] solve class 781 218.8s (cumulative)
[nb_ridge] solve class 782 219.2s (cumulative)
[nb_ridge] solve class 783 219.5s (cumulative)
[nb_ridge] solve class 784 219.9s (cumulative)
[nb_ridge] solve class 785 220.2s (cumulative)
[nb_ridge] solve class 786 220.5s (cumulative)
[nb_ridge] solve class 787 220.9s (cumulative)
[nb_ridge] solve class 788 221.2s (cumulative)
[nb_ridge] solve class 789 221.5s (cumulative)
[nb_ridge] solve class 790 221.9s (cumulative)
[nb_ridge] solve class 791 222.1s (cumulative)
[nb_ridge] solve class 792 222.5s (cumulative)
[nb_ridge] solve class 793 222.8s (cumulative)
[nb_ridge] solve class 794 223.1s (cumulative)
[nb_ridge] solve class 795 223.3s (cumulative)
[nb_ridge] solve class 796 223.5s (cumulative)
[nb_ridge] solve class 797 223.7s (cumulative)
[nb_ridge] solve class 798 224.0s (cumulative)
[nb_ridge] solve class 799 224.1s (cumulative)
[nb_ridge] solve class 800 224.3s (cumulative)
[nb_ridge] solve class 801 224.5s (cumulative)
[nb_ridge] solve class 802 224.7s (cumulative)
[nb_ridge] solve class 803 224.9s (cumulative)
[nb_ridge] solve class 804 225.1s (cumulative)
[nb_ridge] solve class 805 225.3s (cumulative)
[nb_ridge] solve class 806 225.4s (cumulative)
[nb_ridge] solve class 807 225.6s (cumulative)
[nb_ridge] solve class 808 225.8s (cumulative)
[nb_ridge] solve class 809 226.1s (cumulative)
[nb_ridge] solve class 810 226.3s (cumulative)
[nb_ridge] solve class 811 226.5s (cumulative)
[nb_ridge] solve class 812 226.7s (cumulative)
[nb_ridge] solve class 813 226.9s (cumulative)
[nb_ridge] solve class 814 227.1s (cumulative)
[nb_ridge] solve class 815 227.4s (cumulative)
[nb_ridge] solve class 816 227.6s (cumulative)
[nb_ridge] solve class 817 227.8s (cumulative)
[nb_ridge] solve class 818 228.0s (cumulative)
[nb_ridge] solve class 819 228.2s (cumulative)
[nb_ridge] solve class 820 228.4s (cumulative)
[nb_ridge] solve class 821 228.6s (cumulative)
[nb_ridge] solve class 822 228.8s (cumulative)
[nb_ridge] solve class 823 229.0s (cumulative)
[nb_ridge] solve class 824 229.2s (cumulative)
[nb_ridge] solve class 825 229.4s (cumulative)
[nb_ridge] solve class 826 229.6s (cumulative)
[nb_ridge] solve class 827 229.8s (cumulative)
[nb_ridge] solve class 828 230.0s (cumulative)
[nb_ridge] solve class 829 230.2s (cumulative)
[nb_ridge] solve class 830 230.5s (cumulative)
[nb_ridge] solve class 831 230.7s (cumulative)
[nb_ridge] solve class 832 230.9s (cumulative)
[nb_ridge] solve class 833 231.1s (cumulative)
[nb_ridge] solve class 834 231.3s (cumulative)
[nb_ridge] solve class 835 231.6s (cumulative)
[nb_ridge] solve class 836 231.9s (cumulative)
[nb_ridge] solve class 837 232.2s (cumulative)
[nb_ridge] solve class 838 232.5s (cumulative)
[nb_ridge] solve class 839 232.9s (cumulative)
[nb_ridge] solve class 840 233.2s (cumulative)
[nb_ridge] solve class 841 233.6s (cumulative)
    ridge-select: scale 8 → sel-slice acc 0.1950
    ridge-select: selected 0 — the suite's row below is the single test read, at this posture
    readout-report: best-on-cal max_prob (dispatch 0.1354, max_prob 0.0950, inv_entropy 0.1523 vs dispatch 0.1354; margin 0.005; REPORT-ONLY — the arming lever is demoted, Bench 052)
  [issue-039 corpus guard] s1mb_choice: 464 option label(s) with NO train docs in the corpus pool → self-doc fallback (scores nearly uninformative for them): getting_spare_card, verify_my_identity, virtual_card_not_working, disposable_card_limits, reverted_card_payment?, pending_cash_withdrawal, get_physical_card, lost_or_stolen_card, top_up_by_card_charge, extra_charge_on_statement, automatic_top_up, get_disposable_virtual_card, transfer_not_received_by_recipient, request_refund, pending_card_payment, declined_transfer, age_limit, card_payment_fee_charged, verify_source_of_funds, declined_card_payment, card_payment_wrong_exchange_rate, wrong_amount_of_cash_received, atm_support, transaction_charged_twice, wrong_exchange_rate_for_cash_withdrawal, supported_cards_and_currencies, balance_not_updated_after_bank_transfer, card_swallowed, failed_transfer, cancel_transfer, direct_debit_payment_not_recognised, top_up_limits, exchange_via_app, passcode_forgotten, top_up_by_cash_or_cheque, top_up_by_bank_transfer_charge, beneficiary_not_allowed, compromised_card, unable_to_verify_identity, card_not_working, exchange_rate, card_payment_not_recognised, transfer_into_account, cash_withdrawal_charge, card_arrival, card_acceptance, activate_my_card, transfer_timing, terminate_account, topping_up_by_card, cash_withdrawal_not_recognised, getting_virtual_card, country_support, Refund_not_showing_up, balance_not_updated_after_cheque_or_cash_deposit, change_pin, pending_transfer, edit_personal_details, verify_top_up, pending_top_up, why_verify_identity, card_about_to_expire, exchange_charge, transfer_fee_charged, top_up_failed, fiat_currency_support, card_delivery_estimate, rewards_balance, translate, cancel, maybe, restaurant_reviews, repeat, todo_list, flight_status, last_maintenance, pto_balance, directions, restaurant_reservation, confirm_reservation, order_status, tell_joke, oos, calculator, gas_type, travel_suggestion, share_location, shopping_list, change_language, timezone, yes, book_flight, payday, no, meeting_schedule, do_you_have_pets, order, credit_limit_change, recipe, calendar_update, improve_credit_score, pin_change, update_playlist, cancel_reservation, date, measurement_conversion, definition, oil_change_how, whisper_mode, flip_coin, find_phone, todo_list_update, redeem_rewards, change_user_name, change_ai_name, min_payment, spelling, how_busy, change_accent, schedule_meeting, food_last, international_fees, book_hotel, where_are_you_from, change_volume, are_you_a_bot, tire_change, ingredients_list, current_location, goodbye, insurance_change, w2, pto_used, new_card, traffic, balance, fun_fact, ingredient_substitution, transfer, freeze_account, schedule_maintenance, thank_you, what_is_your_name, gas, vaccines, accept_reservations, transactions, cook_time, distance, routing, report_lost_card, next_song, carry_on, what_song, travel_notification, apr, nutrition_info, who_made_you, next_holiday, bill_balance, reminder_update, how_old_are_you, mpg, rollover_401k, account_blocked, plug_type, card_declined, smart_home, meal_suggestion, direct_deposit, sync_device, pay_bill, uber, pto_request_status, taxes, order_checks, greeting, income, spending_history, calories, reset_settings, expiration_date, tire_pressure, meaning_of_life, make_call, insurance, restaurant_suggestion, interest_rate, credit_limit, bill_due, who_do_you_work_for, report_fraud, roll_dice, change_speed, damaged_card, shopping_list_update, what_are_your_hobbies, lost_luggage, oil_change_when, text, travel_alert, car_rental, international_visa, application_status, jump_start, credit_score, what_can_i_ask_you, replacement_card_duration, pto_request, national_id, company_name, account_number, password, url, -47, -4, 14, 34, 24, 5760, 5756, 5750, 5765, 33, -2, 8, 12, 29, 16, 52, -5, 17, 72, 80, 78, 103, 98, 48, 200, 150, 180, 196, 64, 114, 59, 84, 38, 63, 43, 32, 21, 20, -18, 27, 149, 197, 172, 147, 88, 93, -1, -3, 350, 397, 400, 375, 248, 254, 255, 251, 6580, 6598, 6600, 6593, 293, 305, 288, 13997, 14000, 13993, 14007, -33, 475, 504, 501, 500, 11, 40, 90, 70, 89, 1198, 1194, 1202, 1173, 297, 310, -15, -10, 71, 121, -21, 36, 122, 128, 125, 190, 207, 47, 39, 92, 130, 76, 195, 41, 46, 283, 273, 44, 18, -8, 62, 5, 55, play game, iot coffee, transport traffic, calendar query, qa factoid, play audiobook, iot cleaning, alarm remove, general negate, recommendation events, alarm set, play podcasts, transport query, general commandstop, iot wemo off, music settings, general explain, lists query, general joke, iot hue lightup, email query, takeaway query, play radio, lists remove, music query, recommendation movies, close_no_action, delivery, stop, harmful, qa_stock, recommendation_movies, audio_volume_up, play_audiobook, recommendation_locations, cooking_recipe, datetime_convert, cooking_query, qa_currency, weather_query, music_query, iot_hue_lightdim, iot_hue_lightup, qa_definition, audio_volume_down, general_greet, iot_hue_lightoff, alarm_set, general_quirky, play_podcasts, email_addcontact, cooking, IN:LIKE_MUSIC, IN:GET_RECIPES, IN:GET_TIMER, IN:CREATE_PLAYLIST_MUSIC, IN:PAUSE_MUSIC, IN:SET_DEFAULT_PROVIDER_CALLING, IN:SWITCH_CALL, IN:SET_UNAVAILABLE, IN:GET_EDUCATION_DEGREE, IN:GET_MAJOR, IN:GET_TRACK_INFO_MUSIC, IN:GET_ATTENDEE_EVENT, IN:UPDATE_METHOD_CALL, IN:GET_AVAILABILITY, IN:GET_EMPLOYMENT_TIME, IN:GET_REMINDER_DATE_TIME, IN:CREATE_REMINDER, IN:SKIP_TRACK_MUSIC, IN:GET_AGE, IN:GET_LIFE_EVENT, IN:STOP_SHUFFLE_MUSIC, IN:GET_CALL, IN:MERGE_CALL, IN:DELETE_ALARM, IN:UNLOOP_MUSIC, IN:SET_DEFAULT_PROVIDER_MUSIC, IN:RESUME_CALL, IN:CREATE_CALL, IN:GET_CALL_TIME, IN:GET_CONTACT_METHOD, IN:GET_UNDERGRAD, IN:GET_GENDER, IN:SHARE_EVENT, IN:RESTART_TIMER, IN:SET_RSVP_INTERESTED, IN:QUESTION_NEWS, IN:GET_DETAILS_NEWS, IN:ADD_TIME_TIMER, IN:GET_MESSAGE_CONTACT, IN:ANSWER_CALL, IN:SET_AVAILABLE, IN:UPDATE_REMINDER_LOCATION, IN:REMOVE_FROM_PLAYLIST_MUSIC, IN:PLAY_MEDIA, IN:HOLD_CALL, IN:GET_STORIES_NEWS, IN:GET_EVENT, IN:FOLLOW_MUSIC, IN:GET_AIRQUALITY, IN:CANCEL_CALL, IN:GET_REMINDER_AMOUNT, IN:GET_WEATHER, IN:UPDATE_REMINDER_DATE_TIME, IN:CANCEL_MESSAGE, IN:IS_TRUE_RECIPES, IN:GET_GROUP, IN:PAUSE_TIMER, IN:DISPREFER, IN:CREATE_TIMER, option_9, option_10, option_11, option_12, option_13, option_14, option_15, mixed, SearchHotel, MakePayment, RequestPayment, GetTimesForMovie, BuyMovieTickets, FindRestaurants, SearchHouse, SearchOnewayFlight, LookupMusic, AddAlarm, GetWeather, GetRide, ShareLocation, teacher, supervisor, clerk, lawyer, baker, carpenter, developer, auditor
    modelless: acc 0.2296 · ece(maxp) 0.0437 · p50 0.556 ms · 843.1 s
═══ suite s1mb_noul ═══
    6173 cases / 6173 questions · 2 domains
    slice-integrity: test 6173 (fnv1a64-84180b47f6a27e92) · cal 200 (fnv1a64-8ef8b387238526af) · pool 5974 (fnv1a64-bae132b5e4d2771b) · OK
    nb-select: stratified slice 200 case(s); corpora pool 5974 → 5736 doc(s)
    nb-select: scale 0 (off) → sel-slice acc 0.5000
    nb-select: scale 1 α observed-laplace noul-yes Some(0) view bag → sel-slice acc 0.5150
    nb-select: scale 4 α observed-laplace noul-yes Some(0) view bag → sel-slice acc 0.5150
    nb-select: scale 16 α observed-laplace noul-yes Some(0) view bag → sel-slice acc 0.5150
    nb-select: scale 32 α observed-laplace noul-yes Some(0) view bag → sel-slice acc 0.5150
    nb-select: scale 64 α observed-laplace noul-yes Some(0) view bag → sel-slice acc 0.5150
    nb-select: scale 1 α fixed-1 noul-yes Some(0) view bag → sel-slice acc 0.5300
    nb-select: scale 4 α fixed-1 noul-yes Some(0) view bag → sel-slice acc 0.5300
    nb-select: scale 16 α fixed-1 noul-yes Some(0) view bag → sel-slice acc 0.5300
    nb-select: scale 32 α fixed-1 noul-yes Some(0) view bag → sel-slice acc 0.5300
    nb-select: scale 64 α fixed-1 noul-yes Some(0) view bag → sel-slice acc 0.5300
    nb-select: scale 1 α observed-laplace noul-yes Some(1) view bag → sel-slice acc 0.4850
    nb-select: scale 4 α observed-laplace noul-yes Some(1) view bag → sel-slice acc 0.4850
    nb-select: scale 16 α observed-laplace noul-yes Some(1) view bag → sel-slice acc 0.4850
    nb-select: scale 32 α observed-laplace noul-yes Some(1) view bag → sel-slice acc 0.4850
    nb-select: scale 64 α observed-laplace noul-yes Some(1) view bag → sel-slice acc 0.4850
    nb-select: scale 1 α fixed-1 noul-yes Some(1) view bag → sel-slice acc 0.4700
    nb-select: scale 4 α fixed-1 noul-yes Some(1) view bag → sel-slice acc 0.4700
    nb-select: scale 16 α fixed-1 noul-yes Some(1) view bag → sel-slice acc 0.4700
    nb-select: scale 32 α fixed-1 noul-yes Some(1) view bag → sel-slice acc 0.4700
    nb-select: scale 64 α fixed-1 noul-yes Some(1) view bag → sel-slice acc 0.4700
    nb-select: selected scale 0 α off noul-yes None — the suite's row below is the single test read, at this posture
    oc-select: DECLINED — the suite's train rows carry no per-question gold events to condition on (baseline posture holds, byte-identical)
    ridge-select: stratified slice 200 case(s); corpora pool 5974 → 5736 doc(s)
    ridge-select: scale 0 (off) → sel-slice acc 0.5000
[nb_ridge] tokenize+counts 0.0s (128 docs, 2 classes)
[nb_ridge] solve class 0 0.2s (cumulative)
[nb_ridge] solve class 1 0.4s (cumulative)
    ridge-select: scale 0.5 → sel-slice acc 0.5000
[nb_ridge] tokenize+counts 0.0s (128 docs, 2 classes)
[nb_ridge] solve class 0 0.2s (cumulative)
[nb_ridge] solve class 1 0.4s (cumulative)
    ridge-select: scale 1 → sel-slice acc 0.5000
[nb_ridge] tokenize+counts 0.0s (128 docs, 2 classes)
[nb_ridge] solve class 0 0.2s (cumulative)
[nb_ridge] solve class 1 0.4s (cumulative)
    ridge-select: scale 2 → sel-slice acc 0.5000
[nb_ridge] tokenize+counts 0.0s (128 docs, 2 classes)
[nb_ridge] solve class 0 0.2s (cumulative)
[nb_ridge] solve class 1 0.4s (cumulative)
    ridge-select: scale 4 → sel-slice acc 0.5000
[nb_ridge] tokenize+counts 0.0s (128 docs, 2 classes)
[nb_ridge] solve class 0 0.2s (cumulative)
[nb_ridge] solve class 1 0.4s (cumulative)
    ridge-select: scale 8 → sel-slice acc 0.5000
    ridge-select: selected 0 — the suite's row below is the single test read, at this posture
    readout-report: best-on-cal max_prob (dispatch 0.1200, max_prob 0.0016, inv_entropy 0.1200 vs dispatch 0.1200; margin 0.005; REPORT-ONLY — the arming lever is demoted, Bench 052)
    modelless: acc 0.7055 · ece(maxp) 0.2042 · p50 0.395 ms · 9.1 s
═══ suite s1mb_score ═══
    2571 cases / 2571 questions · 10 domains
    slice-integrity: test 2574 (fnv1a64-49574479b2c3dc4d) · cal 200 (fnv1a64-f36037b81b6b2013) · pool 2374 (fnv1a64-345fee4f7512445c) · cal missing 5: 5,6,7,8,9 · pool missing 5: 5,6,7,8,9 · OK
    nb-select: stratified slice 198 case(s); corpora pool 2374 → 2173 doc(s)
    nb-select: scale 0 (off) → sel-slice acc 0.2172
    nb-select: scale 1 α observed-laplace noul-yes None view bag → sel-slice acc 0.2172
    nb-select: scale 4 α observed-laplace noul-yes None view bag → sel-slice acc 0.2172
    nb-select: scale 16 α observed-laplace noul-yes None view bag → sel-slice acc 0.2172
    nb-select: scale 32 α observed-laplace noul-yes None view bag → sel-slice acc 0.2172
    nb-select: scale 64 α observed-laplace noul-yes None view bag → sel-slice acc 0.2172
    nb-select: scale 1 α fixed-1 noul-yes None view bag → sel-slice acc 0.2172
    nb-select: scale 4 α fixed-1 noul-yes None view bag → sel-slice acc 0.2172
    nb-select: scale 16 α fixed-1 noul-yes None view bag → sel-slice acc 0.2172
    nb-select: scale 32 α fixed-1 noul-yes None view bag → sel-slice acc 0.2172
    nb-select: scale 64 α fixed-1 noul-yes None view bag → sel-slice acc 0.2172
    nb-select: selected scale 0 α off noul-yes None — the suite's row below is the single test read, at this posture
    oc-select: DECLINED — the suite's train rows carry no per-question gold events to condition on (baseline posture holds, byte-identical)
    ridge-select: stratified slice 198 case(s); corpora pool 2374 → 2173 doc(s)
    ridge-select: scale 0 (off) → sel-slice acc 0.2172
[nb_ridge] tokenize+counts 0.0s (85 docs, 10 classes)
[nb_ridge] solve class 0 0.2s (cumulative)
[nb_ridge] solve class 1 0.4s (cumulative)
[nb_ridge] solve class 2 0.6s (cumulative)
[nb_ridge] solve class 3 0.8s (cumulative)
[nb_ridge] solve class 4 1.0s (cumulative)
[nb_ridge] solve class 5 1.1s (cumulative)
[nb_ridge] solve class 6 1.3s (cumulative)
[nb_ridge] solve class 7 1.5s (cumulative)
[nb_ridge] solve class 8 1.7s (cumulative)
[nb_ridge] solve class 9 1.9s (cumulative)
    ridge-select: scale 0.5 → sel-slice acc 0.2172
[nb_ridge] tokenize+counts 0.0s (85 docs, 10 classes)
[nb_ridge] solve class 0 0.2s (cumulative)
[nb_ridge] solve class 1 0.4s (cumulative)
[nb_ridge] solve class 2 0.6s (cumulative)
[nb_ridge] solve class 3 0.7s (cumulative)
[nb_ridge] solve class 4 0.9s (cumulative)
[nb_ridge] solve class 5 1.1s (cumulative)
[nb_ridge] solve class 6 1.3s (cumulative)
[nb_ridge] solve class 7 1.5s (cumulative)
[nb_ridge] solve class 8 1.7s (cumulative)
[nb_ridge] solve class 9 1.8s (cumulative)
    ridge-select: scale 1 → sel-slice acc 0.2172
[nb_ridge] tokenize+counts 0.0s (85 docs, 10 classes)
[nb_ridge] solve class 0 0.2s (cumulative)
[nb_ridge] solve class 1 0.4s (cumulative)
[nb_ridge] solve class 2 0.6s (cumulative)
[nb_ridge] solve class 3 0.7s (cumulative)
[nb_ridge] solve class 4 0.9s (cumulative)
[nb_ridge] solve class 5 1.1s (cumulative)
[nb_ridge] solve class 6 1.3s (cumulative)
[nb_ridge] solve class 7 1.5s (cumulative)
[nb_ridge] solve class 8 1.7s (cumulative)
[nb_ridge] solve class 9 1.8s (cumulative)
    ridge-select: scale 2 → sel-slice acc 0.2172
[nb_ridge] tokenize+counts 0.0s (85 docs, 10 classes)
[nb_ridge] solve class 0 0.2s (cumulative)
[nb_ridge] solve class 1 0.4s (cumulative)
[nb_ridge] solve class 2 0.6s (cumulative)
[nb_ridge] solve class 3 0.8s (cumulative)
[nb_ridge] solve class 4 1.0s (cumulative)
[nb_ridge] solve class 5 1.2s (cumulative)
[nb_ridge] solve class 6 1.4s (cumulative)
[nb_ridge] solve class 7 1.6s (cumulative)
[nb_ridge] solve class 8 1.8s (cumulative)
[nb_ridge] solve class 9 2.0s (cumulative)
    ridge-select: scale 4 → sel-slice acc 0.2172
[nb_ridge] tokenize+counts 0.0s (85 docs, 10 classes)
[nb_ridge] solve class 0 0.2s (cumulative)
[nb_ridge] solve class 1 0.4s (cumulative)
[nb_ridge] solve class 2 0.6s (cumulative)
[nb_ridge] solve class 3 0.8s (cumulative)
[nb_ridge] solve class 4 1.1s (cumulative)
[nb_ridge] solve class 5 1.3s (cumulative)
[nb_ridge] solve class 6 1.5s (cumulative)
[nb_ridge] solve class 7 1.6s (cumulative)
[nb_ridge] solve class 8 1.8s (cumulative)
[nb_ridge] solve class 9 2.0s (cumulative)
    ridge-select: scale 8 → sel-slice acc 0.2172
    ridge-select: selected 0 — the suite's row below is the single test read, at this posture
    readout-report: best-on-cal dispatch (dispatch 0.0007, max_prob 0.0542, inv_entropy 0.0000 vs dispatch 0.0007; margin 0.005; REPORT-ONLY — the arming lever is demoted, Bench 052)
  [issue-039 corpus guard] s1mb_score: 5 option label(s) with NO train docs in the corpus pool → self-doc fallback (scores nearly uninformative for them): 5, 6, 7, 8, 9
    modelless: acc 0.4982 · ece(maxp) 0.2923 · p50 0.312 ms · 13.7 s
═══ suite typed_decisions ═══
    400 cases / 2000 questions · 4 domains
    slice-integrity: test 400 (fnv1a64-287d5f73a11932cd) · cal 100 (fnv1a64-0b6e8426558b0d1e) · pool 1100 (fnv1a64-a1679de56e9278b1) · OK
    nb-select: stratified slice 100 case(s); corpora pool 1100 → 1000 doc(s)
    nb-select: scale 0 (off) → sel-slice acc 0.3180
    nb-select: scale 1 α observed-laplace noul-yes None view bag → sel-slice acc 0.3180
    nb-select: scale 4 α observed-laplace noul-yes None view bag → sel-slice acc 0.3180
    nb-select: scale 16 α observed-laplace noul-yes None view bag → sel-slice acc 0.3180
    nb-select: scale 32 α observed-laplace noul-yes None view bag → sel-slice acc 0.3180
    nb-select: scale 64 α observed-laplace noul-yes None view bag → sel-slice acc 0.3180
    nb-select: scale 1 α fixed-1 noul-yes None view bag → sel-slice acc 0.3180
    nb-select: scale 4 α fixed-1 noul-yes None view bag → sel-slice acc 0.3180
    nb-select: scale 16 α fixed-1 noul-yes None view bag → sel-slice acc 0.3180
    nb-select: scale 32 α fixed-1 noul-yes None view bag → sel-slice acc 0.3180
    nb-select: scale 64 α fixed-1 noul-yes None view bag → sel-slice acc 0.3180
    nb-select: selected scale 0 α off noul-yes None — the suite's row below is the single test read, at this posture
    oc-select: stratified slice 100 case(s); corpora pool 1100 → 1000 doc(s)
    oc-select: scale 0 (off) → sel-slice acc 0.3180
    oc-select: scale 0.25 → sel-slice acc 0.5400
    oc-select: scale 0.5 → sel-slice acc 0.5320
    oc-select: scale 1 → sel-slice acc 0.5360
    oc-select: scale 2 → sel-slice acc 0.5360
    oc-select: scale 4 → sel-slice acc 0.5380
    oc-select: scale 8 → sel-slice acc 0.5360
    oc-select: selected 0.25 — the suite's row below is the single test read, at this posture
    ridge-select: stratified slice 100 case(s); corpora pool 1100 → 1000 doc(s)
    ridge-select: scale 0 (off) → sel-slice acc 0.5400
[nb_ridge] tokenize+counts 0.0s (192 docs, 4 classes)
[nb_ridge] solve class 0 0.2s (cumulative)
[nb_ridge] solve class 1 0.4s (cumulative)
[nb_ridge] solve class 2 0.7s (cumulative)
[nb_ridge] solve class 3 1.3s (cumulative)
    ridge-select: scale 0.5 → sel-slice acc 0.5400
[nb_ridge] tokenize+counts 0.0s (192 docs, 4 classes)
[nb_ridge] solve class 0 0.3s (cumulative)
[nb_ridge] solve class 1 0.5s (cumulative)
[nb_ridge] solve class 2 0.7s (cumulative)
[nb_ridge] solve class 3 1.0s (cumulative)
    ridge-select: scale 1 → sel-slice acc 0.5400
[nb_ridge] tokenize+counts 0.0s (192 docs, 4 classes)
[nb_ridge] solve class 0 0.2s (cumulative)
[nb_ridge] solve class 1 0.4s (cumulative)
[nb_ridge] solve class 2 0.7s (cumulative)
[nb_ridge] solve class 3 0.9s (cumulative)
    ridge-select: scale 2 → sel-slice acc 0.5400
[nb_ridge] tokenize+counts 0.0s (192 docs, 4 classes)
[nb_ridge] solve class 0 0.2s (cumulative)
[nb_ridge] solve class 1 0.5s (cumulative)
[nb_ridge] solve class 2 0.7s (cumulative)
[nb_ridge] solve class 3 0.9s (cumulative)
    ridge-select: scale 4 → sel-slice acc 0.5400
[nb_ridge] tokenize+counts 0.0s (192 docs, 4 classes)
[nb_ridge] solve class 0 0.3s (cumulative)
[nb_ridge] solve class 1 0.5s (cumulative)
[nb_ridge] solve class 2 0.7s (cumulative)
[nb_ridge] solve class 3 0.9s (cumulative)
    ridge-select: scale 8 → sel-slice acc 0.5400
    ridge-select: selected 0 — the suite's row below is the single test read, at this posture
    readout-report: best-on-cal max_prob (dispatch 0.5529, max_prob 0.2031, inv_entropy 0.5529 vs dispatch 0.5529; margin 0.005; REPORT-ONLY — the arming lever is demoted, Bench 052)
    modelless: acc 0.5700 · ece(maxp) 0.2154 · p50 1.031 ms · 11.6 s
═══ suite ag_news ═══
    400 cases / 400 questions · 4 domains
    slice-integrity: test 400 (fnv1a64-238133933bb8d6fc) · cal 200 (fnv1a64-96c58e69e7c6048e) · pool 19800 (fnv1a64-996876e41929dc33) · OK
    nb-select: stratified slice 200 case(s); corpora pool 19800 → 19600 doc(s)
    nb-select: scale 0 (off) → sel-slice acc 0.3900
    nb-select: scale 1 α observed-laplace noul-yes None view bag → sel-slice acc 0.7000
    nb-select: scale 4 α observed-laplace noul-yes None view bag → sel-slice acc 0.7450
    nb-select: scale 16 α observed-laplace noul-yes None view bag → sel-slice acc 0.7450
    nb-select: scale 32 α observed-laplace noul-yes None view bag → sel-slice acc 0.7450
    nb-select: scale 64 α observed-laplace noul-yes None view bag → sel-slice acc 0.7450
    nb-select: scale 1 α fixed-1 noul-yes None view bag → sel-slice acc 0.7000
    nb-select: scale 4 α fixed-1 noul-yes None view bag → sel-slice acc 0.7450
    nb-select: scale 16 α fixed-1 noul-yes None view bag → sel-slice acc 0.7450
    nb-select: scale 32 α fixed-1 noul-yes None view bag → sel-slice acc 0.7450
    nb-select: scale 64 α fixed-1 noul-yes None view bag → sel-slice acc 0.7450
    nb-select: selected scale 4 α observed-laplace noul-yes None — the suite's row below is the single test read, at this posture
    oc-select: DECLINED — the suite's train rows carry no per-question gold events to condition on (baseline posture holds, byte-identical)
    ridge-select: stratified slice 200 case(s); corpora pool 19800 → 19600 doc(s)
    ridge-select: scale 0 (off) → sel-slice acc 0.7450
[nb_ridge] tokenize+counts 0.1s (19600 docs, 4 classes)
[nb_ridge] solve class 0 0.6s (cumulative)
[nb_ridge] solve class 1 1.0s (cumulative)
[nb_ridge] solve class 2 1.4s (cumulative)
[nb_ridge] solve class 3 1.8s (cumulative)
    ridge-select: scale 0.5 → sel-slice acc 0.7350
[nb_ridge] tokenize+counts 0.1s (19600 docs, 4 classes)
[nb_ridge] solve class 0 0.6s (cumulative)
[nb_ridge] solve class 1 1.0s (cumulative)
[nb_ridge] solve class 2 1.4s (cumulative)
[nb_ridge] solve class 3 1.8s (cumulative)
    ridge-select: scale 1 → sel-slice acc 0.7350
[nb_ridge] tokenize+counts 0.1s (19600 docs, 4 classes)
[nb_ridge] solve class 0 0.6s (cumulative)
[nb_ridge] solve class 1 1.0s (cumulative)
[nb_ridge] solve class 2 1.4s (cumulative)
[nb_ridge] solve class 3 1.7s (cumulative)
    ridge-select: scale 2 → sel-slice acc 0.7400
[nb_ridge] tokenize+counts 0.1s (19600 docs, 4 classes)
[nb_ridge] solve class 0 1.7s (cumulative)
[nb_ridge] solve class 1 2.3s (cumulative)
[nb_ridge] solve class 2 2.7s (cumulative)
[nb_ridge] solve class 3 3.1s (cumulative)
    ridge-select: scale 4 → sel-slice acc 0.7350
[nb_ridge] tokenize+counts 0.1s (19600 docs, 4 classes)
[nb_ridge] solve class 0 0.6s (cumulative)
[nb_ridge] solve class 1 1.0s (cumulative)
[nb_ridge] solve class 2 1.4s (cumulative)
[nb_ridge] solve class 3 1.7s (cumulative)
    ridge-select: scale 8 → sel-slice acc 0.7400
    ridge-select: selected 0 — the suite's row below is the single test read, at this posture
    readout-report: best-on-cal max_prob (dispatch 0.8204, max_prob 0.4857, inv_entropy 0.8204 vs dispatch 0.8204; margin 0.005; REPORT-ONLY — the arming lever is demoted, Bench 052)
    modelless: acc 0.8825 · ece(maxp) 0.4783 · p50 0.241 ms · 13.1 s
═══ suite emotion ═══
    400 cases / 400 questions · 6 domains
    slice-integrity: test 400 (fnv1a64-36f3eb1067bed96a) · cal 200 (fnv1a64-f2ec48ed7070889c) · pool 15799 (fnv1a64-8ef2b2af400721fd) · OK
    nb-select: stratified slice 200 case(s); corpora pool 15799 → 15599 doc(s)
    nb-select: scale 0 (off) → sel-slice acc 0.1950
    nb-select: scale 1 α observed-laplace noul-yes None view bag → sel-slice acc 0.5350
    nb-select: scale 4 α observed-laplace noul-yes None view bag → sel-slice acc 0.5500
    nb-select: scale 16 α observed-laplace noul-yes None view bag → sel-slice acc 0.5500
    nb-select: scale 32 α observed-laplace noul-yes None view bag → sel-slice acc 0.5500
    nb-select: scale 64 α observed-laplace noul-yes None view bag → sel-slice acc 0.5500
    nb-select: scale 1 α fixed-1 noul-yes None view bag → sel-slice acc 0.4650
    nb-select: scale 4 α fixed-1 noul-yes None view bag → sel-slice acc 0.4850
    nb-select: scale 16 α fixed-1 noul-yes None view bag → sel-slice acc 0.4850
    nb-select: scale 32 α fixed-1 noul-yes None view bag → sel-slice acc 0.4850
    nb-select: scale 64 α fixed-1 noul-yes None view bag → sel-slice acc 0.4850
    nb-select: selected scale 4 α observed-laplace noul-yes None — the suite's row below is the single test read, at this posture
    oc-select: DECLINED — the suite's train rows carry no per-question gold events to condition on (baseline posture holds, byte-identical)
    ridge-select: stratified slice 200 case(s); corpora pool 15799 → 15599 doc(s)
    ridge-select: scale 0 (off) → sel-slice acc 0.5500
[nb_ridge] tokenize+counts 0.0s (15599 docs, 6 classes)
[nb_ridge] solve class 0 0.7s (cumulative)
[nb_ridge] solve class 1 1.1s (cumulative)
[nb_ridge] solve class 2 1.9s (cumulative)
[nb_ridge] solve class 3 2.9s (cumulative)
[nb_ridge] solve class 4 3.4s (cumulative)
[nb_ridge] solve class 5 3.8s (cumulative)
    ridge-select: scale 0.5 → sel-slice acc 0.5800
[nb_ridge] tokenize+counts 0.0s (15599 docs, 6 classes)
[nb_ridge] solve class 0 0.5s (cumulative)
[nb_ridge] solve class 1 0.9s (cumulative)
[nb_ridge] solve class 2 1.2s (cumulative)
[nb_ridge] solve class 3 1.6s (cumulative)
[nb_ridge] solve class 4 2.0s (cumulative)
[nb_ridge] solve class 5 2.5s (cumulative)
    ridge-select: scale 1 → sel-slice acc 0.6400
[nb_ridge] tokenize+counts 0.0s (15599 docs, 6 classes)
[nb_ridge] solve class 0 1.0s (cumulative)
[nb_ridge] solve class 1 1.7s (cumulative)
[nb_ridge] solve class 2 2.2s (cumulative)
[nb_ridge] solve class 3 2.9s (cumulative)
[nb_ridge] solve class 4 3.3s (cumulative)
[nb_ridge] solve class 5 3.7s (cumulative)
    ridge-select: scale 2 → sel-slice acc 0.6900
[nb_ridge] tokenize+counts 0.0s (15599 docs, 6 classes)
[nb_ridge] solve class 0 0.5s (cumulative)
[nb_ridge] solve class 1 0.9s (cumulative)
[nb_ridge] solve class 2 1.4s (cumulative)
[nb_ridge] solve class 3 1.9s (cumulative)
[nb_ridge] solve class 4 2.7s (cumulative)
[nb_ridge] solve class 5 3.1s (cumulative)
    ridge-select: scale 4 → sel-slice acc 0.7350
[nb_ridge] tokenize+counts 0.0s (15599 docs, 6 classes)
[nb_ridge] solve class 0 0.3s (cumulative)
[nb_ridge] solve class 1 0.5s (cumulative)
[nb_ridge] solve class 2 0.7s (cumulative)
[nb_ridge] solve class 3 0.9s (cumulative)
[nb_ridge] solve class 4 1.2s (cumulative)
[nb_ridge] solve class 5 1.4s (cumulative)
    ridge-select: scale 8 → sel-slice acc 0.7600
    ridge-select: selected 8 — the suite's row below is the single test read, at this posture
[nb_ridge] tokenize+counts 0.0s (15799 docs, 6 classes)
[nb_ridge] solve class 0 0.3s (cumulative)
[nb_ridge] solve class 1 0.5s (cumulative)
[nb_ridge] solve class 2 0.7s (cumulative)
[nb_ridge] solve class 3 0.9s (cumulative)
[nb_ridge] solve class 4 1.2s (cumulative)
[nb_ridge] solve class 5 1.4s (cumulative)
[nb_ridge] tokenize+counts 0.0s (15799 docs, 6 classes)
[nb_ridge] solve class 0 0.5s (cumulative)
[nb_ridge] solve class 1 0.9s (cumulative)
[nb_ridge] solve class 2 1.3s (cumulative)
[nb_ridge] solve class 3 1.7s (cumulative)
[nb_ridge] solve class 4 2.1s (cumulative)
[nb_ridge] solve class 5 2.4s (cumulative)
    readout-report: best-on-cal max_prob (dispatch 0.7589, max_prob 0.5274, inv_entropy 0.7589 vs dispatch 0.7589; margin 0.005; REPORT-ONLY — the arming lever is demoted, Bench 052)
[nb_ridge] tokenize+counts 0.0s (15799 docs, 6 classes)
[nb_ridge] solve class 0 0.4s (cumulative)
[nb_ridge] solve class 1 0.8s (cumulative)
[nb_ridge] solve class 2 1.2s (cumulative)
[nb_ridge] solve class 3 1.7s (cumulative)
[nb_ridge] solve class 4 2.1s (cumulative)
[nb_ridge] solve class 5 2.5s (cumulative)
[nb_ridge] tokenize+counts 0.0s (15799 docs, 6 classes)
[nb_ridge] solve class 0 0.5s (cumulative)
[nb_ridge] solve class 1 1.3s (cumulative)
[nb_ridge] solve class 2 3.4s (cumulative)
[nb_ridge] solve class 3 5.3s (cumulative)
[nb_ridge] solve class 4 7.6s (cumulative)
[nb_ridge] solve class 5 8.9s (cumulative)
[nb_ridge] tokenize+counts 0.0s (15799 docs, 6 classes)
[nb_ridge] solve class 0 0.4s (cumulative)
[nb_ridge] solve class 1 0.8s (cumulative)
[nb_ridge] solve class 2 1.1s (cumulative)
[nb_ridge] solve class 3 1.4s (cumulative)
[nb_ridge] solve class 4 1.7s (cumulative)
[nb_ridge] solve class 5 2.1s (cumulative)
[nb_ridge] tokenize+counts 0.0s (15999 docs, 6 classes)
[nb_ridge] solve class 0 0.4s (cumulative)
[nb_ridge] solve class 1 0.8s (cumulative)
[nb_ridge] solve class 2 1.1s (cumulative)
[nb_ridge] solve class 3 1.4s (cumulative)
[nb_ridge] solve class 4 1.7s (cumulative)
[nb_ridge] solve class 5 2.1s (cumulative)
[nb_ridge] tokenize+counts 0.0s (15999 docs, 6 classes)
[nb_ridge] solve class 0 0.4s (cumulative)
[nb_ridge] solve class 1 0.6s (cumulative)
[nb_ridge] solve class 2 1.0s (cumulative)
[nb_ridge] solve class 3 1.3s (cumulative)
[nb_ridge] solve class 4 1.6s (cumulative)
[nb_ridge] solve class 5 1.9s (cumulative)
    modelless: acc 0.8850 · ece(maxp) 0.6182 · p50 0.191 ms · 38.3 s
═══ suite sst5 ═══
    600 cases / 600 questions · 5 domains
    slice-integrity: test 600 (fnv1a64-67fe9666fa0c3a6f) · cal 200 (fnv1a64-d210e7c6707c3d40) · pool 8333 (fnv1a64-b46434b82644c53b) · OK
    nb-select: stratified slice 200 case(s); corpora pool 8333 → 8133 doc(s)
    nb-select: scale 0 (off) → sel-slice acc 0.2400
    nb-select: scale 1 α observed-laplace noul-yes None view bag → sel-slice acc 0.3300
    nb-select: scale 4 α observed-laplace noul-yes None view bag → sel-slice acc 0.3550
    nb-select: scale 16 α observed-laplace noul-yes None view bag → sel-slice acc 0.3600
    nb-select: scale 32 α observed-laplace noul-yes None view bag → sel-slice acc 0.3600
    nb-select: scale 64 α observed-laplace noul-yes None view bag → sel-slice acc 0.3600
    nb-select: scale 1 α fixed-1 noul-yes None view bag → sel-slice acc 0.3150
    nb-select: scale 4 α fixed-1 noul-yes None view bag → sel-slice acc 0.3400
    nb-select: scale 16 α fixed-1 noul-yes None view bag → sel-slice acc 0.3400
    nb-select: scale 32 α fixed-1 noul-yes None view bag → sel-slice acc 0.3350
    nb-select: scale 64 α fixed-1 noul-yes None view bag → sel-slice acc 0.3350
    nb-select: selected scale 16 α observed-laplace noul-yes None — the suite's row below is the single test read, at this posture
    oc-select: DECLINED — the suite's train rows carry no per-question gold events to condition on (baseline posture holds, byte-identical)
    ridge-select: stratified slice 200 case(s); corpora pool 8333 → 8133 doc(s)
    ridge-select: scale 0 (off) → sel-slice acc 0.3600
[nb_ridge] tokenize+counts 0.0s (8133 docs, 5 classes)
[nb_ridge] solve class 0 0.4s (cumulative)
[nb_ridge] solve class 1 0.7s (cumulative)
[nb_ridge] solve class 2 1.0s (cumulative)
[nb_ridge] solve class 3 1.4s (cumulative)
[nb_ridge] solve class 4 1.8s (cumulative)
    ridge-select: scale 0.5 → sel-slice acc 0.3550
[nb_ridge] tokenize+counts 0.0s (8133 docs, 5 classes)
[nb_ridge] solve class 0 0.3s (cumulative)
[nb_ridge] solve class 1 0.6s (cumulative)
[nb_ridge] solve class 2 1.0s (cumulative)
[nb_ridge] solve class 3 1.3s (cumulative)
[nb_ridge] solve class 4 1.7s (cumulative)
    ridge-select: scale 1 → sel-slice acc 0.3600
[nb_ridge] tokenize+counts 0.0s (8133 docs, 5 classes)
[nb_ridge] solve class 0 0.4s (cumulative)
[nb_ridge] solve class 1 0.8s (cumulative)
[nb_ridge] solve class 2 1.1s (cumulative)
[nb_ridge] solve class 3 1.4s (cumulative)
[nb_ridge] solve class 4 1.7s (cumulative)
    ridge-select: scale 2 → sel-slice acc 0.3700
[nb_ridge] tokenize+counts 0.0s (8133 docs, 5 classes)
[nb_ridge] solve class 0 0.4s (cumulative)
[nb_ridge] solve class 1 0.7s (cumulative)
[nb_ridge] solve class 2 1.1s (cumulative)
[nb_ridge] solve class 3 1.4s (cumulative)
[nb_ridge] solve class 4 1.7s (cumulative)
    ridge-select: scale 4 → sel-slice acc 0.3900
[nb_ridge] tokenize+counts 0.0s (8133 docs, 5 classes)
[nb_ridge] solve class 0 0.4s (cumulative)
[nb_ridge] solve class 1 0.7s (cumulative)
[nb_ridge] solve class 2 1.0s (cumulative)
[nb_ridge] solve class 3 1.3s (cumulative)
[nb_ridge] solve class 4 1.6s (cumulative)
    ridge-select: scale 8 → sel-slice acc 0.4000
    ridge-select: selected 0 — the suite's row below is the single test read, at this posture
    readout-report: best-on-cal max_prob (dispatch 0.2755, max_prob 0.0465, inv_entropy 0.2755 vs dispatch 0.2755; margin 0.005; REPORT-ONLY — the arming lever is demoted, Bench 052)
    modelless: acc 0.3967 · ece(maxp) 0.1389 · p50 0.136 ms · 10.3 s
═══ suite prompt_injections ═══
    116 cases / 116 questions · 2 domains
    slice-integrity: test 116 (fnv1a64-a6a375f0273e0bef) · cal 100 (fnv1a64-a45e6561b2a98ff1) · pool 446 (fnv1a64-8b32b961bbd47195) · OK
    nb-select: stratified slice 100 case(s); corpora pool 446 → 346 doc(s)
    nb-select: scale 0 (off) → sel-slice acc 0.5000
    nb-select: scale 1 α observed-laplace noul-yes Some(0) view bag → sel-slice acc 0.3900
    nb-select: scale 4 α observed-laplace noul-yes Some(0) view bag → sel-slice acc 0.3900
    nb-select: scale 16 α observed-laplace noul-yes Some(0) view bag → sel-slice acc 0.3900
    nb-select: scale 32 α observed-laplace noul-yes Some(0) view bag → sel-slice acc 0.3900
    nb-select: scale 64 α observed-laplace noul-yes Some(0) view bag → sel-slice acc 0.3900
    nb-select: scale 1 α fixed-1 noul-yes Some(0) view bag → sel-slice acc 0.5000
    nb-select: scale 4 α fixed-1 noul-yes Some(0) view bag → sel-slice acc 0.4900
    nb-select: scale 16 α fixed-1 noul-yes Some(0) view bag → sel-slice acc 0.4900
    nb-select: scale 32 α fixed-1 noul-yes Some(0) view bag → sel-slice acc 0.4900
    nb-select: scale 64 α fixed-1 noul-yes Some(0) view bag → sel-slice acc 0.4900
    nb-select: scale 1 α observed-laplace noul-yes Some(1) view bag → sel-slice acc 0.6100
    nb-select: scale 4 α observed-laplace noul-yes Some(1) view bag → sel-slice acc 0.6100
    nb-select: scale 16 α observed-laplace noul-yes Some(1) view bag → sel-slice acc 0.6100
    nb-select: scale 32 α observed-laplace noul-yes Some(1) view bag → sel-slice acc 0.6100
    nb-select: scale 64 α observed-laplace noul-yes Some(1) view bag → sel-slice acc 0.6100
    nb-select: scale 1 α fixed-1 noul-yes Some(1) view bag → sel-slice acc 0.5100
    nb-select: scale 4 α fixed-1 noul-yes Some(1) view bag → sel-slice acc 0.5100
    nb-select: scale 16 α fixed-1 noul-yes Some(1) view bag → sel-slice acc 0.5100
    nb-select: scale 32 α fixed-1 noul-yes Some(1) view bag → sel-slice acc 0.5100
    nb-select: scale 64 α fixed-1 noul-yes Some(1) view bag → sel-slice acc 0.5100
    nb-select: selected scale 1 α observed-laplace noul-yes Some(1) — the suite's row below is the single test read, at this posture
    oc-select: DECLINED — the suite's train rows carry no per-question gold events to condition on (baseline posture holds, byte-identical)
    ridge-select: stratified slice 100 case(s); corpora pool 446 → 346 doc(s)
    ridge-select: scale 0 (off) → sel-slice acc 0.6100
[nb_ridge] tokenize+counts 0.0s (346 docs, 2 classes)
[nb_ridge] solve class 0 0.3s (cumulative)
[nb_ridge] solve class 1 0.6s (cumulative)
    ridge-select: scale 0.5 → sel-slice acc 0.6100
[nb_ridge] tokenize+counts 0.0s (346 docs, 2 classes)
[nb_ridge] solve class 0 0.4s (cumulative)
[nb_ridge] solve class 1 0.7s (cumulative)
    ridge-select: scale 1 → sel-slice acc 0.6100
[nb_ridge] tokenize+counts 0.0s (346 docs, 2 classes)
[nb_ridge] solve class 0 0.3s (cumulative)
[nb_ridge] solve class 1 0.6s (cumulative)
    ridge-select: scale 2 → sel-slice acc 0.6100
[nb_ridge] tokenize+counts 0.0s (346 docs, 2 classes)
[nb_ridge] solve class 0 0.3s (cumulative)
[nb_ridge] solve class 1 0.6s (cumulative)
    ridge-select: scale 4 → sel-slice acc 0.6100
[nb_ridge] tokenize+counts 0.0s (346 docs, 2 classes)
[nb_ridge] solve class 0 0.3s (cumulative)
[nb_ridge] solve class 1 0.6s (cumulative)
    ridge-select: scale 8 → sel-slice acc 0.6100
    ridge-select: selected 0 — the suite's row below is the single test read, at this posture
    readout-report: best-on-cal max_prob (dispatch 0.6831, max_prob 0.1165, inv_entropy 0.6831 vs dispatch 0.6831; margin 0.005; REPORT-ONLY — the arming lever is demoted, Bench 052)
    modelless: acc 0.7672 · ece(maxp) 0.1336 · p50 0.105 ms · 3.8 s
═══ suite xnli_en ═══
    300 cases / 300 questions · 3 domains
    slice-integrity: test 300 (fnv1a64-614262484399affa) · cal 200 (fnv1a64-b8126a40673cc7c6) · pool 19800 (fnv1a64-f3f8f200eba61985) · OK
    nb-select: stratified slice 200 case(s); corpora pool 19800 → 19600 doc(s)
    nb-select: scale 0 (off) → sel-slice acc 0.3650
    nb-select: scale 1 α observed-laplace noul-yes None view bag → sel-slice acc 0.3100
    nb-select: scale 4 α observed-laplace noul-yes None view bag → sel-slice acc 0.3400
    nb-select: scale 16 α observed-laplace noul-yes None view bag → sel-slice acc 0.3250
    nb-select: scale 32 α observed-laplace noul-yes None view bag → sel-slice acc 0.3250
    nb-select: scale 64 α observed-laplace noul-yes None view bag → sel-slice acc 0.3200
    nb-select: scale 1 α fixed-1 noul-yes None view bag → sel-slice acc 0.3100
    nb-select: scale 4 α fixed-1 noul-yes None view bag → sel-slice acc 0.3300
    nb-select: scale 16 α fixed-1 noul-yes None view bag → sel-slice acc 0.3250
    nb-select: scale 32 α fixed-1 noul-yes None view bag → sel-slice acc 0.3300
    nb-select: scale 64 α fixed-1 noul-yes None view bag → sel-slice acc 0.3300
    nb-select: scale 1 α observed-laplace noul-yes None view pair → sel-slice acc 0.5600
    nb-select: scale 4 α observed-laplace noul-yes None view pair → sel-slice acc 0.5500
    nb-select: scale 16 α observed-laplace noul-yes None view pair → sel-slice acc 0.5500
    nb-select: scale 32 α observed-laplace noul-yes None view pair → sel-slice acc 0.5500
    nb-select: scale 64 α observed-laplace noul-yes None view pair → sel-slice acc 0.5500
    nb-select: scale 1 α fixed-1 noul-yes None view pair → sel-slice acc 0.5600
    nb-select: scale 4 α fixed-1 noul-yes None view pair → sel-slice acc 0.5800
    nb-select: scale 16 α fixed-1 noul-yes None view pair → sel-slice acc 0.5700
    nb-select: scale 32 α fixed-1 noul-yes None view pair → sel-slice acc 0.5650
    nb-select: scale 64 α fixed-1 noul-yes None view pair → sel-slice acc 0.5550
    nb-select: selected scale 4 α fixed-1 noul-yes None — the suite's row below is the single test read, at this posture
    oc-select: DECLINED — the suite's train rows carry no per-question gold events to condition on (baseline posture holds, byte-identical)
    ridge-select: stratified slice 200 case(s); corpora pool 19800 → 19600 doc(s)
    ridge-select: scale 0 (off) → sel-slice acc 0.5800
[nb_ridge] tokenize+counts 0.1s (19600 docs, 3 classes)
[nb_ridge] solve class 0 0.5s (cumulative)
[nb_ridge] solve class 1 0.8s (cumulative)
[nb_ridge] solve class 2 1.1s (cumulative)
    ridge-select: scale 0.5 → sel-slice acc 0.5550
[nb_ridge] tokenize+counts 0.1s (19600 docs, 3 classes)
[nb_ridge] solve class 0 0.5s (cumulative)
[nb_ridge] solve class 1 0.8s (cumulative)
[nb_ridge] solve class 2 1.1s (cumulative)
    ridge-select: scale 1 → sel-slice acc 0.5400
[nb_ridge] tokenize+counts 0.1s (19600 docs, 3 classes)
[nb_ridge] solve class 0 0.5s (cumulative)
[nb_ridge] solve class 1 0.8s (cumulative)
[nb_ridge] solve class 2 1.2s (cumulative)
    ridge-select: scale 2 → sel-slice acc 0.5050
[nb_ridge] tokenize+counts 0.1s (19600 docs, 3 classes)
[nb_ridge] solve class 0 0.5s (cumulative)
[nb_ridge] solve class 1 0.9s (cumulative)
[nb_ridge] solve class 2 1.2s (cumulative)
    ridge-select: scale 4 → sel-slice acc 0.4550
[nb_ridge] tokenize+counts 0.1s (19600 docs, 3 classes)
[nb_ridge] solve class 0 0.5s (cumulative)
[nb_ridge] solve class 1 0.8s (cumulative)
[nb_ridge] solve class 2 1.2s (cumulative)
    ridge-select: scale 8 → sel-slice acc 0.4400
    ridge-select: selected 0 — the suite's row below is the single test read, at this posture
    readout-report: best-on-cal max_prob (dispatch 0.5868, max_prob 0.2135, inv_entropy 0.5868 vs dispatch 0.5868; margin 0.005; REPORT-ONLY — the arming lever is demoted, Bench 052)
    modelless: acc 0.5233 · ece(maxp) 0.1383 · p50 0.147 ms · 8.8 s
═══ suite massive_intent_en ═══
    300 cases / 300 questions · 59 domains
    slice-integrity: test 300 (fnv1a64-328f111f90d7a0c1) · cal 200 (fnv1a64-74b76416cdd836d5) · pool 11314 (fnv1a64-fb5a4f0d9147dc0d) · OK
    nb-select: stratified slice 200 case(s); corpora pool 11314 → 11111 doc(s)
    nb-select: scale 0 (off) → sel-slice acc 0.4450
    nb-select: scale 1 α observed-laplace noul-yes None view bag → sel-slice acc 0.5800
    nb-select: scale 4 α observed-laplace noul-yes None view bag → sel-slice acc 0.6000
    nb-select: scale 16 α observed-laplace noul-yes None view bag → sel-slice acc 0.5900
    nb-select: scale 32 α observed-laplace noul-yes None view bag → sel-slice acc 0.5900
    nb-select: scale 64 α observed-laplace noul-yes None view bag → sel-slice acc 0.5900
    nb-select: scale 1 α fixed-1 noul-yes None view bag → sel-slice acc 0.5450
    nb-select: scale 4 α fixed-1 noul-yes None view bag → sel-slice acc 0.5800
    nb-select: scale 16 α fixed-1 noul-yes None view bag → sel-slice acc 0.5600
    nb-select: scale 32 α fixed-1 noul-yes None view bag → sel-slice acc 0.5600
    nb-select: scale 64 α fixed-1 noul-yes None view bag → sel-slice acc 0.5600
    nb-select: selected scale 4 α observed-laplace noul-yes None — the suite's row below is the single test read, at this posture
    oc-select: DECLINED — the suite's train rows carry no per-question gold events to condition on (baseline posture holds, byte-identical)
    ridge-select: stratified slice 200 case(s); corpora pool 11314 → 11111 doc(s)
    ridge-select: scale 0 (off) → sel-slice acc 0.6000
[nb_ridge] tokenize+counts 0.0s (11110 docs, 59 classes)
[nb_ridge] solve class 0 0.3s (cumulative)
[nb_ridge] solve class 1 0.5s (cumulative)
[nb_ridge] solve class 2 0.7s (cumulative)
[nb_ridge] solve class 3 0.9s (cumulative)
[nb_ridge] solve class 4 1.2s (cumulative)
[nb_ridge] solve class 5 1.4s (cumulative)
[nb_ridge] solve class 6 1.7s (cumulative)
[nb_ridge] solve class 7 1.9s (cumulative)
[nb_ridge] solve class 8 2.2s (cumulative)
[nb_ridge] solve class 9 2.4s (cumulative)
[nb_ridge] solve class 10 2.6s (cumulative)
[nb_ridge] solve class 11 2.8s (cumulative)
[nb_ridge] solve class 12 3.1s (cumulative)
[nb_ridge] solve class 13 3.3s (cumulative)
[nb_ridge] solve class 14 3.5s (cumulative)
[nb_ridge] solve class 15 3.7s (cumulative)
[nb_ridge] solve class 16 3.9s (cumulative)
[nb_ridge] solve class 17 4.1s (cumulative)
[nb_ridge] solve class 18 4.4s (cumulative)
[nb_ridge] solve class 19 4.6s (cumulative)
[nb_ridge] solve class 20 4.8s (cumulative)
[nb_ridge] solve class 21 5.0s (cumulative)
[nb_ridge] solve class 22 5.2s (cumulative)
[nb_ridge] solve class 23 5.5s (cumulative)
[nb_ridge] solve class 24 5.8s (cumulative)
[nb_ridge] solve class 25 6.0s (cumulative)
[nb_ridge] solve class 26 6.3s (cumulative)
[nb_ridge] solve class 27 6.5s (cumulative)
[nb_ridge] solve class 28 6.8s (cumulative)
[nb_ridge] solve class 29 7.0s (cumulative)
[nb_ridge] solve class 30 7.3s (cumulative)
[nb_ridge] solve class 31 7.5s (cumulative)
[nb_ridge] solve class 32 7.8s (cumulative)
[nb_ridge] solve class 33 8.0s (cumulative)
[nb_ridge] solve class 34 8.2s (cumulative)
[nb_ridge] solve class 35 8.5s (cumulative)
[nb_ridge] solve class 36 8.7s (cumulative)
[nb_ridge] solve class 37 9.0s (cumulative)
[nb_ridge] solve class 38 9.2s (cumulative)
[nb_ridge] solve class 39 9.4s (cumulative)
[nb_ridge] solve class 40 9.6s (cumulative)
[nb_ridge] solve class 41 9.9s (cumulative)
[nb_ridge] solve class 42 10.1s (cumulative)
[nb_ridge] solve class 43 10.3s (cumulative)
[nb_ridge] solve class 44 10.5s (cumulative)
[nb_ridge] solve class 45 10.8s (cumulative)
[nb_ridge] solve class 46 11.0s (cumulative)
[nb_ridge] solve class 47 11.2s (cumulative)
[nb_ridge] solve class 48 11.5s (cumulative)
[nb_ridge] solve class 49 11.7s (cumulative)
[nb_ridge] solve class 50 11.9s (cumulative)
[nb_ridge] solve class 51 12.1s (cumulative)
[nb_ridge] solve class 52 12.3s (cumulative)
[nb_ridge] solve class 53 12.6s (cumulative)
[nb_ridge] solve class 54 12.8s (cumulative)
[nb_ridge] solve class 55 13.1s (cumulative)
[nb_ridge] solve class 56 13.3s (cumulative)
[nb_ridge] solve class 57 13.6s (cumulative)
[nb_ridge] solve class 58 13.8s (cumulative)
    ridge-select: scale 0.5 → sel-slice acc 0.6000
[nb_ridge] tokenize+counts 0.0s (11110 docs, 59 classes)
[nb_ridge] solve class 0 0.2s (cumulative)
[nb_ridge] solve class 1 0.5s (cumulative)
[nb_ridge] solve class 2 0.7s (cumulative)
[nb_ridge] solve class 3 0.9s (cumulative)
[nb_ridge] solve class 4 1.1s (cumulative)
[nb_ridge] solve class 5 1.3s (cumulative)
[nb_ridge] solve class 6 1.6s (cumulative)
[nb_ridge] solve class 7 1.8s (cumulative)
[nb_ridge] solve class 8 2.0s (cumulative)
[nb_ridge] solve class 9 2.2s (cumulative)
[nb_ridge] solve class 10 2.5s (cumulative)
[nb_ridge] solve class 11 2.7s (cumulative)
[nb_ridge] solve class 12 2.9s (cumulative)
[nb_ridge] solve class 13 3.1s (cumulative)
[nb_ridge] solve class 14 3.3s (cumulative)
[nb_ridge] solve class 15 3.5s (cumulative)
[nb_ridge] solve class 16 3.7s (cumulative)
[nb_ridge] solve class 17 4.0s (cumulative)
[nb_ridge] solve class 18 4.2s (cumulative)
[nb_ridge] solve class 19 4.4s (cumulative)
[nb_ridge] solve class 20 4.6s (cumulative)
[nb_ridge] solve class 21 4.8s (cumulative)
[nb_ridge] solve class 22 5.0s (cumulative)
[nb_ridge] solve class 23 5.2s (cumulative)
[nb_ridge] solve class 24 5.4s (cumulative)
[nb_ridge] solve class 25 5.6s (cumulative)
[nb_ridge] solve class 26 5.9s (cumulative)
[nb_ridge] solve class 27 6.1s (cumulative)
[nb_ridge] solve class 28 6.3s (cumulative)
[nb_ridge] solve class 29 6.5s (cumulative)
[nb_ridge] solve class 30 6.8s (cumulative)
[nb_ridge] solve class 31 7.0s (cumulative)
[nb_ridge] solve class 32 7.2s (cumulative)
[nb_ridge] solve class 33 7.4s (cumulative)
[nb_ridge] solve class 34 7.7s (cumulative)
[nb_ridge] solve class 35 7.9s (cumulative)
[nb_ridge] solve class 36 8.2s (cumulative)
[nb_ridge] solve class 37 8.4s (cumulative)
[nb_ridge] solve class 38 8.6s (cumulative)
[nb_ridge] solve class 39 8.9s (cumulative)
[nb_ridge] solve class 40 9.1s (cumulative)
[nb_ridge] solve class 41 9.3s (cumulative)
[nb_ridge] solve class 42 9.6s (cumulative)
[nb_ridge] solve class 43 9.8s (cumulative)
[nb_ridge] solve class 44 10.0s (cumulative)
[nb_ridge] solve class 45 10.3s (cumulative)
[nb_ridge] solve class 46 10.5s (cumulative)
[nb_ridge] solve class 47 10.7s (cumulative)
[nb_ridge] solve class 48 10.9s (cumulative)
[nb_ridge] solve class 49 11.2s (cumulative)
[nb_ridge] solve class 50 11.5s (cumulative)
[nb_ridge] solve class 51 11.7s (cumulative)
[nb_ridge] solve class 52 11.9s (cumulative)
[nb_ridge] solve class 53 12.1s (cumulative)
[nb_ridge] solve class 54 12.4s (cumulative)
[nb_ridge] solve class 55 12.6s (cumulative)
[nb_ridge] solve class 56 12.8s (cumulative)
[nb_ridge] solve class 57 13.1s (cumulative)
[nb_ridge] solve class 58 13.3s (cumulative)
    ridge-select: scale 1 → sel-slice acc 0.6000
[nb_ridge] tokenize+counts 0.0s (11110 docs, 59 classes)
[nb_ridge] solve class 0 0.3s (cumulative)
[nb_ridge] solve class 1 0.5s (cumulative)
[nb_ridge] solve class 2 0.7s (cumulative)
[nb_ridge] solve class 3 0.9s (cumulative)
[nb_ridge] solve class 4 1.1s (cumulative)
[nb_ridge] solve class 5 1.3s (cumulative)
[nb_ridge] solve class 6 1.5s (cumulative)
[nb_ridge] solve class 7 1.8s (cumulative)
[nb_ridge] solve class 8 2.0s (cumulative)
[nb_ridge] solve class 9 2.2s (cumulative)
[nb_ridge] solve class 10 2.4s (cumulative)
[nb_ridge] solve class 11 2.6s (cumulative)
[nb_ridge] solve class 12 2.8s (cumulative)
[nb_ridge] solve class 13 3.1s (cumulative)
[nb_ridge] solve class 14 3.3s (cumulative)
[nb_ridge] solve class 15 3.5s (cumulative)
[nb_ridge] solve class 16 3.7s (cumulative)
[nb_ridge] solve class 17 4.0s (cumulative)
[nb_ridge] solve class 18 4.2s (cumulative)
[nb_ridge] solve class 19 4.4s (cumulative)
[nb_ridge] solve class 20 4.6s (cumulative)
[nb_ridge] solve class 21 4.9s (cumulative)
[nb_ridge] solve class 22 5.1s (cumulative)
[nb_ridge] solve class 23 5.4s (cumulative)
[nb_ridge] solve class 24 5.7s (cumulative)
[nb_ridge] solve class 25 5.9s (cumulative)
[nb_ridge] solve class 26 6.2s (cumulative)
[nb_ridge] solve class 27 6.4s (cumulative)
[nb_ridge] solve class 28 6.6s (cumulative)
[nb_ridge] solve class 29 6.8s (cumulative)
[nb_ridge] solve class 30 7.1s (cumulative)
[nb_ridge] solve class 31 7.3s (cumulative)
[nb_ridge] solve class 32 7.5s (cumulative)
[nb_ridge] solve class 33 7.7s (cumulative)
[nb_ridge] solve class 34 8.0s (cumulative)
[nb_ridge] solve class 35 8.2s (cumulative)
[nb_ridge] solve class 36 8.4s (cumulative)
[nb_ridge] solve class 37 8.7s (cumulative)
[nb_ridge] solve class 38 8.9s (cumulative)
[nb_ridge] solve class 39 9.1s (cumulative)
[nb_ridge] solve class 40 9.3s (cumulative)
[nb_ridge] solve class 41 9.6s (cumulative)
[nb_ridge] solve class 42 9.8s (cumulative)
[nb_ridge] solve class 43 10.1s (cumulative)
[nb_ridge] solve class 44 10.3s (cumulative)
[nb_ridge] solve class 45 10.5s (cumulative)
[nb_ridge] solve class 46 10.7s (cumulative)
[nb_ridge] solve class 47 11.0s (cumulative)
[nb_ridge] solve class 48 11.2s (cumulative)
[nb_ridge] solve class 49 11.4s (cumulative)
[nb_ridge] solve class 50 11.6s (cumulative)
[nb_ridge] solve class 51 11.8s (cumulative)
[nb_ridge] solve class 52 12.1s (cumulative)
[nb_ridge] solve class 53 12.3s (cumulative)
[nb_ridge] solve class 54 12.5s (cumulative)
[nb_ridge] solve class 55 12.8s (cumulative)
[nb_ridge] solve class 56 13.0s (cumulative)
[nb_ridge] solve class 57 13.2s (cumulative)
[nb_ridge] solve class 58 13.4s (cumulative)
    ridge-select: scale 2 → sel-slice acc 0.6050
[nb_ridge] tokenize+counts 0.0s (11110 docs, 59 classes)
[nb_ridge] solve class 0 0.2s (cumulative)
[nb_ridge] solve class 1 0.5s (cumulative)
[nb_ridge] solve class 2 0.7s (cumulative)
[nb_ridge] solve class 3 0.9s (cumulative)
[nb_ridge] solve class 4 1.2s (cumulative)
[nb_ridge] solve class 5 1.4s (cumulative)
[nb_ridge] solve class 6 1.6s (cumulative)
[nb_ridge] solve class 7 1.8s (cumulative)
[nb_ridge] solve class 8 2.1s (cumulative)
[nb_ridge] solve class 9 2.3s (cumulative)
[nb_ridge] solve class 10 2.5s (cumulative)
[nb_ridge] solve class 11 2.7s (cumulative)
[nb_ridge] solve class 12 2.9s (cumulative)
[nb_ridge] solve class 13 3.2s (cumulative)
[nb_ridge] solve class 14 3.4s (cumulative)
[nb_ridge] solve class 15 3.6s (cumulative)
[nb_ridge] solve class 16 3.8s (cumulative)
[nb_ridge] solve class 17 4.1s (cumulative)
[nb_ridge] solve class 18 4.3s (cumulative)
[nb_ridge] solve class 19 4.5s (cumulative)
[nb_ridge] solve class 20 4.8s (cumulative)
[nb_ridge] solve class 21 5.0s (cumulative)
[nb_ridge] solve class 22 5.2s (cumulative)
[nb_ridge] solve class 23 5.5s (cumulative)
[nb_ridge] solve class 24 5.7s (cumulative)
[nb_ridge] solve class 25 5.9s (cumulative)
[nb_ridge] solve class 26 6.1s (cumulative)
[nb_ridge] solve class 27 6.4s (cumulative)
[nb_ridge] solve class 28 6.6s (cumulative)
[nb_ridge] solve class 29 6.9s (cumulative)
[nb_ridge] solve class 30 7.1s (cumulative)
[nb_ridge] solve class 31 7.3s (cumulative)
[nb_ridge] solve class 32 7.6s (cumulative)
[nb_ridge] solve class 33 7.8s (cumulative)
[nb_ridge] solve class 34 8.0s (cumulative)
[nb_ridge] solve class 35 8.2s (cumulative)
[nb_ridge] solve class 36 8.5s (cumulative)
[nb_ridge] solve class 37 8.7s (cumulative)
[nb_ridge] solve class 38 8.9s (cumulative)
[nb_ridge] solve class 39 9.2s (cumulative)
[nb_ridge] solve class 40 9.4s (cumulative)
[nb_ridge] solve class 41 9.6s (cumulative)
[nb_ridge] solve class 42 9.9s (cumulative)
[nb_ridge] solve class 43 10.1s (cumulative)
[nb_ridge] solve class 44 10.3s (cumulative)
[nb_ridge] solve class 45 10.6s (cumulative)
[nb_ridge] solve class 46 10.8s (cumulative)
[nb_ridge] solve class 47 11.0s (cumulative)
[nb_ridge] solve class 48 11.2s (cumulative)
[nb_ridge] solve class 49 11.5s (cumulative)
[nb_ridge] solve class 50 11.7s (cumulative)
[nb_ridge] solve class 51 11.9s (cumulative)
[nb_ridge] solve class 52 12.2s (cumulative)
[nb_ridge] solve class 53 12.4s (cumulative)
[nb_ridge] solve class 54 12.6s (cumulative)
[nb_ridge] solve class 55 12.8s (cumulative)
[nb_ridge] solve class 56 13.1s (cumulative)
[nb_ridge] solve class 57 13.3s (cumulative)
[nb_ridge] solve class 58 13.5s (cumulative)
    ridge-select: scale 4 → sel-slice acc 0.6250
[nb_ridge] tokenize+counts 0.0s (11110 docs, 59 classes)
[nb_ridge] solve class 0 0.2s (cumulative)
[nb_ridge] solve class 1 0.5s (cumulative)
[nb_ridge] solve class 2 0.7s (cumulative)
[nb_ridge] solve class 3 0.9s (cumulative)
[nb_ridge] solve class 4 1.2s (cumulative)
[nb_ridge] solve class 5 1.4s (cumulative)
[nb_ridge] solve class 6 1.6s (cumulative)
[nb_ridge] solve class 7 1.9s (cumulative)
[nb_ridge] solve class 8 2.1s (cumulative)
[nb_ridge] solve class 9 2.3s (cumulative)
[nb_ridge] solve class 10 2.6s (cumulative)
[nb_ridge] solve class 11 2.8s (cumulative)
[nb_ridge] solve class 12 3.0s (cumulative)
[nb_ridge] solve class 13 3.3s (cumulative)
[nb_ridge] solve class 14 3.5s (cumulative)
[nb_ridge] solve class 15 3.8s (cumulative)
[nb_ridge] solve class 16 4.0s (cumulative)
[nb_ridge] solve class 17 4.3s (cumulative)
[nb_ridge] solve class 18 4.5s (cumulative)
[nb_ridge] solve class 19 4.7s (cumulative)
[nb_ridge] solve class 20 5.0s (cumulative)
[nb_ridge] solve class 21 5.3s (cumulative)
[nb_ridge] solve class 22 5.5s (cumulative)
[nb_ridge] solve class 23 5.8s (cumulative)
[nb_ridge] solve class 24 6.1s (cumulative)
[nb_ridge] solve class 25 6.3s (cumulative)
[nb_ridge] solve class 26 6.5s (cumulative)
[nb_ridge] solve class 27 6.8s (cumulative)
[nb_ridge] solve class 28 7.1s (cumulative)
[nb_ridge] solve class 29 7.3s (cumulative)
[nb_ridge] solve class 30 7.6s (cumulative)
[nb_ridge] solve class 31 7.9s (cumulative)
[nb_ridge] solve class 32 8.1s (cumulative)
[nb_ridge] solve class 33 8.3s (cumulative)
[nb_ridge] solve class 34 8.6s (cumulative)
[nb_ridge] solve class 35 8.9s (cumulative)
[nb_ridge] solve class 36 9.1s (cumulative)
[nb_ridge] solve class 37 9.3s (cumulative)
[nb_ridge] solve class 38 9.6s (cumulative)
[nb_ridge] solve class 39 9.8s (cumulative)
[nb_ridge] solve class 40 10.1s (cumulative)
[nb_ridge] solve class 41 10.3s (cumulative)
[nb_ridge] solve class 42 10.6s (cumulative)
[nb_ridge] solve class 43 10.8s (cumulative)
[nb_ridge] solve class 44 11.1s (cumulative)
[nb_ridge] solve class 45 11.4s (cumulative)
[nb_ridge] solve class 46 11.6s (cumulative)
[nb_ridge] solve class 47 11.9s (cumulative)
[nb_ridge] solve class 48 12.1s (cumulative)
[nb_ridge] solve class 49 12.4s (cumulative)
[nb_ridge] solve class 50 12.6s (cumulative)
[nb_ridge] solve class 51 12.9s (cumulative)
[nb_ridge] solve class 52 13.1s (cumulative)
[nb_ridge] solve class 53 13.4s (cumulative)
[nb_ridge] solve class 54 13.6s (cumulative)
[nb_ridge] solve class 55 13.8s (cumulative)
[nb_ridge] solve class 56 14.1s (cumulative)
[nb_ridge] solve class 57 14.3s (cumulative)
[nb_ridge] solve class 58 14.5s (cumulative)
    ridge-select: scale 8 → sel-slice acc 0.6150
    ridge-select: selected 0 — the suite's row below is the single test read, at this posture
    readout-report: best-on-cal dispatch (dispatch 0.4391, max_prob 0.4391, inv_entropy 0.5072 vs dispatch 0.4391; margin 0.005; REPORT-ONLY — the arming lever is demoted, Bench 052)
    modelless: acc 0.7800 · ece(maxp) 0.6352 · p50 0.175 ms · 73.3 s
═══ suite banking77 ═══
    500 cases / 500 questions · 77 domains
    slice-integrity: test 500 (fnv1a64-cb0b5cbcb0cdfcce) · cal 200 (fnv1a64-8f14f68a2e55799f) · pool 9793 (fnv1a64-14a38d138e218d1b) · OK
    nb-select: stratified slice 200 case(s); corpora pool 9793 → 9593 doc(s)
    nb-select: scale 0 (off) → sel-slice acc 0.4650
    nb-select: scale 1 α observed-laplace noul-yes None view bag → sel-slice acc 0.8100
    nb-select: scale 4 α observed-laplace noul-yes None view bag → sel-slice acc 0.8050
    nb-select: scale 16 α observed-laplace noul-yes None view bag → sel-slice acc 0.8050
    nb-select: scale 32 α observed-laplace noul-yes None view bag → sel-slice acc 0.8050
    nb-select: scale 64 α observed-laplace noul-yes None view bag → sel-slice acc 0.8000
    nb-select: scale 1 α fixed-1 noul-yes None view bag → sel-slice acc 0.7950
    nb-select: scale 4 α fixed-1 noul-yes None view bag → sel-slice acc 0.7750
    nb-select: scale 16 α fixed-1 noul-yes None view bag → sel-slice acc 0.7700
    nb-select: scale 32 α fixed-1 noul-yes None view bag → sel-slice acc 0.7600
    nb-select: scale 64 α fixed-1 noul-yes None view bag → sel-slice acc 0.7600
    nb-select: selected scale 1 α observed-laplace noul-yes None — the suite's row below is the single test read, at this posture
    oc-select: DECLINED — the suite's train rows carry no per-question gold events to condition on (baseline posture holds, byte-identical)
    ridge-select: stratified slice 200 case(s); corpora pool 9793 → 9593 doc(s)
    ridge-select: scale 0 (off) → sel-slice acc 0.8100
[nb_ridge] tokenize+counts 0.0s (9593 docs, 77 classes)
[nb_ridge] solve class 0 0.2s (cumulative)
[nb_ridge] solve class 1 0.4s (cumulative)
[nb_ridge] solve class 2 0.6s (cumulative)
[nb_ridge] solve class 3 0.7s (cumulative)
[nb_ridge] solve class 4 0.9s (cumulative)
[nb_ridge] solve class 5 1.1s (cumulative)
[nb_ridge] solve class 6 1.3s (cumulative)
[nb_ridge] solve class 7 1.5s (cumulative)
[nb_ridge] solve class 8 1.7s (cumulative)
[nb_ridge] solve class 9 1.9s (cumulative)
[nb_ridge] solve class 10 2.1s (cumulative)
[nb_ridge] solve class 11 2.3s (cumulative)
[nb_ridge] solve class 12 2.5s (cumulative)
[nb_ridge] solve class 13 2.7s (cumulative)
[nb_ridge] solve class 14 2.9s (cumulative)
[nb_ridge] solve class 15 3.1s (cumulative)
[nb_ridge] solve class 16 3.3s (cumulative)
[nb_ridge] solve class 17 3.5s (cumulative)
[nb_ridge] solve class 18 3.7s (cumulative)
[nb_ridge] solve class 19 4.0s (cumulative)
[nb_ridge] solve class 20 4.2s (cumulative)
[nb_ridge] solve class 21 4.4s (cumulative)
[nb_ridge] solve class 22 4.6s (cumulative)
[nb_ridge] solve class 23 4.8s (cumulative)
[nb_ridge] solve class 24 5.0s (cumulative)
[nb_ridge] solve class 25 5.2s (cumulative)
[nb_ridge] solve class 26 5.4s (cumulative)
[nb_ridge] solve class 27 5.7s (cumulative)
[nb_ridge] solve class 28 5.9s (cumulative)
[nb_ridge] solve class 29 6.1s (cumulative)
[nb_ridge] solve class 30 6.3s (cumulative)
[nb_ridge] solve class 31 6.5s (cumulative)
[nb_ridge] solve class 32 6.7s (cumulative)
[nb_ridge] solve class 33 7.0s (cumulative)
[nb_ridge] solve class 34 7.2s (cumulative)
[nb_ridge] solve class 35 7.3s (cumulative)
[nb_ridge] solve class 36 7.5s (cumulative)
[nb_ridge] solve class 37 7.7s (cumulative)
[nb_ridge] solve class 38 7.9s (cumulative)
[nb_ridge] solve class 39 8.1s (cumulative)
[nb_ridge] solve class 40 8.3s (cumulative)
[nb_ridge] solve class 41 8.5s (cumulative)
[nb_ridge] solve class 42 8.7s (cumulative)
[nb_ridge] solve class 43 8.9s (cumulative)
[nb_ridge] solve class 44 9.1s (cumulative)
[nb_ridge] solve class 45 9.3s (cumulative)
[nb_ridge] solve class 46 9.5s (cumulative)
[nb_ridge] solve class 47 9.7s (cumulative)
[nb_ridge] solve class 48 9.9s (cumulative)
[nb_ridge] solve class 49 10.1s (cumulative)
[nb_ridge] solve class 50 10.3s (cumulative)
[nb_ridge] solve class 51 10.5s (cumulative)
[nb_ridge] solve class 52 10.7s (cumulative)
[nb_ridge] solve class 53 10.8s (cumulative)
[nb_ridge] solve class 54 11.1s (cumulative)
[nb_ridge] solve class 55 11.2s (cumulative)
[nb_ridge] solve class 56 11.4s (cumulative)
[nb_ridge] solve class 57 11.6s (cumulative)
[nb_ridge] solve class 58 11.9s (cumulative)
[nb_ridge] solve class 59 12.1s (cumulative)
[nb_ridge] solve class 60 12.3s (cumulative)
[nb_ridge] solve class 61 12.5s (cumulative)
[nb_ridge] solve class 62 12.7s (cumulative)
[nb_ridge] solve class 63 12.9s (cumulative)
[nb_ridge] solve class 64 13.1s (cumulative)
[nb_ridge] solve class 65 13.3s (cumulative)
[nb_ridge] solve class 66 13.5s (cumulative)
[nb_ridge] solve class 67 13.7s (cumulative)
[nb_ridge] solve class 68 13.9s (cumulative)
[nb_ridge] solve class 69 14.1s (cumulative)
[nb_ridge] solve class 70 14.3s (cumulative)
[nb_ridge] solve class 71 14.5s (cumulative)
[nb_ridge] solve class 72 14.7s (cumulative)
[nb_ridge] solve class 73 14.9s (cumulative)
[nb_ridge] solve class 74 15.1s (cumulative)
[nb_ridge] solve class 75 15.3s (cumulative)
[nb_ridge] solve class 76 15.5s (cumulative)
    ridge-select: scale 0.5 → sel-slice acc 0.8450
[nb_ridge] tokenize+counts 0.0s (9593 docs, 77 classes)
[nb_ridge] solve class 0 0.2s (cumulative)
[nb_ridge] solve class 1 0.4s (cumulative)
[nb_ridge] solve class 2 0.6s (cumulative)
[nb_ridge] solve class 3 0.8s (cumulative)
[nb_ridge] solve class 4 1.0s (cumulative)
[nb_ridge] solve class 5 1.2s (cumulative)
[nb_ridge] solve class 6 1.4s (cumulative)
[nb_ridge] solve class 7 1.6s (cumulative)
[nb_ridge] solve class 8 1.8s (cumulative)
[nb_ridge] solve class 9 2.0s (cumulative)
[nb_ridge] solve class 10 2.2s (cumulative)
[nb_ridge] solve class 11 2.4s (cumulative)
[nb_ridge] solve class 12 2.6s (cumulative)
[nb_ridge] solve class 13 2.8s (cumulative)
[nb_ridge] solve class 14 3.0s (cumulative)
[nb_ridge] solve class 15 3.2s (cumulative)
[nb_ridge] solve class 16 3.4s (cumulative)
[nb_ridge] solve class 17 3.6s (cumulative)
[nb_ridge] solve class 18 3.8s (cumulative)
[nb_ridge] solve class 19 4.0s (cumulative)
[nb_ridge] solve class 20 4.2s (cumulative)
[nb_ridge] solve class 21 4.4s (cumulative)
[nb_ridge] solve class 22 4.6s (cumulative)
[nb_ridge] solve class 23 4.8s (cumulative)
[nb_ridge] solve class 24 5.0s (cumulative)
[nb_ridge] solve class 25 5.2s (cumulative)
[nb_ridge] solve class 26 5.4s (cumulative)
[nb_ridge] solve class 27 5.6s (cumulative)
[nb_ridge] solve class 28 5.8s (cumulative)
[nb_ridge] solve class 29 6.0s (cumulative)
[nb_ridge] solve class 30 6.2s (cumulative)
[nb_ridge] solve class 31 6.4s (cumulative)
[nb_ridge] solve class 32 6.6s (cumulative)
[nb_ridge] solve class 33 6.8s (cumulative)
[nb_ridge] solve class 34 7.0s (cumulative)
[nb_ridge] solve class 35 7.2s (cumulative)
[nb_ridge] solve class 36 7.4s (cumulative)
[nb_ridge] solve class 37 7.6s (cumulative)
[nb_ridge] solve class 38 7.8s (cumulative)
[nb_ridge] solve class 39 8.1s (cumulative)
[nb_ridge] solve class 40 8.3s (cumulative)
[nb_ridge] solve class 41 8.5s (cumulative)
[nb_ridge] solve class 42 8.7s (cumulative)
[nb_ridge] solve class 43 8.9s (cumulative)
[nb_ridge] solve class 44 9.2s (cumulative)
[nb_ridge] solve class 45 9.4s (cumulative)
[nb_ridge] solve class 46 9.6s (cumulative)
[nb_ridge] solve class 47 9.8s (cumulative)
[nb_ridge] solve class 48 10.0s (cumulative)
[nb_ridge] solve class 49 10.2s (cumulative)
[nb_ridge] solve class 50 10.4s (cumulative)
[nb_ridge] solve class 51 10.6s (cumulative)
[nb_ridge] solve class 52 10.8s (cumulative)
[nb_ridge] solve class 53 11.0s (cumulative)
[nb_ridge] solve class 54 11.2s (cumulative)
[nb_ridge] solve class 55 11.4s (cumulative)
[nb_ridge] solve class 56 11.6s (cumulative)
[nb_ridge] solve class 57 11.8s (cumulative)
[nb_ridge] solve class 58 12.0s (cumulative)
[nb_ridge] solve class 59 12.2s (cumulative)
[nb_ridge] solve class 60 12.4s (cumulative)
[nb_ridge] solve class 61 12.7s (cumulative)
[nb_ridge] solve class 62 12.9s (cumulative)
[nb_ridge] solve class 63 13.1s (cumulative)
[nb_ridge] solve class 64 13.3s (cumulative)
[nb_ridge] solve class 65 13.5s (cumulative)
[nb_ridge] solve class 66 13.7s (cumulative)
[nb_ridge] solve class 67 13.9s (cumulative)
[nb_ridge] solve class 68 14.1s (cumulative)
[nb_ridge] solve class 69 14.3s (cumulative)
[nb_ridge] solve class 70 14.5s (cumulative)
[nb_ridge] solve class 71 14.7s (cumulative)
[nb_ridge] solve class 72 14.9s (cumulative)
[nb_ridge] solve class 73 15.1s (cumulative)
[nb_ridge] solve class 74 15.3s (cumulative)
[nb_ridge] solve class 75 15.5s (cumulative)
[nb_ridge] solve class 76 15.7s (cumulative)
    ridge-select: scale 1 → sel-slice acc 0.8550
[nb_ridge] tokenize+counts 0.0s (9593 docs, 77 classes)
[nb_ridge] solve class 0 0.2s (cumulative)
[nb_ridge] solve class 1 0.4s (cumulative)
[nb_ridge] solve class 2 0.6s (cumulative)
[nb_ridge] solve class 3 0.8s (cumulative)
[nb_ridge] solve class 4 1.0s (cumulative)
[nb_ridge] solve class 5 1.2s (cumulative)
[nb_ridge] solve class 6 1.4s (cumulative)
[nb_ridge] solve class 7 1.6s (cumulative)
[nb_ridge] solve class 8 1.8s (cumulative)
[nb_ridge] solve class 9 2.0s (cumulative)
[nb_ridge] solve class 10 2.2s (cumulative)
[nb_ridge] solve class 11 2.4s (cumulative)
[nb_ridge] solve class 12 2.6s (cumulative)
[nb_ridge] solve class 13 2.8s (cumulative)
[nb_ridge] solve class 14 3.0s (cumulative)
[nb_ridge] solve class 15 3.2s (cumulative)
[nb_ridge] solve class 16 3.4s (cumulative)
[nb_ridge] solve class 17 3.6s (cumulative)
[nb_ridge] solve class 18 3.8s (cumulative)
[nb_ridge] solve class 19 4.0s (cumulative)
[nb_ridge] solve class 20 4.2s (cumulative)
[nb_ridge] solve class 21 4.4s (cumulative)
[nb_ridge] solve class 22 4.6s (cumulative)
[nb_ridge] solve class 23 4.8s (cumulative)
[nb_ridge] solve class 24 5.0s (cumulative)
[nb_ridge] solve class 25 5.2s (cumulative)
[nb_ridge] solve class 26 5.4s (cumulative)
[nb_ridge] solve class 27 5.6s (cumulative)
[nb_ridge] solve class 28 5.8s (cumulative)
[nb_ridge] solve class 29 6.0s (cumulative)
[nb_ridge] solve class 30 6.2s (cumulative)
[nb_ridge] solve class 31 6.4s (cumulative)
[nb_ridge] solve class 32 6.6s (cumulative)
[nb_ridge] solve class 33 6.7s (cumulative)
[nb_ridge] solve class 34 6.9s (cumulative)
[nb_ridge] solve class 35 7.1s (cumulative)
[nb_ridge] solve class 36 7.3s (cumulative)
[nb_ridge] solve class 37 7.5s (cumulative)
[nb_ridge] solve class 38 7.7s (cumulative)
[nb_ridge] solve class 39 7.9s (cumulative)
[nb_ridge] solve class 40 8.1s (cumulative)
[nb_ridge] solve class 41 8.3s (cumulative)
[nb_ridge] solve class 42 8.5s (cumulative)
[nb_ridge] solve class 43 8.7s (cumulative)
[nb_ridge] solve class 44 8.9s (cumulative)
[nb_ridge] solve class 45 9.1s (cumulative)
[nb_ridge] solve class 46 9.3s (cumulative)
[nb_ridge] solve class 47 9.5s (cumulative)
[nb_ridge] solve class 48 9.7s (cumulative)
[nb_ridge] solve class 49 9.9s (cumulative)
[nb_ridge] solve class 50 10.1s (cumulative)
[nb_ridge] solve class 51 10.3s (cumulative)
[nb_ridge] solve class 52 10.5s (cumulative)
[nb_ridge] solve class 53 10.7s (cumulative)
[nb_ridge] solve class 54 10.9s (cumulative)
[nb_ridge] solve class 55 11.1s (cumulative)
[nb_ridge] solve class 56 11.3s (cumulative)
[nb_ridge] solve class 57 11.5s (cumulative)
[nb_ridge] solve class 58 11.7s (cumulative)
[nb_ridge] solve class 59 11.9s (cumulative)
[nb_ridge] solve class 60 12.1s (cumulative)
[nb_ridge] solve class 61 12.3s (cumulative)
[nb_ridge] solve class 62 12.5s (cumulative)
[nb_ridge] solve class 63 12.7s (cumulative)
[nb_ridge] solve class 64 12.9s (cumulative)
[nb_ridge] solve class 65 13.1s (cumulative)
[nb_ridge] solve class 66 13.3s (cumulative)
[nb_ridge] solve class 67 13.5s (cumulative)
[nb_ridge] solve class 68 13.7s (cumulative)
[nb_ridge] solve class 69 13.9s (cumulative)
[nb_ridge] solve class 70 14.1s (cumulative)
[nb_ridge] solve class 71 14.3s (cumulative)
[nb_ridge] solve class 72 14.4s (cumulative)
[nb_ridge] solve class 73 14.6s (cumulative)
[nb_ridge] solve class 74 14.8s (cumulative)
[nb_ridge] solve class 75 15.0s (cumulative)
[nb_ridge] solve class 76 15.2s (cumulative)
    ridge-select: scale 2 → sel-slice acc 0.8550
[nb_ridge] tokenize+counts 0.0s (9593 docs, 77 classes)
[nb_ridge] solve class 0 0.2s (cumulative)
[nb_ridge] solve class 1 0.4s (cumulative)
[nb_ridge] solve class 2 0.6s (cumulative)
[nb_ridge] solve class 3 0.8s (cumulative)
[nb_ridge] solve class 4 1.0s (cumulative)
[nb_ridge] solve class 5 1.2s (cumulative)
[nb_ridge] solve class 6 1.4s (cumulative)
[nb_ridge] solve class 7 1.6s (cumulative)
[nb_ridge] solve class 8 1.7s (cumulative)
[nb_ridge] solve class 9 1.9s (cumulative)
[nb_ridge] solve class 10 2.1s (cumulative)
[nb_ridge] solve class 11 2.3s (cumulative)
[nb_ridge] solve class 12 2.5s (cumulative)
[nb_ridge] solve class 13 2.7s (cumulative)
[nb_ridge] solve class 14 2.9s (cumulative)
[nb_ridge] solve class 15 3.1s (cumulative)
[nb_ridge] solve class 16 3.3s (cumulative)
[nb_ridge] solve class 17 3.5s (cumulative)
[nb_ridge] solve class 18 3.7s (cumulative)
[nb_ridge] solve class 19 3.9s (cumulative)
[nb_ridge] solve class 20 4.1s (cumulative)
[nb_ridge] solve class 21 4.3s (cumulative)
[nb_ridge] solve class 22 4.5s (cumulative)
[nb_ridge] solve class 23 4.7s (cumulative)
[nb_ridge] solve class 24 4.9s (cumulative)
[nb_ridge] solve class 25 5.1s (cumulative)
[nb_ridge] solve class 26 5.3s (cumulative)
[nb_ridge] solve class 27 5.5s (cumulative)
[nb_ridge] solve class 28 5.7s (cumulative)
[nb_ridge] solve class 29 5.9s (cumulative)
[nb_ridge] solve class 30 6.1s (cumulative)
[nb_ridge] solve class 31 6.2s (cumulative)
[nb_ridge] solve class 32 6.4s (cumulative)
[nb_ridge] solve class 33 6.6s (cumulative)
[nb_ridge] solve class 34 6.7s (cumulative)
[nb_ridge] solve class 35 6.9s (cumulative)
[nb_ridge] solve class 36 7.1s (cumulative)
[nb_ridge] solve class 37 7.2s (cumulative)
[nb_ridge] solve class 38 7.4s (cumulative)
[nb_ridge] solve class 39 7.6s (cumulative)
[nb_ridge] solve class 40 7.8s (cumulative)
[nb_ridge] solve class 41 7.9s (cumulative)
[nb_ridge] solve class 42 8.1s (cumulative)
[nb_ridge] solve class 43 8.3s (cumulative)
[nb_ridge] solve class 44 8.5s (cumulative)
[nb_ridge] solve class 45 8.7s (cumulative)
[nb_ridge] solve class 46 8.8s (cumulative)
[nb_ridge] solve class 47 9.0s (cumulative)
[nb_ridge] solve class 48 9.2s (cumulative)
[nb_ridge] solve class 49 9.4s (cumulative)
[nb_ridge] solve class 50 9.5s (cumulative)
[nb_ridge] solve class 51 9.7s (cumulative)
[nb_ridge] solve class 52 9.8s (cumulative)
[nb_ridge] solve class 53 10.0s (cumulative)
[nb_ridge] solve class 54 10.2s (cumulative)
[nb_ridge] solve class 55 10.4s (cumulative)
[nb_ridge] solve class 56 10.6s (cumulative)
[nb_ridge] solve class 57 10.7s (cumulative)
[nb_ridge] solve class 58 10.9s (cumulative)
[nb_ridge] solve class 59 11.1s (cumulative)
[nb_ridge] solve class 60 11.2s (cumulative)
[nb_ridge] solve class 61 11.4s (cumulative)
[nb_ridge] solve class 62 11.6s (cumulative)
[nb_ridge] solve class 63 11.8s (cumulative)
[nb_ridge] solve class 64 11.9s (cumulative)
[nb_ridge] solve class 65 12.1s (cumulative)
[nb_ridge] solve class 66 12.3s (cumulative)
[nb_ridge] solve class 67 12.5s (cumulative)
[nb_ridge] solve class 68 12.6s (cumulative)
[nb_ridge] solve class 69 12.8s (cumulative)
[nb_ridge] solve class 70 13.0s (cumulative)
[nb_ridge] solve class 71 13.2s (cumulative)
[nb_ridge] solve class 72 13.4s (cumulative)
[nb_ridge] solve class 73 13.6s (cumulative)
[nb_ridge] solve class 74 13.8s (cumulative)
[nb_ridge] solve class 75 14.0s (cumulative)
[nb_ridge] solve class 76 14.1s (cumulative)
    ridge-select: scale 4 → sel-slice acc 0.8450
[nb_ridge] tokenize+counts 0.0s (9593 docs, 77 classes)
[nb_ridge] solve class 0 0.2s (cumulative)
[nb_ridge] solve class 1 0.4s (cumulative)
[nb_ridge] solve class 2 0.6s (cumulative)
[nb_ridge] solve class 3 0.8s (cumulative)
[nb_ridge] solve class 4 1.0s (cumulative)
[nb_ridge] solve class 5 1.2s (cumulative)
[nb_ridge] solve class 6 1.4s (cumulative)
[nb_ridge] solve class 7 1.6s (cumulative)
[nb_ridge] solve class 8 1.8s (cumulative)
[nb_ridge] solve class 9 2.0s (cumulative)
[nb_ridge] solve class 10 2.2s (cumulative)
[nb_ridge] solve class 11 2.4s (cumulative)
[nb_ridge] solve class 12 2.6s (cumulative)
[nb_ridge] solve class 13 2.8s (cumulative)
[nb_ridge] solve class 14 3.0s (cumulative)
[nb_ridge] solve class 15 3.2s (cumulative)
[nb_ridge] solve class 16 3.4s (cumulative)
[nb_ridge] solve class 17 3.6s (cumulative)
[nb_ridge] solve class 18 3.8s (cumulative)
[nb_ridge] solve class 19 4.0s (cumulative)
[nb_ridge] solve class 20 4.2s (cumulative)
[nb_ridge] solve class 21 4.4s (cumulative)
[nb_ridge] solve class 22 4.5s (cumulative)
[nb_ridge] solve class 23 4.7s (cumulative)
[nb_ridge] solve class 24 4.9s (cumulative)
[nb_ridge] solve class 25 5.1s (cumulative)
[nb_ridge] solve class 26 5.3s (cumulative)
[nb_ridge] solve class 27 5.5s (cumulative)
[nb_ridge] solve class 28 5.7s (cumulative)
[nb_ridge] solve class 29 5.9s (cumulative)
[nb_ridge] solve class 30 6.1s (cumulative)
[nb_ridge] solve class 31 6.3s (cumulative)
[nb_ridge] solve class 32 6.5s (cumulative)
[nb_ridge] solve class 33 6.7s (cumulative)
[nb_ridge] solve class 34 6.9s (cumulative)
[nb_ridge] solve class 35 7.1s (cumulative)
[nb_ridge] solve class 36 7.3s (cumulative)
[nb_ridge] solve class 37 7.5s (cumulative)
[nb_ridge] solve class 38 7.7s (cumulative)
[nb_ridge] solve class 39 7.9s (cumulative)
[nb_ridge] solve class 40 8.1s (cumulative)
[nb_ridge] solve class 41 8.3s (cumulative)
[nb_ridge] solve class 42 8.5s (cumulative)
[nb_ridge] solve class 43 8.6s (cumulative)
[nb_ridge] solve class 44 8.8s (cumulative)
[nb_ridge] solve class 45 9.0s (cumulative)
[nb_ridge] solve class 46 9.2s (cumulative)
[nb_ridge] solve class 47 9.3s (cumulative)
[nb_ridge] solve class 48 9.5s (cumulative)
[nb_ridge] solve class 49 9.7s (cumulative)
[nb_ridge] solve class 50 9.8s (cumulative)
[nb_ridge] solve class 51 10.0s (cumulative)
[nb_ridge] solve class 52 10.2s (cumulative)
[nb_ridge] solve class 53 10.4s (cumulative)
[nb_ridge] solve class 54 10.5s (cumulative)
[nb_ridge] solve class 55 10.7s (cumulative)
[nb_ridge] solve class 56 10.9s (cumulative)
[nb_ridge] solve class 57 11.1s (cumulative)
[nb_ridge] solve class 58 11.3s (cumulative)
[nb_ridge] solve class 59 11.5s (cumulative)
[nb_ridge] solve class 60 11.7s (cumulative)
[nb_ridge] solve class 61 12.0s (cumulative)
[nb_ridge] solve class 62 12.1s (cumulative)
[nb_ridge] solve class 63 12.4s (cumulative)
[nb_ridge] solve class 64 12.6s (cumulative)
[nb_ridge] solve class 65 12.8s (cumulative)
[nb_ridge] solve class 66 13.0s (cumulative)
[nb_ridge] solve class 67 13.2s (cumulative)
[nb_ridge] solve class 68 13.4s (cumulative)
[nb_ridge] solve class 69 13.6s (cumulative)
[nb_ridge] solve class 70 13.8s (cumulative)
[nb_ridge] solve class 71 14.1s (cumulative)
[nb_ridge] solve class 72 14.3s (cumulative)
[nb_ridge] solve class 73 14.5s (cumulative)
[nb_ridge] solve class 74 14.8s (cumulative)
[nb_ridge] solve class 75 15.0s (cumulative)
[nb_ridge] solve class 76 15.2s (cumulative)
    ridge-select: scale 8 → sel-slice acc 0.8250
    ridge-select: selected 0 — the suite's row below is the single test read, at this posture
    readout-report: best-on-cal dispatch (dispatch 0.7729, max_prob 0.7729, inv_entropy 0.7924 vs dispatch 0.7729; margin 0.005; REPORT-ONLY — the arming lever is demoted, Bench 052)
    modelless: acc 0.8420 · ece(maxp) 0.8194 · p50 0.532 ms · 83.2 s
═══ suite code_fixtures ═══
    16 cases / 32 questions · 8 domains
    readout-report: best-on-cal max_prob (dispatch 0.4602, max_prob 0.1479, inv_entropy 0.4602 vs dispatch 0.4602; margin 0.005; REPORT-ONLY — the arming lever is demoted, Bench 052)
    modelless: acc 0.3750 · ece(maxp) 0.0948 · p50 0.318 ms · 0.1 s
═══ suite semantic_defects ═══
    102 cases / 102 questions · 6 domains
    nb-select: synthetic cal front 18 case(s); corpus pool 18 → 18 doc(s)
    nb-select: scale 0 (off) → sel-slice acc 0.2778
    nb-select: scale 1 α observed-laplace noul-yes None view bag → sel-slice acc 0.4444
    nb-select: scale 4 α observed-laplace noul-yes None view bag → sel-slice acc 0.4444
    nb-select: scale 16 α observed-laplace noul-yes None view bag → sel-slice acc 0.4444
    nb-select: scale 32 α observed-laplace noul-yes None view bag → sel-slice acc 0.4444
    nb-select: scale 64 α observed-laplace noul-yes None view bag → sel-slice acc 0.4444
    nb-select: scale 1 α fixed-1 noul-yes None view bag → sel-slice acc 0.3333
    nb-select: scale 4 α fixed-1 noul-yes None view bag → sel-slice acc 0.3889
    nb-select: scale 16 α fixed-1 noul-yes None view bag → sel-slice acc 0.3889
    nb-select: scale 32 α fixed-1 noul-yes None view bag → sel-slice acc 0.3889
    nb-select: scale 64 α fixed-1 noul-yes None view bag → sel-slice acc 0.3889
    nb-select: selected scale 1 α observed-laplace noul-yes None — the suite's row below is the single test read, at this posture
    modelless: acc 0.4412 · ece(maxp) 0.2347 · p50 0.033 ms · 0.2 s
harness: wrote .benchmarks/137_modelless_timing_quiet/results.json
harness: wrote .benchmarks/137_modelless_timing_quiet/TABLES.md
harness: PASSED — 13 suite(s), no absences
[2026-10-09T09:59:12Z] run completed but END box_state judged latency NOT QUOTABLE (a sibling returned mid-run) — attempt 1 consumed
[2026-10-09T10:00:21Z] preflight refused (attempt 2) — REFUSE — load average 23.91 exceeds MAX_LOAD=6.0 — a sibling session is on the box
[2026-10-09T10:01:29Z] preflight refused (attempt 2) — REFUSE — load average 22.09 exceeds MAX_LOAD=6.0 — a sibling session is on the box
[2026-10-09T10:02:38Z] preflight refused (attempt 2) — REFUSE — load average 19.34 exceeds MAX_LOAD=6.0 — a sibling session is on the box
[2026-10-09T10:03:46Z] preflight refused (attempt 2) — REFUSE — load average 20.39 exceeds MAX_LOAD=6.0 — a sibling session is on the box
[2026-10-09T10:04:55Z] preflight refused (attempt 2) — REFUSE — load average 20.47 exceeds MAX_LOAD=6.0 — a sibling session is on the box
[2026-10-09T10:06:04Z] preflight refused (attempt 2) — REFUSE — load average 28.31 exceeds MAX_LOAD=6.0 — a sibling session is on the box
[2026-10-09T10:07:12Z] preflight refused (attempt 2) — REFUSE — load average 16.62 exceeds MAX_LOAD=6.0 — a sibling session is on the box
[2026-10-09T10:08:21Z] preflight refused (attempt 2) — REFUSE — load average 16.79 exceeds MAX_LOAD=6.0 — a sibling session is on the box
[2026-10-09T10:09:30Z] preflight refused (attempt 2) — REFUSE — load average 20.15 exceeds MAX_LOAD=6.0 — a sibling session is on the box
[2026-10-09T10:10:39Z] preflight refused (attempt 2) — REFUSE — load average 21.43 exceeds MAX_LOAD=6.0 — a sibling session is on the box
[2026-10-09T10:11:46Z] preflight refused (attempt 2) — REFUSE — load average 14.97 exceeds MAX_LOAD=6.0 — a sibling session is on the box
[2026-10-09T10:12:54Z] preflight refused (attempt 2) — REFUSE — load average 9.68 exceeds MAX_LOAD=6.0 — a sibling session is on the box
[2026-10-09T10:14:02Z] preflight refused (attempt 2) — REFUSE — load average 8.35 exceeds MAX_LOAD=6.0 — a sibling session is on the box
[2026-10-09T10:15:10Z] preflight refused (attempt 2) — REFUSE — load average 7.47 exceeds MAX_LOAD=6.0 — a sibling session is on the box
[2026-10-09T10:16:18Z] preflight refused (attempt 2) — REFUSE — load average 6.67 exceeds MAX_LOAD=6.0 — a sibling session is on the box
[2026-10-09T10:17:25Z] preflight refused (attempt 2) — REFUSE — load average 7.46 exceeds MAX_LOAD=6.0 — a sibling session is on the box
[2026-10-09T10:18:35Z] preflight refused (attempt 2) — REFUSE — load average 14.53 exceeds MAX_LOAD=6.0 — a sibling session is on the box
[2026-10-09T10:19:43Z] preflight refused (attempt 2) — REFUSE — load average 23.13 exceeds MAX_LOAD=6.0 — a sibling session is on the box
[2026-10-09T10:20:50Z] preflight refused (attempt 2) — REFUSE — load average 15.02 exceeds MAX_LOAD=6.0 — a sibling session is on the box
[2026-10-09T10:21:58Z] preflight refused (attempt 2) — REFUSE — load average 13.73 exceeds MAX_LOAD=6.0 — a sibling session is on the box
[2026-10-09T10:23:06Z] preflight refused (attempt 2) — REFUSE — load average 11.48 exceeds MAX_LOAD=6.0 — a sibling session is on the box
[2026-10-09T10:24:52Z] preflight refused (attempt 2) — REFUSE — load average 12.11 exceeds MAX_LOAD=6.0 — a sibling session is on the box
[2026-10-09T10:26:39Z] preflight refused (attempt 2) — REFUSE — load average 13.68 exceeds MAX_LOAD=6.0 — a sibling session is on the box
[2026-10-09T10:27:48Z] preflight refused (attempt 2) — REFUSE — load average 14.19 exceeds MAX_LOAD=6.0 — a sibling session is on the box
[2026-10-09T10:28:56Z] preflight refused (attempt 2) — REFUSE — load average 11.19 exceeds MAX_LOAD=6.0 — a sibling session is on the box
[2026-10-09T10:30:04Z] preflight refused (attempt 2) — REFUSE — load average 22.67 exceeds MAX_LOAD=6.0 — a sibling session is on the box
[2026-10-09T10:31:13Z] preflight refused (attempt 2) — REFUSE — load average 22.78 exceeds MAX_LOAD=6.0 — a sibling session is on the box
[2026-10-09T10:32:22Z] preflight refused (attempt 2) — REFUSE — load average 22.14 exceeds MAX_LOAD=6.0 — a sibling session is on the box
[2026-10-09T10:33:31Z] preflight refused (attempt 2) — REFUSE — load average 21.48 exceeds MAX_LOAD=6.0 — a sibling session is on the box
[2026-10-09T10:34:38Z] preflight refused (attempt 2) — REFUSE — load average 18.20 exceeds MAX_LOAD=6.0 — a sibling session is on the box
[2026-10-09T10:35:51Z] preflight refused (attempt 2) — REFUSE — load average 30.74 exceeds MAX_LOAD=6.0 — a sibling session is on the box
[2026-10-09T10:37:00Z] preflight refused (attempt 2) — REFUSE — load average 30.00 exceeds MAX_LOAD=6.0 — a sibling session is on the box
[2026-10-09T10:38:09Z] preflight refused (attempt 2) — REFUSE — load average 28.36 exceeds MAX_LOAD=6.0 — a sibling session is on the box
[2026-10-09T10:39:17Z] preflight refused (attempt 2) — REFUSE — load average 23.10 exceeds MAX_LOAD=6.0 — a sibling session is on the box
[2026-10-09T10:40:30Z] preflight refused (attempt 2) — REFUSE — load average 42.38 exceeds MAX_LOAD=6.0 — a sibling session is on the box
[2026-10-09T10:41:38Z] preflight refused (attempt 2) — REFUSE — load average 32.25 exceeds MAX_LOAD=6.0 — a sibling session is on the box
[2026-10-09T10:42:47Z] preflight refused (attempt 2) — REFUSE — load average 21.54 exceeds MAX_LOAD=6.0 — a sibling session is on the box
[2026-10-09T10:43:55Z] preflight refused (attempt 2) — REFUSE — load average 30.26 exceeds MAX_LOAD=6.0 — a sibling session is on the box
[2026-10-09T10:45:02Z] preflight refused (attempt 2) — REFUSE — load average 16.13 exceeds MAX_LOAD=6.0 — a sibling session is on the box
[2026-10-09T10:46:10Z] preflight refused (attempt 2) — REFUSE — load average 11.70 exceeds MAX_LOAD=6.0 — a sibling session is on the box
[2026-10-09T10:47:18Z] preflight refused (attempt 2) — REFUSE — load average 10.28 exceeds MAX_LOAD=6.0 — a sibling session is on the box
[2026-10-09T10:48:28Z] preflight refused (attempt 2) — REFUSE — load average 10.49 exceeds MAX_LOAD=6.0 — a sibling session is on the box
[2026-10-09T10:49:35Z] preflight refused (attempt 2) — REFUSE — load average 15.37 exceeds MAX_LOAD=6.0 — a sibling session is on the box
[2026-10-09T10:50:43Z] preflight refused (attempt 2) — REFUSE — load average 19.05 exceeds MAX_LOAD=6.0 — a sibling session is on the box
[2026-10-09T10:51:51Z] preflight refused (attempt 2) — REFUSE — load average 15.66 exceeds MAX_LOAD=6.0 — a sibling session is on the box
[2026-10-09T10:52:58Z] preflight refused (attempt 2) — REFUSE — load average 11.69 exceeds MAX_LOAD=6.0 — a sibling session is on the box
[2026-10-09T10:54:05Z] preflight refused (attempt 2) — REFUSE — load average 8.67 exceeds MAX_LOAD=6.0 — a sibling session is on the box
[2026-10-09T10:55:12Z] preflight refused (attempt 2) — REFUSE — load average 8.30 exceeds MAX_LOAD=6.0 — a sibling session is on the box
[2026-10-09T10:56:19Z] preflight refused (attempt 2) — REFUSE — load average 8.00 exceeds MAX_LOAD=6.0 — a sibling session is on the box
[2026-10-09T10:57:26Z] preflight refused (attempt 2) — REFUSE — load average 7.70 exceeds MAX_LOAD=6.0 — a sibling session is on the box
[2026-10-09T10:58:33Z] preflight refused (attempt 2) — REFUSE — load average 6.94 exceeds MAX_LOAD=6.0 — a sibling session is on the box
[2026-10-09T10:59:39Z] preflight refused (attempt 2) — REFUSE — load average 8.29 exceeds MAX_LOAD=6.0 — a sibling session is on the box
[2026-10-09T11:00:46Z] preflight refused (attempt 2) — REFUSE — load average 6.76 exceeds MAX_LOAD=6.0 — a sibling session is on the box
[2026-10-09T11:01:52Z] preflight refused (attempt 2) — REFUSE — load average 8.08 exceeds MAX_LOAD=6.0 — a sibling session is on the box
[2026-10-09T11:02:59Z] preflight refused (attempt 2) — REFUSE — load average 8.49 exceeds MAX_LOAD=6.0 — a sibling session is on the box
[2026-10-09T11:04:06Z] preflight refused (attempt 2) — REFUSE — load average 15.78 exceeds MAX_LOAD=6.0 — a sibling session is on the box
[2026-10-09T11:05:13Z] preflight refused (attempt 2) — REFUSE — load average 13.08 exceeds MAX_LOAD=6.0 — a sibling session is on the box
[2026-10-09T11:06:21Z] preflight refused (attempt 2) — REFUSE — load average 12.46 exceeds MAX_LOAD=6.0 — a sibling session is on the box
[2026-10-09T11:07:31Z] preflight refused (attempt 2) — REFUSE — load average 20.09 exceeds MAX_LOAD=6.0 — a sibling session is on the box
[2026-10-09T11:08:40Z] preflight refused (attempt 2) — REFUSE — load average 22.78 exceeds MAX_LOAD=6.0 — a sibling session is on the box
[2026-10-09T11:09:47Z] preflight refused (attempt 2) — REFUSE — load average 26.64 exceeds MAX_LOAD=6.0 — a sibling session is on the box
[2026-10-09T11:10:57Z] preflight refused (attempt 2) — REFUSE — load average 19.01 exceeds MAX_LOAD=6.0 — a sibling session is on the box
[2026-10-09T11:12:23Z] preflight refused (attempt 2) — REFUSE — load average 21.11 exceeds MAX_LOAD=6.0 — a sibling session is on the box
[2026-10-09T11:13:31Z] preflight refused (attempt 2) — REFUSE — load average 19.04 exceeds MAX_LOAD=6.0 — a sibling session is on the box
[2026-10-09T11:14:38Z] preflight refused (attempt 2) — REFUSE — load average 19.31 exceeds MAX_LOAD=6.0 — a sibling session is on the box
[2026-10-09T11:15:46Z] preflight refused (attempt 2) — REFUSE — load average 22.75 exceeds MAX_LOAD=6.0 — a sibling session is on the box
[2026-10-09T11:16:53Z] preflight refused (attempt 2) — REFUSE — load average 20.02 exceeds MAX_LOAD=6.0 — a sibling session is on the box
[2026-10-09T11:18:01Z] preflight refused (attempt 2) — REFUSE — load average 24.30 exceeds MAX_LOAD=6.0 — a sibling session is on the box
[2026-10-09T11:19:08Z] preflight refused (attempt 2) — REFUSE — load average 20.20 exceeds MAX_LOAD=6.0 — a sibling session is on the box
[2026-10-09T11:20:15Z] preflight refused (attempt 2) — REFUSE — load average 16.85 exceeds MAX_LOAD=6.0 — a sibling session is on the box
[2026-10-09T11:21:25Z] preflight refused (attempt 2) — REFUSE — load average 22.46 exceeds MAX_LOAD=6.0 — a sibling session is on the box
[2026-10-09T11:22:33Z] preflight refused (attempt 2) — REFUSE — load average 24.85 exceeds MAX_LOAD=6.0 — a sibling session is on the box
[2026-10-09T11:23:40Z] preflight refused (attempt 2) — REFUSE — load average 19.27 exceeds MAX_LOAD=6.0 — a sibling session is on the box
[2026-10-09T11:24:47Z] preflight refused (attempt 2) — REFUSE — load average 13.06 exceeds MAX_LOAD=6.0 — a sibling session is on the box
[2026-10-09T11:25:54Z] preflight refused (attempt 2) — REFUSE — load average 10.83 exceeds MAX_LOAD=6.0 — a sibling session is on the box
[2026-10-09T11:27:01Z] preflight refused (attempt 2) — REFUSE — load average 9.58 exceeds MAX_LOAD=6.0 — a sibling session is on the box
[2026-10-09T11:28:08Z] preflight refused (attempt 2) — REFUSE — load average 12.82 exceeds MAX_LOAD=6.0 — a sibling session is on the box
[2026-10-09T11:29:16Z] preflight refused (attempt 2) — REFUSE — load average 12.81 exceeds MAX_LOAD=6.0 — a sibling session is on the box
[2026-10-09T11:30:23Z] preflight refused (attempt 2) — REFUSE — load average 13.92 exceeds MAX_LOAD=6.0 — a sibling session is on the box
[2026-10-09T11:31:33Z] preflight refused (attempt 2) — REFUSE — load average 13.06 exceeds MAX_LOAD=6.0 — a sibling session is on the box
[2026-10-09T11:32:43Z] preflight refused (attempt 2) — REFUSE — load average 16.52 exceeds MAX_LOAD=6.0 — a sibling session is on the box
[2026-10-09T11:33:51Z] preflight refused (attempt 2) — REFUSE — load average 29.54 exceeds MAX_LOAD=6.0 — a sibling session is on the box
[2026-10-09T11:34:59Z] preflight refused (attempt 2) — REFUSE — load average 24.31 exceeds MAX_LOAD=6.0 — a sibling session is on the box
[2026-10-09T11:36:08Z] preflight refused (attempt 2) — REFUSE — load average 26.27 exceeds MAX_LOAD=6.0 — a sibling session is on the box
[2026-10-09T11:37:16Z] preflight refused (attempt 2) — REFUSE — load average 18.91 exceeds MAX_LOAD=6.0 — a sibling session is on the box
[2026-10-09T11:38:24Z] preflight refused (attempt 2) — REFUSE — load average 19.46 exceeds MAX_LOAD=6.0 — a sibling session is on the box
[2026-10-09T11:39:32Z] preflight refused (attempt 2) — REFUSE — load average 22.49 exceeds MAX_LOAD=6.0 — a sibling session is on the box
[2026-10-09T11:40:41Z] preflight refused (attempt 2) — REFUSE — load average 23.26 exceeds MAX_LOAD=6.0 — a sibling session is on the box
[2026-10-09T11:41:49Z] preflight refused (attempt 2) — REFUSE — load average 25.99 exceeds MAX_LOAD=6.0 — a sibling session is on the box
[2026-10-09T11:42:57Z] preflight refused (attempt 2) — REFUSE — load average 23.66 exceeds MAX_LOAD=6.0 — a sibling session is on the box
[2026-10-09T11:44:06Z] preflight refused (attempt 2) — REFUSE — load average 22.53 exceeds MAX_LOAD=6.0 — a sibling session is on the box
[2026-10-09T11:45:15Z] preflight refused (attempt 2) — REFUSE — load average 16.02 exceeds MAX_LOAD=6.0 — a sibling session is on the box
[2026-10-09T11:46:22Z] preflight refused (attempt 2) — REFUSE — load average 25.76 exceeds MAX_LOAD=6.0 — a sibling session is on the box
[2026-10-09T11:47:31Z] preflight refused (attempt 2) — REFUSE — load average 32.08 exceeds MAX_LOAD=6.0 — a sibling session is on the box
[2026-10-09T11:48:39Z] preflight refused (attempt 2) — REFUSE — load average 21.10 exceeds MAX_LOAD=6.0 — a sibling session is on the box
[2026-10-09T11:49:46Z] preflight refused (attempt 2) — REFUSE — load average 14.43 exceeds MAX_LOAD=6.0 — a sibling session is on the box
[2026-10-09T11:50:53Z] preflight refused (attempt 2) — REFUSE — load average 10.86 exceeds MAX_LOAD=6.0 — a sibling session is on the box
[2026-10-09T11:52:00Z] preflight refused (attempt 2) — REFUSE — load average 8.94 exceeds MAX_LOAD=6.0 — a sibling session is on the box
[2026-10-09T11:53:09Z] preflight refused (attempt 2) — REFUSE — load average 14.65 exceeds MAX_LOAD=6.0 — a sibling session is on the box
[2026-10-09T11:54:43Z] preflight refused (attempt 2) — REFUSE — load average 13.59 exceeds MAX_LOAD=6.0 — a sibling session is on the box
[2026-10-09T11:56:23Z] preflight refused (attempt 2) — REFUSE — load average 13.80 exceeds MAX_LOAD=6.0 — a sibling session is on the box
[2026-10-09T11:57:30Z] preflight refused (attempt 2) — REFUSE — load average 10.52 exceeds MAX_LOAD=6.0 — a sibling session is on the box
[2026-10-09T11:58:37Z] preflight refused (attempt 2) — REFUSE — load average 8.11 exceeds MAX_LOAD=6.0 — a sibling session is on the box
[2026-10-09T11:59:43Z] preflight refused (attempt 2) — REFUSE — load average 6.35 exceeds MAX_LOAD=6.0 — a sibling session is on the box
[2026-10-09T12:00:50Z] preflight PASSED — PROVENANCE: power=AC Power load=6.00 swap=20576.56M canary=125.2us/best5 powermode=2(high)
[2026-10-09T12:00:50Z] firing harness (attempt 2): --skip-laya --nb-select --oc-select --ridge-select --drafter-fix per_byte --suites typed_decisions,ag_news,emotion,sst5,prompt_injections,xnli_en,massive_intent_en,banking77,code_fixtures,semantic_defects,s1mb_choice,s1mb_noul,s1mb_score --out .benchmarks/137_modelless_timing_quiet
harness: datasets /Users/katopz/git/riir-reflex/.raw/datasets · suites ["typed_decisions", "ag_news", "emotion", "sst5", "prompt_injections", "xnli_en", "massive_intent_en", "banking77", "code_fixtures", "semantic_defects", "s1mb_choice", "s1mb_noul", "s1mb_score"]
═══ suite s1mb_choice ═══
    4329 cases / 4329 questions · 842 domains
    slice-integrity: test 4330 (fnv1a64-3d5a30a2826dd8dc) · cal 200 (fnv1a64-4366c2ff02074485) · pool 4130 (fnv1a64-7c46a2ccb379573c) · cal missing 642: virtual_card_not_working,disposable_card_limits,pending_cash_withdrawal,pending_card_payment,verify_source_of_funds,declined_card_payment,card_payment_wrong_exchange_rate,wrong_exchange_rate_for_cash_withdrawal,balance_not_updated_after_bank_transfer,failed_transfer,cancel_transfer,top_up_by_bank_transfer_charge,beneficiary_not_allowed,card_payment_not_recognised,transfer_into_account,cash_withdrawal_charge,Refund_not_showing_up,pending_top_up,card_about_to_expire,exchange_charge,transfer_fee_charged,fiat_currency_support,card_delivery_estimate,translate,cancel,todo_list,last_maintenance,pto_balance,directions,confirm_reservation,order_status,play_music,oos,calculator,travel_suggestion,shopping_list,change_language,timezone,yes,book_flight,payday,credit_limit_change,calendar_update,improve_credit_score,pin_change,update_playlist,cancel_reservation,time,flip_coin,find_phone,redeem_rewards,change_ai_name,min_payment,spelling,schedule_meeting,international_fees,reminder,book_hotel,current_location,goodbye,insurance_change,new_card,fun_fact,transfer,freeze_account,schedule_maintenance,gas,vaccines,distance,travel_notification,who_made_you,next_holiday,bill_balance,how_old_are_you,rollover_401k,direct_deposit,sync_device,uber,order_checks,alarm,income,reset_settings,meaning_of_life,make_call,insurance,restaurant_suggestion,interest_rate,bill_due,who_do_you_work_for,roll_dice,damaged_card,what_are_your_hobbies,lost_luggage,text,international_visa,application_status,what_can_i_ask_you,replacement_card_duration,bank_routing_number,company_name,swift_bic,cvv,account_number,postcode,ipv6,unique_identifier,pin,coordinate,url,date_time,-47,-4,14,34,74,24,28,5760,5756,5750,5765,15,33,-2,8,12,19,13,29,9,16,52,22,-5,17,72,80,75,78,103,98,48,200,150,180,196,64,114,59,84,38,63,43,32,21,20,-18,27,7,149,197,172,147,100,88,93,-1,10,6,-3,350,397,400,375,248,254,255,251,6580,6598,6600,6593,293,305,288,300,13997,14000,13993,14007,-33,475,504,501,500,26,11,40,90,70,89,1198,1194,1202,1173,297,310,-15,-10,71,121,-21,36,31,122,128,125,45,190,207,47,39,92,130,76,195,41,50,46,280,283,273,44,18,-8,62,30,5,55,play game,iot wemo on,iot coffee,iot hue lightchange,audio volume mute,transport traffic,calendar query,qa factoid,cooking recipe,play audiobook,iot cleaning,social post,weather query,transport taxi,alarm remove,iot hue lightdim,general quirky,music likeness,general negate,alarm query,recommendation events,qa currency,social query,audio volume up,general affirm,datetime query,play music,alarm set,email sendemail,lists createoradd,datetime convert,play podcasts,calendar set,transport query,general dontcare,email querycontact,qa stock,general commandstop,iot wemo off,general confirm,general repeat,music settings,general explain,lists query,recommendation locations,general joke,iot hue lightup,iot hue lightoff,iot hue lighton,news query,audio volume down,email query,qa maths,takeaway query,qa definition,general praise,takeaway order,play radio,lists remove,calendar remove,music query,recommendation movies,email addcontact,transport ticket,world,business,sci_tech,sports,monitor,contain,close_benign,investigate,hold,reject,approve,manual_review,request_information,answer_directly,escalate_to_human,close_no_action,execute_refund,technical,account,delivery,refund,billing,observe,stop,continue,human_review,partial,success,harmful,failure,iot_wemo_off,qa_stock,qa_maths,recommendation_movies,audio_volume_up,play_audiobook,recommendation_locations,cooking_recipe,takeaway_order,play_radio,iot_hue_lightchange,datetime_convert,general_joke,cooking_query,qa_currency,lists_remove,takeaway_query,weather_query,transport_traffic,music_dislikeness,music_query,iot_hue_lightdim,email_sendemail,iot_hue_lightup,transport_query,social_query,qa_factoid,email_querycontact,qa_definition,calendar_query,iot_hue_lighton,audio_volume_down,lists_query,calendar_set,social_post,news_query,audio_volume_other,alarm_remove,transport_ticket,iot_coffee,general_greet,iot_hue_lightoff,iot_wemo_on,play_game,alarm_set,email_query,datetime_query,alarm_query,calendar_remove,music_settings,iot_cleaning,music_likeness,transport_taxi,general_quirky,play_podcasts,lists_createoradd,email_addcontact,audio_volume_mute,recommendation_events,recommendation,transport,news,play,lists,iot,datetime,music,qa,general,social,takeaway,cooking,audio,a,b,messaging,people,calling,recipes,IN:GET_SUNSET,IN:LIKE_MUSIC,IN:GET_REMINDER_LOCATION,IN:GET_RECIPES,IN:PLAY_MUSIC,IN:REPEAT_ALL_MUSIC,IN:UPDATE_ALARM,IN:GET_TIMER,IN:CREATE_PLAYLIST_MUSIC,IN:DELETE_REMINDER,IN:PAUSE_MUSIC,IN:SET_DEFAULT_PROVIDER_CALLING,IN:SWITCH_CALL,IN:SET_UNAVAILABLE,IN:GET_EDUCATION_DEGREE,IN:SUBTRACT_TIME_TIMER,IN:UPDATE_REMINDER_TODO,IN:GET_MAJOR,IN:GET_TRACK_INFO_MUSIC,IN:GET_ATTENDEE_EVENT,IN:UPDATE_METHOD_CALL,IN:DELETE_PLAYLIST_MUSIC,IN:GET_AVAILABILITY,IN:RESUME_TIMER,IN:GET_SUNRISE,IN:GET_EMPLOYMENT_TIME,IN:GET_REMINDER_DATE_TIME,IN:CREATE_REMINDER,IN:SKIP_TRACK_MUSIC,IN:GET_REMINDER,IN:SET_RSVP_YES,IN:GET_AGE,IN:GET_LIFE_EVENT,IN:FAST_FORWARD_MUSIC,IN:STOP_SHUFFLE_MUSIC,IN:GET_DATE_TIME_EVENT,IN:GET_CALL,IN:REWIND_MUSIC,IN:MERGE_CALL,IN:DELETE_ALARM,IN:REPEAT_ALL_OFF_MUSIC,IN:GET_CALL_CONTACT,IN:UNLOOP_MUSIC,IN:SET_DEFAULT_PROVIDER_MUSIC,IN:RESUME_CALL,IN:CREATE_CALL,IN:START_SHUFFLE_MUSIC,IN:GET_CALL_TIME,IN:GET_CONTACT_METHOD,IN:GET_UNDERGRAD,IN:END_CALL,IN:GET_LANGUAGE,IN:GET_GENDER,IN:SHARE_EVENT,IN:RESTART_TIMER,IN:SET_RSVP_INTERESTED,IN:GET_MESSAGE,IN:QUESTION_NEWS,IN:IGNORE_CALL,IN:GET_DETAILS_NEWS,IN:DISLIKE_MUSIC,IN:GET_INFO_RECIPES,IN:QUESTION_MUSIC,IN:ADD_TIME_TIMER,IN:GET_JOB,IN:GET_MESSAGE_CONTACT,IN:PREVIOUS_TRACK_MUSIC,IN:ANSWER_CALL,IN:SEND_MESSAGE,IN:GET_EMPLOYER,IN:SET_AVAILABLE,IN:UPDATE_REMINDER_LOCATION,IN:GET_MUTUAL_FRIENDS,IN:SILENCE_ALARM,IN:REMOVE_FROM_PLAYLIST_MUSIC,IN:PLAY_MEDIA,IN:HOLD_CALL,IN:UPDATE_REMINDER,IN:GET_STORIES_NEWS,IN:GET_EVENT,IN:RESUME_MUSIC,IN:GET_CATEGORY_EVENT,IN:HELP_REMINDER,IN:REPLAY_MUSIC,IN:CREATE_ALARM,IN:FOLLOW_MUSIC,IN:GET_AIRQUALITY,IN:GET_LYRICS_MUSIC,IN:CANCEL_CALL,IN:GET_REMINDER_AMOUNT,IN:PREFER,IN:UPDATE_TIMER,IN:GET_WEATHER,IN:GET_INFO_CONTACT,IN:UPDATE_REMINDER_DATE_TIME,IN:SNOOZE_ALARM,IN:CANCEL_MESSAGE,IN:DELETE_TIMER,IN:GET_LIFE_EVENT_TIME,IN:SET_RSVP_NO,IN:GET_LOCATION,IN:GET_CONTACT,IN:IS_TRUE_RECIPES,IN:ADD_TO_PLAYLIST_MUSIC,IN:GET_GROUP,IN:PAUSE_TIMER,IN:GET_ALARM,IN:DISPREFER,IN:UPDATE_CALL,IN:LOOP_MUSIC,IN:CREATE_TIMER,IN:GET_EDUCATION_TIME,IN:STOP_MUSIC,option_2,option_3,option_4,option_5,option_6,option_7,option_8,option_9,option_10,option_11,option_12,option_13,option_14,option_15,positive,mixed,negative,no_impact,method,background,result,BookAppointment,NONE,FindProvider,SearchHotel,ReserveHotel,FindMovies,PlayMovie,FindTrains,GetTrainTickets,MakePayment,RequestPayment,GetTimesForMovie,BuyMovieTickets,ReserveRestaurant,FindRestaurants,BookHouse,SearchHouse,SearchOnewayFlight,SearchRoundtripFlights,LookupMusic,PlayMedia,GetAlarms,AddAlarm,BuyBusTicket,FindBus,ReserveCar,GetCarsAvailable,BuyEventTickets,FindEvents,GetWeather,GetRide,FindAttractions,ScheduleVisit,FindHomeByArea,ShareLocation,left,upper-right,right,above,upper-left,lower-right,lower-left,below,overlap,SYM,VERB,ADJ,ADV,INTJ,PART,PRON,X,AUX,PROPN,DET,NOUN,PUNCT,CCONJ,ADP,NUM,SCONJ,mechanic,hairdresser,driver,teacher,nurse,assistant,construction worker,tailor,physician,analyst,supervisor,attendant,guard,housekeeper,accountant,janitor,clerk,counselor,laborer,secretary,writer,farmer,sheriff,lawyer,baker,carpenter,developer,cleaner,cook,salesperson,editor,receptionist,auditor,manager,designer · pool missing 464: getting_spare_card,verify_my_identity,virtual_card_not_working,disposable_card_limits,reverted_card_payment?,pending_cash_withdrawal,get_physical_card,lost_or_stolen_card,top_up_by_card_charge,extra_charge_on_statement,automatic_top_up,get_disposable_virtual_card,transfer_not_received_by_recipient,request_refund,pending_card_payment,declined_transfer,age_limit,card_payment_fee_charged,verify_source_of_funds,declined_card_payment,card_payment_wrong_exchange_rate,wrong_amount_of_cash_received,atm_support,transaction_charged_twice,wrong_exchange_rate_for_cash_withdrawal,supported_cards_and_currencies,balance_not_updated_after_bank_transfer,card_swallowed,failed_transfer,cancel_transfer,direct_debit_payment_not_recognised,top_up_limits,exchange_via_app,passcode_forgotten,top_up_by_cash_or_cheque,top_up_by_bank_transfer_charge,beneficiary_not_allowed,compromised_card,unable_to_verify_identity,card_not_working,exchange_rate,card_payment_not_recognised,transfer_into_account,cash_withdrawal_charge,card_arrival,card_acceptance,activate_my_card,transfer_timing,terminate_account,topping_up_by_card,cash_withdrawal_not_recognised,getting_virtual_card,country_support,Refund_not_showing_up,balance_not_updated_after_cheque_or_cash_deposit,change_pin,pending_transfer,edit_personal_details,verify_top_up,pending_top_up,why_verify_identity,card_about_to_expire,exchange_charge,transfer_fee_charged,top_up_failed,fiat_currency_support,card_delivery_estimate,rewards_balance,translate,cancel,maybe,restaurant_reviews,repeat,todo_list,flight_status,last_maintenance,pto_balance,directions,restaurant_reservation,confirm_reservation,order_status,tell_joke,oos,calculator,gas_type,travel_suggestion,share_location,shopping_list,change_language,timezone,yes,book_flight,payday,no,meeting_schedule,do_you_have_pets,order,credit_limit_change,recipe,calendar_update,improve_credit_score,pin_change,update_playlist,cancel_reservation,date,measurement_conversion,definition,oil_change_how,whisper_mode,flip_coin,find_phone,todo_list_update,redeem_rewards,change_user_name,change_ai_name,min_payment,spelling,how_busy,change_accent,schedule_meeting,food_last,international_fees,book_hotel,where_are_you_from,change_volume,are_you_a_bot,tire_change,ingredients_list,current_location,goodbye,insurance_change,w2,pto_used,new_card,traffic,balance,fun_fact,ingredient_substitution,transfer,freeze_account,schedule_maintenance,thank_you,what_is_your_name,gas,vaccines,accept_reservations,transactions,cook_time,distance,routing,report_lost_card,next_song,carry_on,what_song,travel_notification,apr,nutrition_info,who_made_you,next_holiday,bill_balance,reminder_update,how_old_are_you,mpg,rollover_401k,account_blocked,plug_type,card_declined,smart_home,meal_suggestion,direct_deposit,sync_device,pay_bill,uber,pto_request_status,taxes,order_checks,greeting,income,spending_history,calories,reset_settings,expiration_date,tire_pressure,meaning_of_life,make_call,insurance,restaurant_suggestion,interest_rate,credit_limit,bill_due,who_do_you_work_for,report_fraud,roll_dice,change_speed,damaged_card,shopping_list_update,what_are_your_hobbies,lost_luggage,oil_change_when,text,travel_alert,car_rental,international_visa,application_status,jump_start,credit_score,what_can_i_ask_you,replacement_card_duration,pto_request,national_id,company_name,account_number,password,url,-47,-4,14,34,24,5760,5756,5750,5765,33,-2,8,12,29,16,52,-5,17,72,80,78,103,98,48,200,150,180,196,64,114,59,84,38,63,43,32,21,20,-18,27,149,197,172,147,88,93,-1,-3,350,397,400,375,248,254,255,251,6580,6598,6600,6593,293,305,288,13997,14000,13993,14007,-33,475,504,501,500,11,40,90,70,89,1198,1194,1202,1173,297,310,-15,-10,71,121,-21,36,122,128,125,190,207,47,39,92,130,76,195,41,46,283,273,44,18,-8,62,5,55,play game,iot coffee,transport traffic,calendar query,qa factoid,play audiobook,iot cleaning,alarm remove,general negate,recommendation events,alarm set,play podcasts,transport query,general commandstop,iot wemo off,music settings,general explain,lists query,general joke,iot hue lightup,email query,takeaway query,play radio,lists remove,music query,recommendation movies,close_no_action,delivery,stop,harmful,qa_stock,recommendation_movies,audio_volume_up,play_audiobook,recommendation_locations,cooking_recipe,datetime_convert,cooking_query,qa_currency,weather_query,music_query,iot_hue_lightdim,iot_hue_lightup,qa_definition,audio_volume_down,general_greet,iot_hue_lightoff,alarm_set,general_quirky,play_podcasts,email_addcontact,cooking,IN:LIKE_MUSIC,IN:GET_RECIPES,IN:GET_TIMER,IN:CREATE_PLAYLIST_MUSIC,IN:PAUSE_MUSIC,IN:SET_DEFAULT_PROVIDER_CALLING,IN:SWITCH_CALL,IN:SET_UNAVAILABLE,IN:GET_EDUCATION_DEGREE,IN:GET_MAJOR,IN:GET_TRACK_INFO_MUSIC,IN:GET_ATTENDEE_EVENT,IN:UPDATE_METHOD_CALL,IN:GET_AVAILABILITY,IN:GET_EMPLOYMENT_TIME,IN:GET_REMINDER_DATE_TIME,IN:CREATE_REMINDER,IN:SKIP_TRACK_MUSIC,IN:GET_AGE,IN:GET_LIFE_EVENT,IN:STOP_SHUFFLE_MUSIC,IN:GET_CALL,IN:MERGE_CALL,IN:DELETE_ALARM,IN:UNLOOP_MUSIC,IN:SET_DEFAULT_PROVIDER_MUSIC,IN:RESUME_CALL,IN:CREATE_CALL,IN:GET_CALL_TIME,IN:GET_CONTACT_METHOD,IN:GET_UNDERGRAD,IN:GET_GENDER,IN:SHARE_EVENT,IN:RESTART_TIMER,IN:SET_RSVP_INTERESTED,IN:QUESTION_NEWS,IN:GET_DETAILS_NEWS,IN:ADD_TIME_TIMER,IN:GET_MESSAGE_CONTACT,IN:ANSWER_CALL,IN:SET_AVAILABLE,IN:UPDATE_REMINDER_LOCATION,IN:REMOVE_FROM_PLAYLIST_MUSIC,IN:PLAY_MEDIA,IN:HOLD_CALL,IN:GET_STORIES_NEWS,IN:GET_EVENT,IN:FOLLOW_MUSIC,IN:GET_AIRQUALITY,IN:CANCEL_CALL,IN:GET_REMINDER_AMOUNT,IN:GET_WEATHER,IN:UPDATE_REMINDER_DATE_TIME,IN:CANCEL_MESSAGE,IN:IS_TRUE_RECIPES,IN:GET_GROUP,IN:PAUSE_TIMER,IN:DISPREFER,IN:CREATE_TIMER,option_9,option_10,option_11,option_12,option_13,option_14,option_15,mixed,SearchHotel,MakePayment,RequestPayment,GetTimesForMovie,BuyMovieTickets,FindRestaurants,SearchHouse,SearchOnewayFlight,LookupMusic,AddAlarm,GetWeather,GetRide,ShareLocation,teacher,supervisor,clerk,lawyer,baker,carpenter,developer,auditor · OK
    nb-select: stratified slice 200 case(s); corpora pool 4130 → 3817 doc(s)
    nb-select: scale 0 (off) → sel-slice acc 0.1550
    nb-select: scale 1 α observed-laplace noul-yes None view bag → sel-slice acc 0.1850
    nb-select: scale 4 α observed-laplace noul-yes None view bag → sel-slice acc 0.1800
    nb-select: scale 16 α observed-laplace noul-yes None view bag → sel-slice acc 0.1750
    nb-select: scale 32 α observed-laplace noul-yes None view bag → sel-slice acc 0.1750
    nb-select: scale 64 α observed-laplace noul-yes None view bag → sel-slice acc 0.1800
    nb-select: scale 1 α fixed-1 noul-yes None view bag → sel-slice acc 0.1700
    nb-select: scale 4 α fixed-1 noul-yes None view bag → sel-slice acc 0.1750
    nb-select: scale 16 α fixed-1 noul-yes None view bag → sel-slice acc 0.1650
    nb-select: scale 32 α fixed-1 noul-yes None view bag → sel-slice acc 0.1600
    nb-select: scale 64 α fixed-1 noul-yes None view bag → sel-slice acc 0.1600
    nb-select: selected scale 0 α off noul-yes None — the suite's row below is the single test read, at this posture
    oc-select: DECLINED — the suite's train rows carry no per-question gold events to condition on (baseline posture holds, byte-identical)
    ridge-select: stratified slice 200 case(s); corpora pool 4130 → 3817 doc(s)
    ridge-select: scale 0 (off) → sel-slice acc 0.1550
[nb_ridge] tokenize+counts 0.0s (1981 docs, 842 classes)
[nb_ridge] solve class 0 0.2s (cumulative)
[nb_ridge] solve class 1 0.3s (cumulative)
[nb_ridge] solve class 2 0.5s (cumulative)
[nb_ridge] solve class 3 0.6s (cumulative)
[nb_ridge] solve class 4 0.8s (cumulative)
[nb_ridge] solve class 5 0.9s (cumulative)
[nb_ridge] solve class 6 1.1s (cumulative)
[nb_ridge] solve class 7 1.2s (cumulative)
[nb_ridge] solve class 8 1.3s (cumulative)
[nb_ridge] solve class 9 1.5s (cumulative)
[nb_ridge] solve class 10 1.6s (cumulative)
[nb_ridge] solve class 11 1.8s (cumulative)
[nb_ridge] solve class 12 1.9s (cumulative)
[nb_ridge] solve class 13 2.1s (cumulative)
[nb_ridge] solve class 14 2.2s (cumulative)
[nb_ridge] solve class 15 2.3s (cumulative)
[nb_ridge] solve class 16 2.5s (cumulative)
[nb_ridge] solve class 17 2.6s (cumulative)
[nb_ridge] solve class 18 2.8s (cumulative)
[nb_ridge] solve class 19 2.9s (cumulative)
[nb_ridge] solve class 20 3.1s (cumulative)
[nb_ridge] solve class 21 3.2s (cumulative)
[nb_ridge] solve class 22 3.4s (cumulative)
[nb_ridge] solve class 23 3.5s (cumulative)
[nb_ridge] solve class 24 3.6s (cumulative)
[nb_ridge] solve class 25 3.8s (cumulative)
[nb_ridge] solve class 26 3.9s (cumulative)
[nb_ridge] solve class 27 4.1s (cumulative)
[nb_ridge] solve class 28 4.2s (cumulative)
[nb_ridge] solve class 29 4.4s (cumulative)
[nb_ridge] solve class 30 4.5s (cumulative)
[nb_ridge] solve class 31 4.7s (cumulative)
[nb_ridge] solve class 32 4.8s (cumulative)
[nb_ridge] solve class 33 5.0s (cumulative)
[nb_ridge] solve class 34 5.1s (cumulative)
[nb_ridge] solve class 35 5.2s (cumulative)
[nb_ridge] solve class 36 5.4s (cumulative)
[nb_ridge] solve class 37 5.5s (cumulative)
[nb_ridge] solve class 38 5.7s (cumulative)
[nb_ridge] solve class 39 5.8s (cumulative)
[nb_ridge] solve class 40 6.0s (cumulative)
[nb_ridge] solve class 41 6.1s (cumulative)
[nb_ridge] solve class 42 6.3s (cumulative)
[nb_ridge] solve class 43 6.4s (cumulative)
[nb_ridge] solve class 44 6.5s (cumulative)
[nb_ridge] solve class 45 6.7s (cumulative)
[nb_ridge] solve class 46 6.8s (cumulative)
[nb_ridge] solve class 47 7.0s (cumulative)
[nb_ridge] solve class 48 7.1s (cumulative)
[nb_ridge] solve class 49 7.3s (cumulative)
[nb_ridge] solve class 50 7.4s (cumulative)
[nb_ridge] solve class 51 7.6s (cumulative)
[nb_ridge] solve class 52 7.7s (cumulative)
[nb_ridge] solve class 53 7.8s (cumulative)
[nb_ridge] solve class 54 8.0s (cumulative)
[nb_ridge] solve class 55 8.1s (cumulative)
[nb_ridge] solve class 56 8.3s (cumulative)
[nb_ridge] solve class 57 8.4s (cumulative)
[nb_ridge] solve class 58 8.6s (cumulative)
[nb_ridge] solve class 59 8.7s (cumulative)
[nb_ridge] solve class 60 8.8s (cumulative)
[nb_ridge] solve class 61 9.0s (cumulative)
[nb_ridge] solve class 62 9.1s (cumulative)
[nb_ridge] solve class 63 9.3s (cumulative)
[nb_ridge] solve class 64 9.4s (cumulative)
[nb_ridge] solve class 65 9.5s (cumulative)
[nb_ridge] solve class 66 9.7s (cumulative)
[nb_ridge] solve class 67 9.8s (cumulative)
[nb_ridge] solve class 68 10.0s (cumulative)
[nb_ridge] solve class 69 10.1s (cumulative)
[nb_ridge] solve class 70 10.2s (cumulative)
[nb_ridge] solve class 71 10.4s (cumulative)
[nb_ridge] solve class 72 10.5s (cumulative)
[nb_ridge] solve class 73 10.7s (cumulative)
[nb_ridge] solve class 74 10.8s (cumulative)
[nb_ridge] solve class 75 11.0s (cumulative)
[nb_ridge] solve class 76 11.1s (cumulative)
[nb_ridge] solve class 77 11.2s (cumulative)
[nb_ridge] solve class 78 11.4s (cumulative)
[nb_ridge] solve class 79 11.5s (cumulative)
[nb_ridge] solve class 80 11.7s (cumulative)
[nb_ridge] solve class 81 11.8s (cumulative)
[nb_ridge] solve class 82 12.0s (cumulative)
[nb_ridge] solve class 83 12.1s (cumulative)
[nb_ridge] solve class 84 12.2s (cumulative)
[nb_ridge] solve class 85 12.4s (cumulative)
[nb_ridge] solve class 86 12.5s (cumulative)
[nb_ridge] solve class 87 12.7s (cumulative)
[nb_ridge] solve class 88 12.8s (cumulative)
[nb_ridge] solve class 89 13.0s (cumulative)
[nb_ridge] solve class 90 13.1s (cumulative)
[nb_ridge] solve class 91 13.3s (cumulative)
[nb_ridge] solve class 92 13.4s (cumulative)
[nb_ridge] solve class 93 13.5s (cumulative)
[nb_ridge] solve class 94 13.7s (cumulative)
[nb_ridge] solve class 95 13.8s (cumulative)
[nb_ridge] solve class 96 14.0s (cumulative)
[nb_ridge] solve class 97 14.1s (cumulative)
[nb_ridge] solve class 98 14.3s (cumulative)
[nb_ridge] solve class 99 14.4s (cumulative)
[nb_ridge] solve class 100 14.5s (cumulative)
[nb_ridge] solve class 101 14.7s (cumulative)
[nb_ridge] solve class 102 14.8s (cumulative)
[nb_ridge] solve class 103 15.0s (cumulative)
[nb_ridge] solve class 104 15.1s (cumulative)
[nb_ridge] solve class 105 15.3s (cumulative)
[nb_ridge] solve class 106 15.4s (cumulative)
[nb_ridge] solve class 107 15.6s (cumulative)
[nb_ridge] solve class 108 15.7s (cumulative)
[nb_ridge] solve class 109 15.9s (cumulative)
[nb_ridge] solve class 110 16.0s (cumulative)
[nb_ridge] solve class 111 16.1s (cumulative)
[nb_ridge] solve class 112 16.3s (cumulative)
[nb_ridge] solve class 113 16.4s (cumulative)
[nb_ridge] solve class 114 16.6s (cumulative)
[nb_ridge] solve class 115 16.7s (cumulative)
[nb_ridge] solve class 116 16.9s (cumulative)
[nb_ridge] solve class 117 17.0s (cumulative)
[nb_ridge] solve class 118 17.2s (cumulative)
[nb_ridge] solve class 119 17.3s (cumulative)
[nb_ridge] solve class 120 17.4s (cumulative)
[nb_ridge] solve class 121 17.6s (cumulative)
[nb_ridge] solve class 122 17.7s (cumulative)
[nb_ridge] solve class 123 17.9s (cumulative)
[nb_ridge] solve class 124 18.0s (cumulative)
[nb_ridge] solve class 125 18.2s (cumulative)
[nb_ridge] solve class 126 18.3s (cumulative)
[nb_ridge] solve class 127 18.5s (cumulative)
[nb_ridge] solve class 128 18.6s (cumulative)
[nb_ridge] solve class 129 18.7s (cumulative)
[nb_ridge] solve class 130 18.9s (cumulative)
[nb_ridge] solve class 131 19.0s (cumulative)
[nb_ridge] solve class 132 19.2s (cumulative)
[nb_ridge] solve class 133 19.3s (cumulative)
[nb_ridge] solve class 134 19.5s (cumulative)
[nb_ridge] solve class 135 19.6s (cumulative)
[nb_ridge] solve class 136 19.8s (cumulative)
[nb_ridge] solve class 137 19.9s (cumulative)
[nb_ridge] solve class 138 20.0s (cumulative)
[nb_ridge] solve class 139 20.2s (cumulative)
[nb_ridge] solve class 140 20.3s (cumulative)
[nb_ridge] solve class 141 20.5s (cumulative)
[nb_ridge] solve class 142 20.6s (cumulative)
[nb_ridge] solve class 143 20.8s (cumulative)
[nb_ridge] solve class 144 20.9s (cumulative)
[nb_ridge] solve class 145 21.1s (cumulative)
[nb_ridge] solve class 146 21.2s (cumulative)
[nb_ridge] solve class 147 21.3s (cumulative)
[nb_ridge] solve class 148 21.5s (cumulative)
[nb_ridge] solve class 149 21.6s (cumulative)
[nb_ridge] solve class 150 21.8s (cumulative)
[nb_ridge] solve class 151 21.9s (cumulative)
[nb_ridge] solve class 152 22.1s (cumulative)
[nb_ridge] solve class 153 22.2s (cumulative)
[nb_ridge] solve class 154 22.3s (cumulative)
[nb_ridge] solve class 155 22.5s (cumulative)
[nb_ridge] solve class 156 22.6s (cumulative)
[nb_ridge] solve class 157 22.8s (cumulative)
[nb_ridge] solve class 158 22.9s (cumulative)
[nb_ridge] solve class 159 23.0s (cumulative)
[nb_ridge] solve class 160 23.2s (cumulative)
[nb_ridge] solve class 161 23.3s (cumulative)
[nb_ridge] solve class 162 23.5s (cumulative)
[nb_ridge] solve class 163 23.6s (cumulative)
[nb_ridge] solve class 164 23.8s (cumulative)
[nb_ridge] solve class 165 23.9s (cumulative)
[nb_ridge] solve class 166 24.1s (cumulative)
[nb_ridge] solve class 167 24.2s (cumulative)
[nb_ridge] solve class 168 24.4s (cumulative)
[nb_ridge] solve class 169 24.5s (cumulative)
[nb_ridge] solve class 170 24.6s (cumulative)
[nb_ridge] solve class 171 24.8s (cumulative)
[nb_ridge] solve class 172 24.9s (cumulative)
[nb_ridge] solve class 173 25.1s (cumulative)
[nb_ridge] solve class 174 25.2s (cumulative)
[nb_ridge] solve class 175 25.4s (cumulative)
[nb_ridge] solve class 176 25.5s (cumulative)
[nb_ridge] solve class 177 25.7s (cumulative)
[nb_ridge] solve class 178 25.8s (cumulative)
[nb_ridge] solve class 179 25.9s (cumulative)
[nb_ridge] solve class 180 26.1s (cumulative)
[nb_ridge] solve class 181 26.2s (cumulative)
[nb_ridge] solve class 182 26.4s (cumulative)
[nb_ridge] solve class 183 26.5s (cumulative)
[nb_ridge] solve class 184 26.7s (cumulative)
[nb_ridge] solve class 185 26.8s (cumulative)
[nb_ridge] solve class 186 27.0s (cumulative)
[nb_ridge] solve class 187 27.1s (cumulative)
[nb_ridge] solve class 188 27.2s (cumulative)
[nb_ridge] solve class 189 27.4s (cumulative)
[nb_ridge] solve class 190 27.5s (cumulative)
[nb_ridge] solve class 191 27.7s (cumulative)
[nb_ridge] solve class 192 27.8s (cumulative)
[nb_ridge] solve class 193 28.0s (cumulative)
[nb_ridge] solve class 194 28.1s (cumulative)
[nb_ridge] solve class 195 28.2s (cumulative)
[nb_ridge] solve class 196 28.4s (cumulative)
[nb_ridge] solve class 197 28.5s (cumulative)
[nb_ridge] solve class 198 28.7s (cumulative)
[nb_ridge] solve class 199 28.8s (cumulative)
[nb_ridge] solve class 200 29.0s (cumulative)
[nb_ridge] solve class 201 29.1s (cumulative)
[nb_ridge] solve class 202 29.3s (cumulative)
[nb_ridge] solve class 203 29.4s (cumulative)
[nb_ridge] solve class 204 29.5s (cumulative)
[nb_ridge] solve class 205 29.7s (cumulative)
[nb_ridge] solve class 206 29.8s (cumulative)
[nb_ridge] solve class 207 30.0s (cumulative)
[nb_ridge] solve class 208 30.1s (cumulative)
[nb_ridge] solve class 209 30.2s (cumulative)
[nb_ridge] solve class 210 30.4s (cumulative)
[nb_ridge] solve class 211 30.5s (cumulative)
[nb_ridge] solve class 212 30.7s (cumulative)
[nb_ridge] solve class 213 30.8s (cumulative)
[nb_ridge] solve class 214 30.9s (cumulative)
[nb_ridge] solve class 215 31.1s (cumulative)
[nb_ridge] solve class 216 31.2s (cumulative)
[nb_ridge] solve class 217 31.4s (cumulative)
[nb_ridge] solve class 218 31.5s (cumulative)
[nb_ridge] solve class 219 31.7s (cumulative)
[nb_ridge] solve class 220 31.8s (cumulative)
[nb_ridge] solve class 221 31.9s (cumulative)
[nb_ridge] solve class 222 32.1s (cumulative)
[nb_ridge] solve class 223 32.2s (cumulative)
[nb_ridge] solve class 224 32.4s (cumulative)
[nb_ridge] solve class 225 32.5s (cumulative)
[nb_ridge] solve class 226 32.7s (cumulative)
[nb_ridge] solve class 227 32.8s (cumulative)
[nb_ridge] solve class 228 33.0s (cumulative)
[nb_ridge] solve class 229 33.1s (cumulative)
[nb_ridge] solve class 230 33.2s (cumulative)
[nb_ridge] solve class 231 33.4s (cumulative)
[nb_ridge] solve class 232 33.5s (cumulative)
[nb_ridge] solve class 233 33.7s (cumulative)
[nb_ridge] solve class 234 33.8s (cumulative)
[nb_ridge] solve class 235 34.0s (cumulative)
[nb_ridge] solve class 236 34.1s (cumulative)
[nb_ridge] solve class 237 34.3s (cumulative)
[nb_ridge] solve class 238 34.4s (cumulative)
[nb_ridge] solve class 239 34.6s (cumulative)
[nb_ridge] solve class 240 34.7s (cumulative)
[nb_ridge] solve class 241 34.8s (cumulative)
[nb_ridge] solve class 242 35.0s (cumulative)
[nb_ridge] solve class 243 35.1s (cumulative)
[nb_ridge] solve class 244 35.3s (cumulative)
[nb_ridge] solve class 245 35.4s (cumulative)
[nb_ridge] solve class 246 35.6s (cumulative)
[nb_ridge] solve class 247 35.7s (cumulative)
[nb_ridge] solve class 248 35.9s (cumulative)
[nb_ridge] solve class 249 36.0s (cumulative)
[nb_ridge] solve class 250 36.1s (cumulative)
[nb_ridge] solve class 251 36.3s (cumulative)
[nb_ridge] solve class 252 36.4s (cumulative)
[nb_ridge] solve class 253 36.6s (cumulative)
[nb_ridge] solve class 254 36.7s (cumulative)
[nb_ridge] solve class 255 36.9s (cumulative)
[nb_ridge] solve class 256 37.0s (cumulative)
[nb_ridge] solve class 257 37.2s (cumulative)
[nb_ridge] solve class 258 37.3s (cumulative)
[nb_ridge] solve class 259 37.5s (cumulative)
[nb_ridge] solve class 260 37.6s (cumulative)
[nb_ridge] solve class 261 37.7s (cumulative)
[nb_ridge] solve class 262 37.9s (cumulative)
[nb_ridge] solve class 263 38.0s (cumulative)
[nb_ridge] solve class 264 38.2s (cumulative)
[nb_ridge] solve class 265 38.3s (cumulative)
[nb_ridge] solve class 266 38.5s (cumulative)
[nb_ridge] solve class 267 38.6s (cumulative)
[nb_ridge] solve class 268 38.8s (cumulative)
[nb_ridge] solve class 269 38.9s (cumulative)
[nb_ridge] solve class 270 39.0s (cumulative)
[nb_ridge] solve class 271 39.2s (cumulative)
[nb_ridge] solve class 272 39.3s (cumulative)
[nb_ridge] solve class 273 39.5s (cumulative)
[nb_ridge] solve class 274 39.6s (cumulative)
[nb_ridge] solve class 275 39.8s (cumulative)
[nb_ridge] solve class 276 39.9s (cumulative)
[nb_ridge] solve class 277 40.1s (cumulative)
[nb_ridge] solve class 278 40.2s (cumulative)
[nb_ridge] solve class 279 40.4s (cumulative)
[nb_ridge] solve class 280 40.5s (cumulative)
[nb_ridge] solve class 281 40.6s (cumulative)
[nb_ridge] solve class 282 40.8s (cumulative)
[nb_ridge] solve class 283 40.9s (cumulative)
[nb_ridge] solve class 284 41.1s (cumulative)
[nb_ridge] solve class 285 41.2s (cumulative)
[nb_ridge] solve class 286 41.4s (cumulative)
[nb_ridge] solve class 287 41.5s (cumulative)
[nb_ridge] solve class 288 41.7s (cumulative)
[nb_ridge] solve class 289 41.8s (cumulative)
[nb_ridge] solve class 290 42.0s (cumulative)
[nb_ridge] solve class 291 42.1s (cumulative)
[nb_ridge] solve class 292 42.2s (cumulative)
[nb_ridge] solve class 293 42.4s (cumulative)
[nb_ridge] solve class 294 42.5s (cumulative)
[nb_ridge] solve class 295 42.7s (cumulative)
[nb_ridge] solve class 296 42.8s (cumulative)
[nb_ridge] solve class 297 43.0s (cumulative)
[nb_ridge] solve class 298 43.1s (cumulative)
[nb_ridge] solve class 299 43.3s (cumulative)
[nb_ridge] solve class 300 43.4s (cumulative)
[nb_ridge] solve class 301 43.5s (cumulative)
[nb_ridge] solve class 302 43.7s (cumulative)
[nb_ridge] solve class 303 43.8s (cumulative)
[nb_ridge] solve class 304 44.0s (cumulative)
[nb_ridge] solve class 305 44.1s (cumulative)
[nb_ridge] solve class 306 44.3s (cumulative)
[nb_ridge] solve class 307 44.4s (cumulative)
[nb_ridge] solve class 308 44.5s (cumulative)
[nb_ridge] solve class 309 44.7s (cumulative)
[nb_ridge] solve class 310 44.8s (cumulative)
[nb_ridge] solve class 311 45.0s (cumulative)
[nb_ridge] solve class 312 45.1s (cumulative)
[nb_ridge] solve class 313 45.3s (cumulative)
[nb_ridge] solve class 314 45.4s (cumulative)
[nb_ridge] solve class 315 45.6s (cumulative)
[nb_ridge] solve class 316 45.7s (cumulative)
[nb_ridge] solve class 317 45.8s (cumulative)
[nb_ridge] solve class 318 46.0s (cumulative)
[nb_ridge] solve class 319 46.1s (cumulative)
[nb_ridge] solve class 320 46.3s (cumulative)
[nb_ridge] solve class 321 46.4s (cumulative)
[nb_ridge] solve class 322 46.6s (cumulative)
[nb_ridge] solve class 323 46.7s (cumulative)
[nb_ridge] solve class 324 46.9s (cumulative)
[nb_ridge] solve class 325 47.0s (cumulative)
[nb_ridge] solve class 326 47.1s (cumulative)
[nb_ridge] solve class 327 47.3s (cumulative)
[nb_ridge] solve class 328 47.4s (cumulative)
[nb_ridge] solve class 329 47.6s (cumulative)
[nb_ridge] solve class 330 47.7s (cumulative)
[nb_ridge] solve class 331 47.9s (cumulative)
[nb_ridge] solve class 332 48.0s (cumulative)
[nb_ridge] solve class 333 48.2s (cumulative)
[nb_ridge] solve class 334 48.3s (cumulative)
[nb_ridge] solve class 335 48.4s (cumulative)
[nb_ridge] solve class 336 48.6s (cumulative)
[nb_ridge] solve class 337 48.7s (cumulative)
[nb_ridge] solve class 338 48.9s (cumulative)
[nb_ridge] solve class 339 49.0s (cumulative)
[nb_ridge] solve class 340 49.2s (cumulative)
[nb_ridge] solve class 341 49.3s (cumulative)
[nb_ridge] solve class 342 49.4s (cumulative)
[nb_ridge] solve class 343 49.6s (cumulative)
[nb_ridge] solve class 344 49.7s (cumulative)
[nb_ridge] solve class 345 49.9s (cumulative)
[nb_ridge] solve class 346 50.0s (cumulative)
[nb_ridge] solve class 347 50.2s (cumulative)
[nb_ridge] solve class 348 50.3s (cumulative)
[nb_ridge] solve class 349 50.4s (cumulative)
[nb_ridge] solve class 350 50.6s (cumulative)
[nb_ridge] solve class 351 50.7s (cumulative)
[nb_ridge] solve class 352 50.9s (cumulative)
[nb_ridge] solve class 353 51.0s (cumulative)
[nb_ridge] solve class 354 51.1s (cumulative)
[nb_ridge] solve class 355 51.3s (cumulative)
[nb_ridge] solve class 356 51.4s (cumulative)
[nb_ridge] solve class 357 51.6s (cumulative)
[nb_ridge] solve class 358 51.7s (cumulative)
[nb_ridge] solve class 359 51.8s (cumulative)
[nb_ridge] solve class 360 52.0s (cumulative)
[nb_ridge] solve class 361 52.1s (cumulative)
[nb_ridge] solve class 362 52.3s (cumulative)
[nb_ridge] solve class 363 52.4s (cumulative)
[nb_ridge] solve class 364 52.6s (cumulative)
[nb_ridge] solve class 365 52.7s (cumulative)
[nb_ridge] solve class 366 52.9s (cumulative)
[nb_ridge] solve class 367 53.0s (cumulative)
[nb_ridge] solve class 368 53.1s (cumulative)
[nb_ridge] solve class 369 53.3s (cumulative)
[nb_ridge] solve class 370 53.4s (cumulative)
[nb_ridge] solve class 371 53.6s (cumulative)
[nb_ridge] solve class 372 53.7s (cumulative)
[nb_ridge] solve class 373 53.9s (cumulative)
[nb_ridge] solve class 374 54.0s (cumulative)
[nb_ridge] solve class 375 54.1s (cumulative)
[nb_ridge] solve class 376 54.3s (cumulative)
[nb_ridge] solve class 377 54.4s (cumulative)
[nb_ridge] solve class 378 54.6s (cumulative)
[nb_ridge] solve class 379 54.7s (cumulative)
[nb_ridge] solve class 380 54.9s (cumulative)
[nb_ridge] solve class 381 55.0s (cumulative)
[nb_ridge] solve class 382 55.2s (cumulative)
[nb_ridge] solve class 383 55.3s (cumulative)
[nb_ridge] solve class 384 55.4s (cumulative)
[nb_ridge] solve class 385 55.6s (cumulative)
[nb_ridge] solve class 386 55.7s (cumulative)
[nb_ridge] solve class 387 55.9s (cumulative)
[nb_ridge] solve class 388 56.0s (cumulative)
[nb_ridge] solve class 389 56.2s (cumulative)
[nb_ridge] solve class 390 56.3s (cumulative)
[nb_ridge] solve class 391 56.5s (cumulative)
[nb_ridge] solve class 392 56.6s (cumulative)
[nb_ridge] solve class 393 56.7s (cumulative)
[nb_ridge] solve class 394 56.9s (cumulative)
[nb_ridge] solve class 395 57.0s (cumulative)
[nb_ridge] solve class 396 57.2s (cumulative)
[nb_ridge] solve class 397 57.3s (cumulative)
[nb_ridge] solve class 398 57.5s (cumulative)
[nb_ridge] solve class 399 57.6s (cumulative)
[nb_ridge] solve class 400 57.8s (cumulative)
[nb_ridge] solve class 401 57.9s (cumulative)
[nb_ridge] solve class 402 58.0s (cumulative)
[nb_ridge] solve class 403 58.2s (cumulative)
[nb_ridge] solve class 404 58.3s (cumulative)
[nb_ridge] solve class 405 58.5s (cumulative)
[nb_ridge] solve class 406 58.6s (cumulative)
[nb_ridge] solve class 407 58.8s (cumulative)
[nb_ridge] solve class 408 58.9s (cumulative)
[nb_ridge] solve class 409 59.1s (cumulative)
[nb_ridge] solve class 410 59.2s (cumulative)
[nb_ridge] solve class 411 59.3s (cumulative)
[nb_ridge] solve class 412 59.5s (cumulative)
[nb_ridge] solve class 413 59.6s (cumulative)
[nb_ridge] solve class 414 59.8s (cumulative)
[nb_ridge] solve class 415 59.9s (cumulative)
[nb_ridge] solve class 416 60.1s (cumulative)
[nb_ridge] solve class 417 60.2s (cumulative)
[nb_ridge] solve class 418 60.4s (cumulative)
[nb_ridge] solve class 419 60.5s (cumulative)
[nb_ridge] solve class 420 60.6s (cumulative)
[nb_ridge] solve class 421 60.8s (cumulative)
[nb_ridge] solve class 422 60.9s (cumulative)
[nb_ridge] solve class 423 61.1s (cumulative)
[nb_ridge] solve class 424 61.2s (cumulative)
[nb_ridge] solve class 425 61.4s (cumulative)
[nb_ridge] solve class 426 61.5s (cumulative)
[nb_ridge] solve class 427 61.7s (cumulative)
[nb_ridge] solve class 428 61.8s (cumulative)
[nb_ridge] solve class 429 61.9s (cumulative)
[nb_ridge] solve class 430 62.1s (cumulative)
[nb_ridge] solve class 431 62.2s (cumulative)
[nb_ridge] solve class 432 62.4s (cumulative)
[nb_ridge] solve class 433 62.5s (cumulative)
[nb_ridge] solve class 434 62.7s (cumulative)
[nb_ridge] solve class 435 62.8s (cumulative)
[nb_ridge] solve class 436 63.0s (cumulative)
[nb_ridge] solve class 437 63.1s (cumulative)
[nb_ridge] solve class 438 63.2s (cumulative)
[nb_ridge] solve class 439 63.4s (cumulative)
[nb_ridge] solve class 440 63.5s (cumulative)
[nb_ridge] solve class 441 63.7s (cumulative)
[nb_ridge] solve class 442 63.8s (cumulative)
[nb_ridge] solve class 443 64.0s (cumulative)
[nb_ridge] solve class 444 64.1s (cumulative)
[nb_ridge] solve class 445 64.2s (cumulative)
[nb_ridge] solve class 446 64.4s (cumulative)
[nb_ridge] solve class 447 64.5s (cumulative)
[nb_ridge] solve class 448 64.7s (cumulative)
[nb_ridge] solve class 449 64.8s (cumulative)
[nb_ridge] solve class 450 65.0s (cumulative)
[nb_ridge] solve class 451 65.1s (cumulative)
[nb_ridge] solve class 452 65.3s (cumulative)
[nb_ridge] solve class 453 65.4s (cumulative)
[nb_ridge] solve class 454 65.5s (cumulative)
[nb_ridge] solve class 455 65.7s (cumulative)
[nb_ridge] solve class 456 65.8s (cumulative)
[nb_ridge] solve class 457 66.0s (cumulative)
[nb_ridge] solve class 458 66.1s (cumulative)
[nb_ridge] solve class 459 66.3s (cumulative)
[nb_ridge] solve class 460 66.4s (cumulative)
[nb_ridge] solve class 461 66.6s (cumulative)
[nb_ridge] solve class 462 66.7s (cumulative)
[nb_ridge] solve class 463 66.8s (cumulative)
[nb_ridge] solve class 464 67.0s (cumulative)
[nb_ridge] solve class 465 67.1s (cumulative)
[nb_ridge] solve class 466 67.3s (cumulative)
[nb_ridge] solve class 467 67.4s (cumulative)
[nb_ridge] solve class 468 67.6s (cumulative)
[nb_ridge] solve class 469 67.7s (cumulative)
[nb_ridge] solve class 470 67.9s (cumulative)
[nb_ridge] solve class 471 68.0s (cumulative)
[nb_ridge] solve class 472 68.2s (cumulative)
[nb_ridge] solve class 473 68.3s (cumulative)
[nb_ridge] solve class 474 68.4s (cumulative)
[nb_ridge] solve class 475 68.6s (cumulative)
[nb_ridge] solve class 476 68.7s (cumulative)
[nb_ridge] solve class 477 68.9s (cumulative)
[nb_ridge] solve class 478 69.0s (cumulative)
[nb_ridge] solve class 479 69.2s (cumulative)
[nb_ridge] solve class 480 69.3s (cumulative)
[nb_ridge] solve class 481 69.5s (cumulative)
[nb_ridge] solve class 482 69.6s (cumulative)
[nb_ridge] solve class 483 69.7s (cumulative)
[nb_ridge] solve class 484 69.9s (cumulative)
[nb_ridge] solve class 485 70.0s (cumulative)
[nb_ridge] solve class 486 70.2s (cumulative)
[nb_ridge] solve class 487 70.3s (cumulative)
[nb_ridge] solve class 488 70.5s (cumulative)
[nb_ridge] solve class 489 70.6s (cumulative)
[nb_ridge] solve class 490 70.7s (cumulative)
[nb_ridge] solve class 491 70.9s (cumulative)
[nb_ridge] solve class 492 71.0s (cumulative)
[nb_ridge] solve class 493 71.2s (cumulative)
[nb_ridge] solve class 494 71.3s (cumulative)
[nb_ridge] solve class 495 71.4s (cumulative)
[nb_ridge] solve class 496 71.6s (cumulative)
[nb_ridge] solve class 497 71.7s (cumulative)
[nb_ridge] solve class 498 71.9s (cumulative)
[nb_ridge] solve class 499 72.0s (cumulative)
[nb_ridge] solve class 500 72.1s (cumulative)
[nb_ridge] solve class 501 72.3s (cumulative)
[nb_ridge] solve class 502 72.4s (cumulative)
[nb_ridge] solve class 503 72.6s (cumulative)
[nb_ridge] solve class 504 72.7s (cumulative)
[nb_ridge] solve class 505 72.8s (cumulative)
[nb_ridge] solve class 506 73.0s (cumulative)
[nb_ridge] solve class 507 73.1s (cumulative)
[nb_ridge] solve class 508 73.3s (cumulative)
[nb_ridge] solve class 509 73.4s (cumulative)
[nb_ridge] solve class 510 73.6s (cumulative)
[nb_ridge] solve class 511 73.7s (cumulative)
[nb_ridge] solve class 512 73.9s (cumulative)
[nb_ridge] solve class 513 74.0s (cumulative)
[nb_ridge] solve class 514 74.1s (cumulative)
[nb_ridge] solve class 515 74.3s (cumulative)
[nb_ridge] solve class 516 74.4s (cumulative)
[nb_ridge] solve class 517 74.6s (cumulative)
[nb_ridge] solve class 518 74.7s (cumulative)
[nb_ridge] solve class 519 74.9s (cumulative)
[nb_ridge] solve class 520 75.0s (cumulative)
[nb_ridge] solve class 521 75.2s (cumulative)
[nb_ridge] solve class 522 75.3s (cumulative)
[nb_ridge] solve class 523 75.4s (cumulative)
[nb_ridge] solve class 524 75.6s (cumulative)
[nb_ridge] solve class 525 75.7s (cumulative)
[nb_ridge] solve class 526 75.9s (cumulative)
[nb_ridge] solve class 527 76.0s (cumulative)
[nb_ridge] solve class 528 76.2s (cumulative)
[nb_ridge] solve class 529 76.3s (cumulative)
[nb_ridge] solve class 530 76.4s (cumulative)
[nb_ridge] solve class 531 76.6s (cumulative)
[nb_ridge] solve class 532 76.7s (cumulative)
[nb_ridge] solve class 533 76.9s (cumulative)
[nb_ridge] solve class 534 77.0s (cumulative)
[nb_ridge] solve class 535 77.2s (cumulative)
[nb_ridge] solve class 536 77.3s (cumulative)
[nb_ridge] solve class 537 77.5s (cumulative)
[nb_ridge] solve class 538 77.6s (cumulative)
[nb_ridge] solve class 539 77.7s (cumulative)
[nb_ridge] solve class 540 77.9s (cumulative)
[nb_ridge] solve class 541 78.0s (cumulative)
[nb_ridge] solve class 542 78.2s (cumulative)
[nb_ridge] solve class 543 78.3s (cumulative)
[nb_ridge] solve class 544 78.5s (cumulative)
[nb_ridge] solve class 545 78.6s (cumulative)
[nb_ridge] solve class 546 78.8s (cumulative)
[nb_ridge] solve class 547 78.9s (cumulative)
[nb_ridge] solve class 548 79.1s (cumulative)
[nb_ridge] solve class 549 79.2s (cumulative)
[nb_ridge] solve class 550 79.3s (cumulative)
[nb_ridge] solve class 551 79.5s (cumulative)
[nb_ridge] solve class 552 79.6s (cumulative)
[nb_ridge] solve class 553 79.8s (cumulative)
[nb_ridge] solve class 554 79.9s (cumulative)
[nb_ridge] solve class 555 80.1s (cumulative)
[nb_ridge] solve class 556 80.2s (cumulative)
[nb_ridge] solve class 557 80.4s (cumulative)
[nb_ridge] solve class 558 80.5s (cumulative)
[nb_ridge] solve class 559 80.6s (cumulative)
[nb_ridge] solve class 560 80.8s (cumulative)
[nb_ridge] solve class 561 80.9s (cumulative)
[nb_ridge] solve class 562 81.1s (cumulative)
[nb_ridge] solve class 563 81.2s (cumulative)
[nb_ridge] solve class 564 81.4s (cumulative)
[nb_ridge] solve class 565 81.5s (cumulative)
[nb_ridge] solve class 566 81.7s (cumulative)
[nb_ridge] solve class 567 81.8s (cumulative)
[nb_ridge] solve class 568 82.0s (cumulative)
[nb_ridge] solve class 569 82.1s (cumulative)
[nb_ridge] solve class 570 82.2s (cumulative)
[nb_ridge] solve class 571 82.4s (cumulative)
[nb_ridge] solve class 572 82.5s (cumulative)
[nb_ridge] solve class 573 82.7s (cumulative)
[nb_ridge] solve class 574 82.8s (cumulative)
[nb_ridge] solve class 575 83.0s (cumulative)
[nb_ridge] solve class 576 83.1s (cumulative)
[nb_ridge] solve class 577 83.3s (cumulative)
[nb_ridge] solve class 578 83.4s (cumulative)
[nb_ridge] solve class 579 83.5s (cumulative)
[nb_ridge] solve class 580 83.7s (cumulative)
[nb_ridge] solve class 581 83.8s (cumulative)
[nb_ridge] solve class 582 84.0s (cumulative)
[nb_ridge] solve class 583 84.1s (cumulative)
[nb_ridge] solve class 584 84.3s (cumulative)
[nb_ridge] solve class 585 84.4s (cumulative)
[nb_ridge] solve class 586 84.5s (cumulative)
[nb_ridge] solve class 587 84.7s (cumulative)
[nb_ridge] solve class 588 84.8s (cumulative)
[nb_ridge] solve class 589 85.0s (cumulative)
[nb_ridge] solve class 590 85.1s (cumulative)
[nb_ridge] solve class 591 85.2s (cumulative)
[nb_ridge] solve class 592 85.4s (cumulative)
[nb_ridge] solve class 593 85.5s (cumulative)
[nb_ridge] solve class 594 85.7s (cumulative)
[nb_ridge] solve class 595 85.8s (cumulative)
[nb_ridge] solve class 596 86.0s (cumulative)
[nb_ridge] solve class 597 86.1s (cumulative)
[nb_ridge] solve class 598 86.3s (cumulative)
[nb_ridge] solve class 599 86.4s (cumulative)
[nb_ridge] solve class 600 86.5s (cumulative)
[nb_ridge] solve class 601 86.7s (cumulative)
[nb_ridge] solve class 602 86.8s (cumulative)
[nb_ridge] solve class 603 87.0s (cumulative)
[nb_ridge] solve class 604 87.1s (cumulative)
[nb_ridge] solve class 605 87.3s (cumulative)
[nb_ridge] solve class 606 87.4s (cumulative)
[nb_ridge] solve class 607 87.6s (cumulative)
[nb_ridge] solve class 608 87.7s (cumulative)
[nb_ridge] solve class 609 87.8s (cumulative)
[nb_ridge] solve class 610 88.0s (cumulative)
[nb_ridge] solve class 611 88.1s (cumulative)
[nb_ridge] solve class 612 88.3s (cumulative)
[nb_ridge] solve class 613 88.4s (cumulative)
[nb_ridge] solve class 614 88.6s (cumulative)
[nb_ridge] solve class 615 88.7s (cumulative)
[nb_ridge] solve class 616 88.9s (cumulative)
[nb_ridge] solve class 617 89.0s (cumulative)
[nb_ridge] solve class 618 89.2s (cumulative)
[nb_ridge] solve class 619 89.3s (cumulative)
[nb_ridge] solve class 620 89.4s (cumulative)
[nb_ridge] solve class 621 89.6s (cumulative)
[nb_ridge] solve class 622 89.7s (cumulative)
[nb_ridge] solve class 623 89.9s (cumulative)
[nb_ridge] solve class 624 90.0s (cumulative)
[nb_ridge] solve class 625 90.2s (cumulative)
[nb_ridge] solve class 626 90.3s (cumulative)
[nb_ridge] solve class 627 90.5s (cumulative)
[nb_ridge] solve class 628 90.6s (cumulative)
[nb_ridge] solve class 629 90.7s (cumulative)
[nb_ridge] solve class 630 90.9s (cumulative)
[nb_ridge] solve class 631 91.0s (cumulative)
[nb_ridge] solve class 632 91.2s (cumulative)
[nb_ridge] solve class 633 91.3s (cumulative)
[nb_ridge] solve class 634 91.5s (cumulative)
[nb_ridge] solve class 635 91.6s (cumulative)
[nb_ridge] solve class 636 91.7s (cumulative)
[nb_ridge] solve class 637 91.9s (cumulative)
[nb_ridge] solve class 638 92.0s (cumulative)
[nb_ridge] solve class 639 92.2s (cumulative)
[nb_ridge] solve class 640 92.3s (cumulative)
[nb_ridge] solve class 641 92.4s (cumulative)
[nb_ridge] solve class 642 92.6s (cumulative)
[nb_ridge] solve class 643 92.7s (cumulative)
[nb_ridge] solve class 644 92.9s (cumulative)
[nb_ridge] solve class 645 93.0s (cumulative)
[nb_ridge] solve class 646 93.1s (cumulative)
[nb_ridge] solve class 647 93.3s (cumulative)
[nb_ridge] solve class 648 93.4s (cumulative)
[nb_ridge] solve class 649 93.6s (cumulative)
[nb_ridge] solve class 650 93.7s (cumulative)
[nb_ridge] solve class 651 93.9s (cumulative)
[nb_ridge] solve class 652 94.0s (cumulative)
[nb_ridge] solve class 653 94.1s (cumulative)
[nb_ridge] solve class 654 94.3s (cumulative)
[nb_ridge] solve class 655 94.4s (cumulative)
[nb_ridge] solve class 656 94.6s (cumulative)
[nb_ridge] solve class 657 94.7s (cumulative)
[nb_ridge] solve class 658 94.9s (cumulative)
[nb_ridge] solve class 659 95.0s (cumulative)
[nb_ridge] solve class 660 95.2s (cumulative)
[nb_ridge] solve class 661 95.3s (cumulative)
[nb_ridge] solve class 662 95.4s (cumulative)
[nb_ridge] solve class 663 95.6s (cumulative)
[nb_ridge] solve class 664 95.7s (cumulative)
[nb_ridge] solve class 665 95.9s (cumulative)
[nb_ridge] solve class 666 96.0s (cumulative)
[nb_ridge] solve class 667 96.2s (cumulative)
[nb_ridge] solve class 668 96.3s (cumulative)
[nb_ridge] solve class 669 96.5s (cumulative)
[nb_ridge] solve class 670 96.6s (cumulative)
[nb_ridge] solve class 671 96.7s (cumulative)
[nb_ridge] solve class 672 96.9s (cumulative)
[nb_ridge] solve class 673 97.0s (cumulative)
[nb_ridge] solve class 674 97.2s (cumulative)
[nb_ridge] solve class 675 97.3s (cumulative)
[nb_ridge] solve class 676 97.5s (cumulative)
[nb_ridge] solve class 677 97.6s (cumulative)
[nb_ridge] solve class 678 97.8s (cumulative)
[nb_ridge] solve class 679 97.9s (cumulative)
[nb_ridge] solve class 680 98.0s (cumulative)
[nb_ridge] solve class 681 98.2s (cumulative)
[nb_ridge] solve class 682 98.3s (cumulative)
[nb_ridge] solve class 683 98.5s (cumulative)
[nb_ridge] solve class 684 98.6s (cumulative)
[nb_ridge] solve class 685 98.8s (cumulative)
[nb_ridge] solve class 686 98.9s (cumulative)
[nb_ridge] solve class 687 99.1s (cumulative)
[nb_ridge] solve class 688 99.2s (cumulative)
[nb_ridge] solve class 689 99.3s (cumulative)
[nb_ridge] solve class 690 99.5s (cumulative)
[nb_ridge] solve class 691 99.6s (cumulative)
[nb_ridge] solve class 692 99.8s (cumulative)
[nb_ridge] solve class 693 99.9s (cumulative)
[nb_ridge] solve class 694 100.1s (cumulative)
[nb_ridge] solve class 695 100.2s (cumulative)
[nb_ridge] solve class 696 100.4s (cumulative)
[nb_ridge] solve class 697 100.5s (cumulative)
[nb_ridge] solve class 698 100.6s (cumulative)
[nb_ridge] solve class 699 100.8s (cumulative)
[nb_ridge] solve class 700 100.9s (cumulative)
[nb_ridge] solve class 701 101.1s (cumulative)
[nb_ridge] solve class 702 101.2s (cumulative)
[nb_ridge] solve class 703 101.4s (cumulative)
[nb_ridge] solve class 704 101.5s (cumulative)
[nb_ridge] solve class 705 101.7s (cumulative)
[nb_ridge] solve class 706 101.8s (cumulative)
[nb_ridge] solve class 707 101.9s (cumulative)
[nb_ridge] solve class 708 102.1s (cumulative)
[nb_ridge] solve class 709 102.2s (cumulative)
[nb_ridge] solve class 710 102.4s (cumulative)
[nb_ridge] solve class 711 102.5s (cumulative)
[nb_ridge] solve class 712 102.7s (cumulative)
[nb_ridge] solve class 713 102.8s (cumulative)
[nb_ridge] solve class 714 103.0s (cumulative)
[nb_ridge] solve class 715 103.1s (cumulative)
[nb_ridge] solve class 716 103.2s (cumulative)
[nb_ridge] solve class 717 103.4s (cumulative)
[nb_ridge] solve class 718 103.5s (cumulative)
[nb_ridge] solve class 719 103.7s (cumulative)
[nb_ridge] solve class 720 103.8s (cumulative)
[nb_ridge] solve class 721 104.0s (cumulative)
[nb_ridge] solve class 722 104.1s (cumulative)
[nb_ridge] solve class 723 104.3s (cumulative)
[nb_ridge] solve class 724 104.4s (cumulative)
[nb_ridge] solve class 725 104.6s (cumulative)
[nb_ridge] solve class 726 104.7s (cumulative)
[nb_ridge] solve class 727 104.8s (cumulative)
[nb_ridge] solve class 728 105.0s (cumulative)
[nb_ridge] solve class 729 105.1s (cumulative)
[nb_ridge] solve class 730 105.3s (cumulative)
[nb_ridge] solve class 731 105.4s (cumulative)
[nb_ridge] solve class 732 105.5s (cumulative)
[nb_ridge] solve class 733 105.7s (cumulative)
[nb_ridge] solve class 734 105.8s (cumulative)
[nb_ridge] solve class 735 106.0s (cumulative)
[nb_ridge] solve class 736 106.1s (cumulative)
[nb_ridge] solve class 737 106.3s (cumulative)
[nb_ridge] solve class 738 106.4s (cumulative)
[nb_ridge] solve class 739 106.6s (cumulative)
[nb_ridge] solve class 740 106.7s (cumulative)
[nb_ridge] solve class 741 106.8s (cumulative)
[nb_ridge] solve class 742 107.0s (cumulative)
[nb_ridge] solve class 743 107.1s (cumulative)
[nb_ridge] solve class 744 107.3s (cumulative)
[nb_ridge] solve class 745 107.4s (cumulative)
[nb_ridge] solve class 746 107.6s (cumulative)
[nb_ridge] solve class 747 107.7s (cumulative)
[nb_ridge] solve class 748 107.9s (cumulative)
[nb_ridge] solve class 749 108.0s (cumulative)
[nb_ridge] solve class 750 108.1s (cumulative)
[nb_ridge] solve class 751 108.3s (cumulative)
[nb_ridge] solve class 752 108.4s (cumulative)
[nb_ridge] solve class 753 108.6s (cumulative)
[nb_ridge] solve class 754 108.7s (cumulative)
[nb_ridge] solve class 755 108.9s (cumulative)
[nb_ridge] solve class 756 109.0s (cumulative)
[nb_ridge] solve class 757 109.2s (cumulative)
[nb_ridge] solve class 758 109.3s (cumulative)
[nb_ridge] solve class 759 109.5s (cumulative)
[nb_ridge] solve class 760 109.6s (cumulative)
[nb_ridge] solve class 761 109.7s (cumulative)
[nb_ridge] solve class 762 109.9s (cumulative)
[nb_ridge] solve class 763 110.0s (cumulative)
[nb_ridge] solve class 764 110.2s (cumulative)
[nb_ridge] solve class 765 110.3s (cumulative)
[nb_ridge] solve class 766 110.5s (cumulative)
[nb_ridge] solve class 767 110.6s (cumulative)
[nb_ridge] solve class 768 110.8s (cumulative)
[nb_ridge] solve class 769 110.9s (cumulative)
[nb_ridge] solve class 770 111.1s (cumulative)
[nb_ridge] solve class 771 111.2s (cumulative)
[nb_ridge] solve class 772 111.4s (cumulative)
[nb_ridge] solve class 773 111.5s (cumulative)
[nb_ridge] solve class 774 111.7s (cumulative)
[nb_ridge] solve class 775 111.8s (cumulative)
[nb_ridge] solve class 776 112.0s (cumulative)
[nb_ridge] solve class 777 112.1s (cumulative)
[nb_ridge] solve class 778 112.2s (cumulative)
[nb_ridge] solve class 779 112.4s (cumulative)
[nb_ridge] solve class 780 112.5s (cumulative)
[nb_ridge] solve class 781 112.7s (cumulative)
[nb_ridge] solve class 782 112.8s (cumulative)
[nb_ridge] solve class 783 112.9s (cumulative)
[nb_ridge] solve class 784 113.1s (cumulative)
[nb_ridge] solve class 785 113.2s (cumulative)
[nb_ridge] solve class 786 113.3s (cumulative)
[nb_ridge] solve class 787 113.5s (cumulative)
[nb_ridge] solve class 788 113.6s (cumulative)
[nb_ridge] solve class 789 113.7s (cumulative)
[nb_ridge] solve class 790 113.9s (cumulative)
[nb_ridge] solve class 791 114.0s (cumulative)
[nb_ridge] solve class 792 114.1s (cumulative)
[nb_ridge] solve class 793 114.3s (cumulative)
[nb_ridge] solve class 794 114.4s (cumulative)
[nb_ridge] solve class 795 114.6s (cumulative)
[nb_ridge] solve class 796 114.7s (cumulative)
[nb_ridge] solve class 797 114.8s (cumulative)
[nb_ridge] solve class 798 115.0s (cumulative)
[nb_ridge] solve class 799 115.1s (cumulative)
[nb_ridge] solve class 800 115.2s (cumulative)
[nb_ridge] solve class 801 115.4s (cumulative)
[nb_ridge] solve class 802 115.5s (cumulative)
[nb_ridge] solve class 803 115.7s (cumulative)
[nb_ridge] solve class 804 115.8s (cumulative)
[nb_ridge] solve class 805 115.9s (cumulative)
[nb_ridge] solve class 806 116.1s (cumulative)
[nb_ridge] solve class 807 116.2s (cumulative)
[nb_ridge] solve class 808 116.3s (cumulative)
[nb_ridge] solve class 809 116.5s (cumulative)
[nb_ridge] solve class 810 116.6s (cumulative)
[nb_ridge] solve class 811 116.7s (cumulative)
[nb_ridge] solve class 812 116.9s (cumulative)
[nb_ridge] solve class 813 117.0s (cumulative)
[nb_ridge] solve class 814 117.1s (cumulative)
[nb_ridge] solve class 815 117.3s (cumulative)
[nb_ridge] solve class 816 117.4s (cumulative)
[nb_ridge] solve class 817 117.6s (cumulative)
[nb_ridge] solve class 818 117.7s (cumulative)
[nb_ridge] solve class 819 117.8s (cumulative)
[nb_ridge] solve class 820 118.0s (cumulative)
[nb_ridge] solve class 821 118.1s (cumulative)
[nb_ridge] solve class 822 118.2s (cumulative)
[nb_ridge] solve class 823 118.4s (cumulative)
[nb_ridge] solve class 824 118.5s (cumulative)
[nb_ridge] solve class 825 118.6s (cumulative)
[nb_ridge] solve class 826 118.8s (cumulative)
[nb_ridge] solve class 827 118.9s (cumulative)
[nb_ridge] solve class 828 119.1s (cumulative)
[nb_ridge] solve class 829 119.2s (cumulative)
[nb_ridge] solve class 830 119.3s (cumulative)
[nb_ridge] solve class 831 119.5s (cumulative)
[nb_ridge] solve class 832 119.6s (cumulative)
[nb_ridge] solve class 833 119.7s (cumulative)
[nb_ridge] solve class 834 119.9s (cumulative)
[nb_ridge] solve class 835 120.0s (cumulative)
[nb_ridge] solve class 836 120.1s (cumulative)
[nb_ridge] solve class 837 120.3s (cumulative)
[nb_ridge] solve class 838 120.4s (cumulative)
[nb_ridge] solve class 839 120.6s (cumulative)
[nb_ridge] solve class 840 120.7s (cumulative)
[nb_ridge] solve class 841 120.8s (cumulative)
    ridge-select: scale 0.5 → sel-slice acc 0.1700
[nb_ridge] tokenize+counts 0.0s (1981 docs, 842 classes)
[nb_ridge] solve class 0 0.2s (cumulative)
[nb_ridge] solve class 1 0.4s (cumulative)
[nb_ridge] solve class 2 0.5s (cumulative)
[nb_ridge] solve class 3 0.6s (cumulative)
[nb_ridge] solve class 4 0.8s (cumulative)
[nb_ridge] solve class 5 0.9s (cumulative)
[nb_ridge] solve class 6 1.1s (cumulative)
[nb_ridge] solve class 7 1.2s (cumulative)
[nb_ridge] solve class 8 1.4s (cumulative)
[nb_ridge] solve class 9 1.5s (cumulative)
[nb_ridge] solve class 10 1.7s (cumulative)
[nb_ridge] solve class 11 1.8s (cumulative)
[nb_ridge] solve class 12 2.0s (cumulative)
[nb_ridge] solve class 13 2.1s (cumulative)
[nb_ridge] solve class 14 2.2s (cumulative)
[nb_ridge] solve class 15 2.4s (cumulative)
[nb_ridge] solve class 16 2.5s (cumulative)
[nb_ridge] solve class 17 2.7s (cumulative)
[nb_ridge] solve class 18 2.8s (cumulative)
[nb_ridge] solve class 19 3.0s (cumulative)
[nb_ridge] solve class 20 3.1s (cumulative)
[nb_ridge] solve class 21 3.3s (cumulative)
[nb_ridge] solve class 22 3.4s (cumulative)
[nb_ridge] solve class 23 3.5s (cumulative)
[nb_ridge] solve class 24 3.7s (cumulative)
[nb_ridge] solve class 25 3.8s (cumulative)
[nb_ridge] solve class 26 4.0s (cumulative)
[nb_ridge] solve class 27 4.1s (cumulative)
[nb_ridge] solve class 28 4.3s (cumulative)
[nb_ridge] solve class 29 4.4s (cumulative)
[nb_ridge] solve class 30 4.6s (cumulative)
[nb_ridge] solve class 31 4.7s (cumulative)
[nb_ridge] solve class 32 4.9s (cumulative)
[nb_ridge] solve class 33 5.0s (cumulative)
[nb_ridge] solve class 34 5.2s (cumulative)
[nb_ridge] solve class 35 5.3s (cumulative)
[nb_ridge] solve class 36 5.5s (cumulative)
[nb_ridge] solve class 37 5.6s (cumulative)
[nb_ridge] solve class 38 5.8s (cumulative)
[nb_ridge] solve class 39 5.9s (cumulative)
[nb_ridge] solve class 40 6.1s (cumulative)
[nb_ridge] solve class 41 6.2s (cumulative)
[nb_ridge] solve class 42 6.4s (cumulative)
[nb_ridge] solve class 43 6.5s (cumulative)
[nb_ridge] solve class 44 6.7s (cumulative)
[nb_ridge] solve class 45 6.8s (cumulative)
[nb_ridge] solve class 46 7.0s (cumulative)
[nb_ridge] solve class 47 7.1s (cumulative)
[nb_ridge] solve class 48 7.3s (cumulative)
[nb_ridge] solve class 49 7.4s (cumulative)
[nb_ridge] solve class 50 7.6s (cumulative)
[nb_ridge] solve class 51 7.7s (cumulative)
[nb_ridge] solve class 52 7.9s (cumulative)
[nb_ridge] solve class 53 8.0s (cumulative)
[nb_ridge] solve class 54 8.2s (cumulative)
[nb_ridge] solve class 55 8.3s (cumulative)
[nb_ridge] solve class 56 8.5s (cumulative)
[nb_ridge] solve class 57 8.6s (cumulative)
[nb_ridge] solve class 58 8.8s (cumulative)
[nb_ridge] solve class 59 8.9s (cumulative)
[nb_ridge] solve class 60 9.1s (cumulative)
[nb_ridge] solve class 61 9.2s (cumulative)
[nb_ridge] solve class 62 9.4s (cumulative)
[nb_ridge] solve class 63 9.5s (cumulative)
[nb_ridge] solve class 64 9.7s (cumulative)
[nb_ridge] solve class 65 9.8s (cumulative)
[nb_ridge] solve class 66 10.0s (cumulative)
[nb_ridge] solve class 67 10.1s (cumulative)
[nb_ridge] solve class 68 10.3s (cumulative)
[nb_ridge] solve class 69 10.4s (cumulative)
[nb_ridge] solve class 70 10.6s (cumulative)
[nb_ridge] solve class 71 10.7s (cumulative)
[nb_ridge] solve class 72 10.9s (cumulative)
[nb_ridge] solve class 73 11.0s (cumulative)
[nb_ridge] solve class 74 11.2s (cumulative)
[nb_ridge] solve class 75 11.3s (cumulative)
[nb_ridge] solve class 76 11.5s (cumulative)
[nb_ridge] solve class 77 11.6s (cumulative)
[nb_ridge] solve class 78 11.7s (cumulative)
[nb_ridge] solve class 79 11.9s (cumulative)
[nb_ridge] solve class 80 12.0s (cumulative)
[nb_ridge] solve class 81 12.2s (cumulative)
[nb_ridge] solve class 82 12.3s (cumulative)
[nb_ridge] solve class 83 12.4s (cumulative)
[nb_ridge] solve class 84 12.6s (cumulative)
[nb_ridge] solve class 85 12.7s (cumulative)
[nb_ridge] solve class 86 12.9s (cumulative)
[nb_ridge] solve class 87 13.0s (cumulative)
[nb_ridge] solve class 88 13.1s (cumulative)
[nb_ridge] solve class 89 13.3s (cumulative)
[nb_ridge] solve class 90 13.4s (cumulative)
[nb_ridge] solve class 91 13.6s (cumulative)
[nb_ridge] solve class 92 13.7s (cumulative)
[nb_ridge] solve class 93 13.9s (cumulative)
[nb_ridge] solve class 94 14.0s (cumulative)
[nb_ridge] solve class 95 14.2s (cumulative)
[nb_ridge] solve class 96 14.3s (cumulative)
[nb_ridge] solve class 97 14.5s (cumulative)
[nb_ridge] solve class 98 14.6s (cumulative)
[nb_ridge] solve class 99 14.8s (cumulative)
[nb_ridge] solve class 100 14.9s (cumulative)
[nb_ridge] solve class 101 15.1s (cumulative)
[nb_ridge] solve class 102 15.2s (cumulative)
[nb_ridge] solve class 103 15.4s (cumulative)
[nb_ridge] solve class 104 15.5s (cumulative)
[nb_ridge] solve class 105 15.7s (cumulative)
[nb_ridge] solve class 106 15.8s (cumulative)
[nb_ridge] solve class 107 16.0s (cumulative)
[nb_ridge] solve class 108 16.1s (cumulative)
[nb_ridge] solve class 109 16.2s (cumulative)
[nb_ridge] solve class 110 16.4s (cumulative)
[nb_ridge] solve class 111 16.5s (cumulative)
[nb_ridge] solve class 112 16.7s (cumulative)
[nb_ridge] solve class 113 16.8s (cumulative)
[nb_ridge] solve class 114 17.0s (cumulative)
[nb_ridge] solve class 115 17.1s (cumulative)
[nb_ridge] solve class 116 17.3s (cumulative)
[nb_ridge] solve class 117 17.4s (cumulative)
[nb_ridge] solve class 118 17.6s (cumulative)
[nb_ridge] solve class 119 17.7s (cumulative)
[nb_ridge] solve class 120 17.9s (cumulative)
[nb_ridge] solve class 121 18.0s (cumulative)
[nb_ridge] solve class 122 18.2s (cumulative)
[nb_ridge] solve class 123 18.3s (cumulative)
[nb_ridge] solve class 124 18.5s (cumulative)
[nb_ridge] solve class 125 18.6s (cumulative)
[nb_ridge] solve class 126 18.8s (cumulative)
[nb_ridge] solve class 127 18.9s (cumulative)
[nb_ridge] solve class 128 19.0s (cumulative)
[nb_ridge] solve class 129 19.2s (cumulative)
[nb_ridge] solve class 130 19.4s (cumulative)
[nb_ridge] solve class 131 19.5s (cumulative)
[nb_ridge] solve class 132 19.7s (cumulative)
[nb_ridge] solve class 133 19.8s (cumulative)
[nb_ridge] solve class 134 19.9s (cumulative)
[nb_ridge] solve class 135 20.1s (cumulative)
[nb_ridge] solve class 136 20.2s (cumulative)
[nb_ridge] solve class 137 20.4s (cumulative)
[nb_ridge] solve class 138 20.5s (cumulative)
[nb_ridge] solve class 139 20.7s (cumulative)
[nb_ridge] solve class 140 20.8s (cumulative)
[nb_ridge] solve class 141 20.9s (cumulative)
[nb_ridge] solve class 142 21.1s (cumulative)
[nb_ridge] solve class 143 21.2s (cumulative)
[nb_ridge] solve class 144 21.4s (cumulative)
[nb_ridge] solve class 145 21.5s (cumulative)
[nb_ridge] solve class 146 21.7s (cumulative)
[nb_ridge] solve class 147 21.8s (cumulative)
[nb_ridge] solve class 148 22.0s (cumulative)
[nb_ridge] solve class 149 22.1s (cumulative)
[nb_ridge] solve class 150 22.2s (cumulative)
[nb_ridge] solve class 151 22.4s (cumulative)
[nb_ridge] solve class 152 22.5s (cumulative)
[nb_ridge] solve class 153 22.7s (cumulative)
[nb_ridge] solve class 154 22.8s (cumulative)
[nb_ridge] solve class 155 23.0s (cumulative)
[nb_ridge] solve class 156 23.1s (cumulative)
[nb_ridge] solve class 157 23.3s (cumulative)
[nb_ridge] solve class 158 23.4s (cumulative)
[nb_ridge] solve class 159 23.5s (cumulative)
[nb_ridge] solve class 160 23.7s (cumulative)
[nb_ridge] solve class 161 23.8s (cumulative)
[nb_ridge] solve class 162 24.0s (cumulative)
[nb_ridge] solve class 163 24.1s (cumulative)
[nb_ridge] solve class 164 24.3s (cumulative)
[nb_ridge] solve class 165 24.4s (cumulative)
[nb_ridge] solve class 166 24.6s (cumulative)
[nb_ridge] solve class 167 24.7s (cumulative)
[nb_ridge] solve class 168 24.9s (cumulative)
[nb_ridge] solve class 169 25.0s (cumulative)
[nb_ridge] solve class 170 25.2s (cumulative)
[nb_ridge] solve class 171 25.3s (cumulative)
[nb_ridge] solve class 172 25.5s (cumulative)
[nb_ridge] solve class 173 25.6s (cumulative)
[nb_ridge] solve class 174 25.8s (cumulative)
[nb_ridge] solve class 175 25.9s (cumulative)
[nb_ridge] solve class 176 26.1s (cumulative)
[nb_ridge] solve class 177 26.2s (cumulative)
[nb_ridge] solve class 178 26.4s (cumulative)
[nb_ridge] solve class 179 26.5s (cumulative)
[nb_ridge] solve class 180 26.7s (cumulative)
[nb_ridge] solve class 181 26.8s (cumulative)
[nb_ridge] solve class 182 26.9s (cumulative)
[nb_ridge] solve class 183 27.1s (cumulative)
[nb_ridge] solve class 184 27.2s (cumulative)
[nb_ridge] solve class 185 27.4s (cumulative)
[nb_ridge] solve class 186 27.5s (cumulative)
[nb_ridge] solve class 187 27.7s (cumulative)
[nb_ridge] solve class 188 27.8s (cumulative)
[nb_ridge] solve class 189 28.0s (cumulative)
[nb_ridge] solve class 190 28.1s (cumulative)
[nb_ridge] solve class 191 28.3s (cumulative)
[nb_ridge] solve class 192 28.4s (cumulative)
[nb_ridge] solve class 193 28.6s (cumulative)
[nb_ridge] solve class 194 28.7s (cumulative)
[nb_ridge] solve class 195 28.9s (cumulative)
[nb_ridge] solve class 196 29.0s (cumulative)
[nb_ridge] solve class 197 29.2s (cumulative)
[nb_ridge] solve class 198 29.3s (cumulative)
[nb_ridge] solve class 199 29.5s (cumulative)
[nb_ridge] solve class 200 29.6s (cumulative)
[nb_ridge] solve class 201 29.8s (cumulative)
[nb_ridge] solve class 202 29.9s (cumulative)
[nb_ridge] solve class 203 30.1s (cumulative)
[nb_ridge] solve class 204 30.2s (cumulative)
[nb_ridge] solve class 205 30.4s (cumulative)
[nb_ridge] solve class 206 30.5s (cumulative)
[nb_ridge] solve class 207 30.7s (cumulative)
[nb_ridge] solve class 208 30.8s (cumulative)
[nb_ridge] solve class 209 31.0s (cumulative)
[nb_ridge] solve class 210 31.1s (cumulative)
[nb_ridge] solve class 211 31.3s (cumulative)
[nb_ridge] solve class 212 31.4s (cumulative)
[nb_ridge] solve class 213 31.6s (cumulative)
[nb_ridge] solve class 214 31.7s (cumulative)
[nb_ridge] solve class 215 31.9s (cumulative)
[nb_ridge] solve class 216 32.0s (cumulative)
[nb_ridge] solve class 217 32.2s (cumulative)
[nb_ridge] solve class 218 32.3s (cumulative)
[nb_ridge] solve class 219 32.5s (cumulative)
[nb_ridge] solve class 220 32.7s (cumulative)
[nb_ridge] solve class 221 32.9s (cumulative)
[nb_ridge] solve class 222 33.1s (cumulative)
[nb_ridge] solve class 223 33.3s (cumulative)
[nb_ridge] solve class 224 33.7s (cumulative)
[nb_ridge] solve class 225 33.9s (cumulative)
[nb_ridge] solve class 226 34.1s (cumulative)
[nb_ridge] solve class 227 34.3s (cumulative)
[nb_ridge] solve class 228 34.5s (cumulative)
[nb_ridge] solve class 229 34.8s (cumulative)
[nb_ridge] solve class 230 34.9s (cumulative)
[nb_ridge] solve class 231 35.1s (cumulative)
[nb_ridge] solve class 232 35.4s (cumulative)
[nb_ridge] solve class 233 35.6s (cumulative)
[nb_ridge] solve class 234 35.9s (cumulative)
[nb_ridge] solve class 235 36.0s (cumulative)
[nb_ridge] solve class 236 36.2s (cumulative)
[nb_ridge] solve class 237 36.4s (cumulative)
[nb_ridge] solve class 238 36.6s (cumulative)
[nb_ridge] solve class 239 36.7s (cumulative)
[nb_ridge] solve class 240 37.0s (cumulative)
[nb_ridge] solve class 241 37.2s (cumulative)
[nb_ridge] solve class 242 37.3s (cumulative)
[nb_ridge] solve class 243 37.5s (cumulative)
[nb_ridge] solve class 244 37.7s (cumulative)
[nb_ridge] solve class 245 38.0s (cumulative)
[nb_ridge] solve class 246 38.3s (cumulative)
[nb_ridge] solve class 247 38.5s (cumulative)
[nb_ridge] solve class 248 38.8s (cumulative)
[nb_ridge] solve class 249 39.0s (cumulative)
[nb_ridge] solve class 250 39.3s (cumulative)
[nb_ridge] solve class 251 39.5s (cumulative)
[nb_ridge] solve class 252 39.8s (cumulative)
[nb_ridge] solve class 253 39.9s (cumulative)
[nb_ridge] solve class 254 40.2s (cumulative)
[nb_ridge] solve class 255 40.4s (cumulative)
[nb_ridge] solve class 256 40.7s (cumulative)
[nb_ridge] solve class 257 41.0s (cumulative)
[nb_ridge] solve class 258 41.1s (cumulative)
[nb_ridge] solve class 259 41.4s (cumulative)
[nb_ridge] solve class 260 41.7s (cumulative)
[nb_ridge] solve class 261 41.9s (cumulative)
[nb_ridge] solve class 262 42.1s (cumulative)
[nb_ridge] solve class 263 42.4s (cumulative)
[nb_ridge] solve class 264 42.7s (cumulative)
[nb_ridge] solve class 265 43.0s (cumulative)
[nb_ridge] solve class 266 43.3s (cumulative)
[nb_ridge] solve class 267 43.5s (cumulative)
[nb_ridge] solve class 268 43.8s (cumulative)
[nb_ridge] solve class 269 44.1s (cumulative)
[nb_ridge] solve class 270 44.4s (cumulative)
[nb_ridge] solve class 271 44.7s (cumulative)
[nb_ridge] solve class 272 45.0s (cumulative)
[nb_ridge] solve class 273 45.3s (cumulative)
[nb_ridge] solve class 274 45.7s (cumulative)
[nb_ridge] solve class 275 46.0s (cumulative)
[nb_ridge] solve class 276 46.3s (cumulative)
[nb_ridge] solve class 277 46.6s (cumulative)
[nb_ridge] solve class 278 46.9s (cumulative)
[nb_ridge] solve class 279 47.2s (cumulative)
[nb_ridge] solve class 280 47.4s (cumulative)
[nb_ridge] solve class 281 47.8s (cumulative)
[nb_ridge] solve class 282 48.0s (cumulative)
[nb_ridge] solve class 283 48.4s (cumulative)
[nb_ridge] solve class 284 48.7s (cumulative)
[nb_ridge] solve class 285 49.1s (cumulative)
[nb_ridge] solve class 286 49.4s (cumulative)
[nb_ridge] solve class 287 49.7s (cumulative)
[nb_ridge] solve class 288 50.0s (cumulative)
[nb_ridge] solve class 289 50.3s (cumulative)
[nb_ridge] solve class 290 50.6s (cumulative)
[nb_ridge] solve class 291 50.9s (cumulative)
[nb_ridge] solve class 292 51.2s (cumulative)
[nb_ridge] solve class 293 51.5s (cumulative)
[nb_ridge] solve class 294 51.8s (cumulative)
[nb_ridge] solve class 295 52.1s (cumulative)
[nb_ridge] solve class 296 52.4s (cumulative)
[nb_ridge] solve class 297 52.7s (cumulative)
[nb_ridge] solve class 298 52.9s (cumulative)
[nb_ridge] solve class 299 53.0s (cumulative)
[nb_ridge] solve class 300 53.2s (cumulative)
[nb_ridge] solve class 301 53.5s (cumulative)
[nb_ridge] solve class 302 53.8s (cumulative)
[nb_ridge] solve class 303 54.0s (cumulative)
[nb_ridge] solve class 304 54.3s (cumulative)
[nb_ridge] solve class 305 54.6s (cumulative)
[nb_ridge] solve class 306 54.9s (cumulative)
[nb_ridge] solve class 307 55.1s (cumulative)
[nb_ridge] solve class 308 55.3s (cumulative)
[nb_ridge] solve class 309 55.5s (cumulative)
[nb_ridge] solve class 310 55.6s (cumulative)
[nb_ridge] solve class 311 55.8s (cumulative)
[nb_ridge] solve class 312 56.0s (cumulative)
[nb_ridge] solve class 313 56.3s (cumulative)
[nb_ridge] solve class 314 56.5s (cumulative)
[nb_ridge] solve class 315 56.8s (cumulative)
[nb_ridge] solve class 316 57.0s (cumulative)
[nb_ridge] solve class 317 57.2s (cumulative)
[nb_ridge] solve class 318 57.4s (cumulative)
[nb_ridge] solve class 319 57.6s (cumulative)
[nb_ridge] solve class 320 57.7s (cumulative)
[nb_ridge] solve class 321 57.9s (cumulative)
[nb_ridge] solve class 322 58.0s (cumulative)
[nb_ridge] solve class 323 58.2s (cumulative)
[nb_ridge] solve class 324 58.3s (cumulative)
[nb_ridge] solve class 325 58.5s (cumulative)
[nb_ridge] solve class 326 58.6s (cumulative)
[nb_ridge] solve class 327 58.8s (cumulative)
[nb_ridge] solve class 328 58.9s (cumulative)
[nb_ridge] solve class 329 59.1s (cumulative)
[nb_ridge] solve class 330 59.2s (cumulative)
[nb_ridge] solve class 331 59.4s (cumulative)
[nb_ridge] solve class 332 59.5s (cumulative)
[nb_ridge] solve class 333 59.7s (cumulative)
[nb_ridge] solve class 334 59.8s (cumulative)
[nb_ridge] solve class 335 59.9s (cumulative)
[nb_ridge] solve class 336 60.1s (cumulative)
[nb_ridge] solve class 337 60.2s (cumulative)
[nb_ridge] solve class 338 60.4s (cumulative)
[nb_ridge] solve class 339 60.5s (cumulative)
[nb_ridge] solve class 340 60.7s (cumulative)
[nb_ridge] solve class 341 60.8s (cumulative)
[nb_ridge] solve class 342 61.0s (cumulative)
[nb_ridge] solve class 343 61.1s (cumulative)
[nb_ridge] solve class 344 61.3s (cumulative)
[nb_ridge] solve class 345 61.4s (cumulative)
[nb_ridge] solve class 346 61.5s (cumulative)
[nb_ridge] solve class 347 61.7s (cumulative)
[nb_ridge] solve class 348 61.8s (cumulative)
[nb_ridge] solve class 349 62.0s (cumulative)
[nb_ridge] solve class 350 62.1s (cumulative)
[nb_ridge] solve class 351 62.3s (cumulative)
[nb_ridge] solve class 352 62.4s (cumulative)
[nb_ridge] solve class 353 62.6s (cumulative)
[nb_ridge] solve class 354 62.7s (cumulative)
[nb_ridge] solve class 355 62.9s (cumulative)
[nb_ridge] solve class 356 63.0s (cumulative)
[nb_ridge] solve class 357 63.2s (cumulative)
[nb_ridge] solve class 358 63.3s (cumulative)
[nb_ridge] solve class 359 63.5s (cumulative)
[nb_ridge] solve class 360 63.6s (cumulative)
[nb_ridge] solve class 361 63.7s (cumulative)
[nb_ridge] solve class 362 63.9s (cumulative)
[nb_ridge] solve class 363 64.0s (cumulative)
[nb_ridge] solve class 364 64.2s (cumulative)
[nb_ridge] solve class 365 64.3s (cumulative)
[nb_ridge] solve class 366 64.5s (cumulative)
[nb_ridge] solve class 367 64.6s (cumulative)
[nb_ridge] solve class 368 64.8s (cumulative)
[nb_ridge] solve class 369 64.9s (cumulative)
[nb_ridge] solve class 370 65.1s (cumulative)
[nb_ridge] solve class 371 65.2s (cumulative)
[nb_ridge] solve class 372 65.4s (cumulative)
[nb_ridge] solve class 373 65.5s (cumulative)
[nb_ridge] solve class 374 65.7s (cumulative)
[nb_ridge] solve class 375 65.8s (cumulative)
[nb_ridge] solve class 376 66.0s (cumulative)
[nb_ridge] solve class 377 66.1s (cumulative)
[nb_ridge] solve class 378 66.3s (cumulative)
[nb_ridge] solve class 379 66.4s (cumulative)
[nb_ridge] solve class 380 66.6s (cumulative)
[nb_ridge] solve class 381 66.7s (cumulative)
[nb_ridge] solve class 382 66.8s (cumulative)
[nb_ridge] solve class 383 67.0s (cumulative)
[nb_ridge] solve class 384 67.1s (cumulative)
[nb_ridge] solve class 385 67.3s (cumulative)
[nb_ridge] solve class 386 67.4s (cumulative)
[nb_ridge] solve class 387 67.6s (cumulative)
[nb_ridge] solve class 388 67.7s (cumulative)
[nb_ridge] solve class 389 67.9s (cumulative)
[nb_ridge] solve class 390 68.0s (cumulative)
[nb_ridge] solve class 391 68.2s (cumulative)
[nb_ridge] solve class 392 68.3s (cumulative)
[nb_ridge] solve class 393 68.5s (cumulative)
[nb_ridge] solve class 394 68.6s (cumulative)
[nb_ridge] solve class 395 68.8s (cumulative)
[nb_ridge] solve class 396 68.9s (cumulative)
[nb_ridge] solve class 397 69.0s (cumulative)
[nb_ridge] solve class 398 69.2s (cumulative)
[nb_ridge] solve class 399 69.3s (cumulative)
[nb_ridge] solve class 400 69.5s (cumulative)
[nb_ridge] solve class 401 69.6s (cumulative)
[nb_ridge] solve class 402 69.8s (cumulative)
[nb_ridge] solve class 403 70.0s (cumulative)
[nb_ridge] solve class 404 70.1s (cumulative)
[nb_ridge] solve class 405 70.3s (cumulative)
[nb_ridge] solve class 406 70.6s (cumulative)
[nb_ridge] solve class 407 70.8s (cumulative)
[nb_ridge] solve class 408 71.0s (cumulative)
[nb_ridge] solve class 409 71.2s (cumulative)
[nb_ridge] solve class 410 71.5s (cumulative)
[nb_ridge] solve class 411 71.7s (cumulative)
[nb_ridge] solve class 412 71.9s (cumulative)
[nb_ridge] solve class 413 72.0s (cumulative)
[nb_ridge] solve class 414 72.2s (cumulative)
[nb_ridge] solve class 415 72.3s (cumulative)
[nb_ridge] solve class 416 72.5s (cumulative)
[nb_ridge] solve class 417 72.6s (cumulative)
[nb_ridge] solve class 418 72.8s (cumulative)
[nb_ridge] solve class 419 72.9s (cumulative)
[nb_ridge] solve class 420 73.1s (cumulative)
[nb_ridge] solve class 421 73.3s (cumulative)
[nb_ridge] solve class 422 73.5s (cumulative)
[nb_ridge] solve class 423 73.8s (cumulative)
[nb_ridge] solve class 424 74.0s (cumulative)
[nb_ridge] solve class 425 74.2s (cumulative)
[nb_ridge] solve class 426 74.4s (cumulative)
[nb_ridge] solve class 427 74.6s (cumulative)
[nb_ridge] solve class 428 74.7s (cumulative)
[nb_ridge] solve class 429 74.9s (cumulative)
[nb_ridge] solve class 430 75.0s (cumulative)
[nb_ridge] solve class 431 75.1s (cumulative)
[nb_ridge] solve class 432 75.3s (cumulative)
[nb_ridge] solve class 433 75.4s (cumulative)
[nb_ridge] solve class 434 75.6s (cumulative)
[nb_ridge] solve class 435 75.7s (cumulative)
[nb_ridge] solve class 436 75.9s (cumulative)
[nb_ridge] solve class 437 76.0s (cumulative)
[nb_ridge] solve class 438 76.2s (cumulative)
[nb_ridge] solve class 439 76.3s (cumulative)
[nb_ridge] solve class 440 76.5s (cumulative)
[nb_ridge] solve class 441 76.6s (cumulative)
[nb_ridge] solve class 442 76.8s (cumulative)
[nb_ridge] solve class 443 76.9s (cumulative)
[nb_ridge] solve class 444 77.1s (cumulative)
[nb_ridge] solve class 445 77.2s (cumulative)
[nb_ridge] solve class 446 77.4s (cumulative)
[nb_ridge] solve class 447 77.5s (cumulative)
[nb_ridge] solve class 448 77.6s (cumulative)
[nb_ridge] solve class 449 77.8s (cumulative)
[nb_ridge] solve class 450 77.9s (cumulative)
[nb_ridge] solve class 451 78.1s (cumulative)
[nb_ridge] solve class 452 78.2s (cumulative)
[nb_ridge] solve class 453 78.4s (cumulative)
[nb_ridge] solve class 454 78.5s (cumulative)
[nb_ridge] solve class 455 78.7s (cumulative)
[nb_ridge] solve class 456 78.8s (cumulative)
[nb_ridge] solve class 457 79.0s (cumulative)
[nb_ridge] solve class 458 79.2s (cumulative)
[nb_ridge] solve class 459 79.5s (cumulative)
[nb_ridge] solve class 460 79.7s (cumulative)
[nb_ridge] solve class 461 80.0s (cumulative)
[nb_ridge] solve class 462 80.2s (cumulative)
[nb_ridge] solve class 463 80.5s (cumulative)
[nb_ridge] solve class 464 80.7s (cumulative)
[nb_ridge] solve class 465 80.9s (cumulative)
[nb_ridge] solve class 466 81.1s (cumulative)
[nb_ridge] solve class 467 81.3s (cumulative)
[nb_ridge] solve class 468 81.4s (cumulative)
[nb_ridge] solve class 469 81.6s (cumulative)
[nb_ridge] solve class 470 81.7s (cumulative)
[nb_ridge] solve class 471 81.9s (cumulative)
[nb_ridge] solve class 472 82.0s (cumulative)
[nb_ridge] solve class 473 82.2s (cumulative)
[nb_ridge] solve class 474 82.3s (cumulative)
[nb_ridge] solve class 475 82.5s (cumulative)
[nb_ridge] solve class 476 82.6s (cumulative)
[nb_ridge] solve class 477 82.8s (cumulative)
[nb_ridge] solve class 478 82.9s (cumulative)
[nb_ridge] solve class 479 83.1s (cumulative)
[nb_ridge] solve class 480 83.2s (cumulative)
[nb_ridge] solve class 481 83.3s (cumulative)
[nb_ridge] solve class 482 83.5s (cumulative)
[nb_ridge] solve class 483 83.6s (cumulative)
[nb_ridge] solve class 484 83.8s (cumulative)
[nb_ridge] solve class 485 83.9s (cumulative)
[nb_ridge] solve class 486 84.1s (cumulative)
[nb_ridge] solve class 487 84.2s (cumulative)
[nb_ridge] solve class 488 84.4s (cumulative)
[nb_ridge] solve class 489 84.5s (cumulative)
[nb_ridge] solve class 490 84.7s (cumulative)
[nb_ridge] solve class 491 84.8s (cumulative)
[nb_ridge] solve class 492 85.0s (cumulative)
[nb_ridge] solve class 493 85.1s (cumulative)
[nb_ridge] solve class 494 85.3s (cumulative)
[nb_ridge] solve class 495 85.4s (cumulative)
[nb_ridge] solve class 496 85.6s (cumulative)
[nb_ridge] solve class 497 85.7s (cumulative)
[nb_ridge] solve class 498 85.8s (cumulative)
[nb_ridge] solve class 499 86.0s (cumulative)
[nb_ridge] solve class 500 86.1s (cumulative)
[nb_ridge] solve class 501 86.3s (cumulative)
[nb_ridge] solve class 502 86.4s (cumulative)
[nb_ridge] solve class 503 86.6s (cumulative)
[nb_ridge] solve class 504 86.7s (cumulative)
[nb_ridge] solve class 505 86.9s (cumulative)
[nb_ridge] solve class 506 87.0s (cumulative)
[nb_ridge] solve class 507 87.2s (cumulative)
[nb_ridge] solve class 508 87.3s (cumulative)
[nb_ridge] solve class 509 87.5s (cumulative)
[nb_ridge] solve class 510 87.6s (cumulative)
[nb_ridge] solve class 511 87.8s (cumulative)
[nb_ridge] solve class 512 87.9s (cumulative)
[nb_ridge] solve class 513 88.1s (cumulative)
[nb_ridge] solve class 514 88.2s (cumulative)
[nb_ridge] solve class 515 88.3s (cumulative)
[nb_ridge] solve class 516 88.5s (cumulative)
[nb_ridge] solve class 517 88.6s (cumulative)
[nb_ridge] solve class 518 88.8s (cumulative)
[nb_ridge] solve class 519 88.9s (cumulative)
[nb_ridge] solve class 520 89.1s (cumulative)
[nb_ridge] solve class 521 89.2s (cumulative)
[nb_ridge] solve class 522 89.4s (cumulative)
[nb_ridge] solve class 523 89.5s (cumulative)
[nb_ridge] solve class 524 89.7s (cumulative)
[nb_ridge] solve class 525 89.8s (cumulative)
[nb_ridge] solve class 526 90.0s (cumulative)
[nb_ridge] solve class 527 90.1s (cumulative)
[nb_ridge] solve class 528 90.3s (cumulative)
[nb_ridge] solve class 529 90.4s (cumulative)
[nb_ridge] solve class 530 90.6s (cumulative)
[nb_ridge] solve class 531 90.7s (cumulative)
[nb_ridge] solve class 532 90.8s (cumulative)
[nb_ridge] solve class 533 91.0s (cumulative)
[nb_ridge] solve class 534 91.1s (cumulative)
[nb_ridge] solve class 535 91.3s (cumulative)
[nb_ridge] solve class 536 91.4s (cumulative)
[nb_ridge] solve class 537 91.6s (cumulative)
[nb_ridge] solve class 538 91.7s (cumulative)
[nb_ridge] solve class 539 91.9s (cumulative)
[nb_ridge] solve class 540 92.0s (cumulative)
[nb_ridge] solve class 541 92.2s (cumulative)
[nb_ridge] solve class 542 92.3s (cumulative)
[nb_ridge] solve class 543 92.5s (cumulative)
[nb_ridge] solve class 544 92.6s (cumulative)
[nb_ridge] solve class 545 92.8s (cumulative)
[nb_ridge] solve class 546 92.9s (cumulative)
[nb_ridge] solve class 547 93.1s (cumulative)
[nb_ridge] solve class 548 93.2s (cumulative)
[nb_ridge] solve class 549 93.4s (cumulative)
[nb_ridge] solve class 550 93.5s (cumulative)
[nb_ridge] solve class 551 93.7s (cumulative)
[nb_ridge] solve class 552 93.8s (cumulative)
[nb_ridge] solve class 553 94.0s (cumulative)
[nb_ridge] solve class 554 94.1s (cumulative)
[nb_ridge] solve class 555 94.2s (cumulative)
[nb_ridge] solve class 556 94.4s (cumulative)
[nb_ridge] solve class 557 94.5s (cumulative)
[nb_ridge] solve class 558 94.7s (cumulative)
[nb_ridge] solve class 559 94.8s (cumulative)
[nb_ridge] solve class 560 95.0s (cumulative)
[nb_ridge] solve class 561 95.1s (cumulative)
[nb_ridge] solve class 562 95.3s (cumulative)
[nb_ridge] solve class 563 95.4s (cumulative)
[nb_ridge] solve class 564 95.6s (cumulative)
[nb_ridge] solve class 565 95.7s (cumulative)
[nb_ridge] solve class 566 95.8s (cumulative)
[nb_ridge] solve class 567 96.0s (cumulative)
[nb_ridge] solve class 568 96.1s (cumulative)
[nb_ridge] solve class 569 96.3s (cumulative)
[nb_ridge] solve class 570 96.4s (cumulative)
[nb_ridge] solve class 571 96.6s (cumulative)
[nb_ridge] solve class 572 96.7s (cumulative)
[nb_ridge] solve class 573 96.9s (cumulative)
[nb_ridge] solve class 574 97.0s (cumulative)
[nb_ridge] solve class 575 97.2s (cumulative)
[nb_ridge] solve class 576 97.3s (cumulative)
[nb_ridge] solve class 577 97.5s (cumulative)
[nb_ridge] solve class 578 97.6s (cumulative)
[nb_ridge] solve class 579 97.7s (cumulative)
[nb_ridge] solve class 580 97.9s (cumulative)
[nb_ridge] solve class 581 98.0s (cumulative)
[nb_ridge] solve class 582 98.2s (cumulative)
[nb_ridge] solve class 583 98.3s (cumulative)
[nb_ridge] solve class 584 98.5s (cumulative)
[nb_ridge] solve class 585 98.6s (cumulative)
[nb_ridge] solve class 586 98.8s (cumulative)
[nb_ridge] solve class 587 98.9s (cumulative)
[nb_ridge] solve class 588 99.1s (cumulative)
[nb_ridge] solve class 589 99.2s (cumulative)
[nb_ridge] solve class 590 99.4s (cumulative)
[nb_ridge] solve class 591 99.5s (cumulative)
[nb_ridge] solve class 592 99.7s (cumulative)
[nb_ridge] solve class 593 99.8s (cumulative)
[nb_ridge] solve class 594 99.9s (cumulative)
[nb_ridge] solve class 595 100.1s (cumulative)
[nb_ridge] solve class 596 100.2s (cumulative)
[nb_ridge] solve class 597 100.4s (cumulative)
[nb_ridge] solve class 598 100.5s (cumulative)
[nb_ridge] solve class 599 100.7s (cumulative)
[nb_ridge] solve class 600 100.8s (cumulative)
[nb_ridge] solve class 601 101.0s (cumulative)
[nb_ridge] solve class 602 101.1s (cumulative)
[nb_ridge] solve class 603 101.3s (cumulative)
[nb_ridge] solve class 604 101.4s (cumulative)
[nb_ridge] solve class 605 101.5s (cumulative)
[nb_ridge] solve class 606 101.7s (cumulative)
[nb_ridge] solve class 607 101.8s (cumulative)
[nb_ridge] solve class 608 102.0s (cumulative)
[nb_ridge] solve class 609 102.1s (cumulative)
[nb_ridge] solve class 610 102.3s (cumulative)
[nb_ridge] solve class 611 102.4s (cumulative)
[nb_ridge] solve class 612 102.5s (cumulative)
[nb_ridge] solve class 613 102.7s (cumulative)
[nb_ridge] solve class 614 102.8s (cumulative)
[nb_ridge] solve class 615 103.0s (cumulative)
[nb_ridge] solve class 616 103.1s (cumulative)
[nb_ridge] solve class 617 103.3s (cumulative)
[nb_ridge] solve class 618 103.4s (cumulative)
[nb_ridge] solve class 619 103.6s (cumulative)
[nb_ridge] solve class 620 103.7s (cumulative)
[nb_ridge] solve class 621 103.8s (cumulative)
[nb_ridge] solve class 622 104.0s (cumulative)
[nb_ridge] solve class 623 104.1s (cumulative)
[nb_ridge] solve class 624 104.3s (cumulative)
[nb_ridge] solve class 625 104.4s (cumulative)
[nb_ridge] solve class 626 104.6s (cumulative)
[nb_ridge] solve class 627 104.7s (cumulative)
[nb_ridge] solve class 628 104.9s (cumulative)
[nb_ridge] solve class 629 105.0s (cumulative)
[nb_ridge] solve class 630 105.2s (cumulative)
[nb_ridge] solve class 631 105.3s (cumulative)
[nb_ridge] solve class 632 105.5s (cumulative)
[nb_ridge] solve class 633 105.6s (cumulative)
[nb_ridge] solve class 634 105.8s (cumulative)
[nb_ridge] solve class 635 105.9s (cumulative)
[nb_ridge] solve class 636 106.1s (cumulative)
[nb_ridge] solve class 637 106.2s (cumulative)
[nb_ridge] solve class 638 106.3s (cumulative)
[nb_ridge] solve class 639 106.5s (cumulative)
[nb_ridge] solve class 640 106.6s (cumulative)
[nb_ridge] solve class 641 106.8s (cumulative)
[nb_ridge] solve class 642 107.0s (cumulative)
[nb_ridge] solve class 643 107.1s (cumulative)
[nb_ridge] solve class 644 107.3s (cumulative)
[nb_ridge] solve class 645 107.4s (cumulative)
[nb_ridge] solve class 646 107.5s (cumulative)
[nb_ridge] solve class 647 107.7s (cumulative)
[nb_ridge] solve class 648 107.8s (cumulative)
[nb_ridge] solve class 649 108.0s (cumulative)
[nb_ridge] solve class 650 108.1s (cumulative)
[nb_ridge] solve class 651 108.3s (cumulative)
[nb_ridge] solve class 652 108.4s (cumulative)
[nb_ridge] solve class 653 108.6s (cumulative)
[nb_ridge] solve class 654 108.7s (cumulative)
[nb_ridge] solve class 655 108.8s (cumulative)
[nb_ridge] solve class 656 109.0s (cumulative)
[nb_ridge] solve class 657 109.1s (cumulative)
[nb_ridge] solve class 658 109.3s (cumulative)
[nb_ridge] solve class 659 109.4s (cumulative)
[nb_ridge] solve class 660 109.6s (cumulative)
[nb_ridge] solve class 661 109.7s (cumulative)
[nb_ridge] solve class 662 109.9s (cumulative)
[nb_ridge] solve class 663 110.0s (cumulative)
[nb_ridge] solve class 664 110.2s (cumulative)
[nb_ridge] solve class 665 110.3s (cumulative)
[nb_ridge] solve class 666 110.4s (cumulative)
[nb_ridge] solve class 667 110.6s (cumulative)
[nb_ridge] solve class 668 110.7s (cumulative)
[nb_ridge] solve class 669 110.9s (cumulative)
[nb_ridge] solve class 670 111.0s (cumulative)
[nb_ridge] solve class 671 111.2s (cumulative)
[nb_ridge] solve class 672 111.3s (cumulative)
[nb_ridge] solve class 673 111.5s (cumulative)
[nb_ridge] solve class 674 111.6s (cumulative)
[nb_ridge] solve class 675 111.7s (cumulative)
[nb_ridge] solve class 676 111.9s (cumulative)
[nb_ridge] solve class 677 112.0s (cumulative)
[nb_ridge] solve class 678 112.2s (cumulative)
[nb_ridge] solve class 679 112.3s (cumulative)
[nb_ridge] solve class 680 112.5s (cumulative)
[nb_ridge] solve class 681 112.6s (cumulative)
[nb_ridge] solve class 682 112.8s (cumulative)
[nb_ridge] solve class 683 112.9s (cumulative)
[nb_ridge] solve class 684 113.1s (cumulative)
[nb_ridge] solve class 685 113.2s (cumulative)
[nb_ridge] solve class 686 113.4s (cumulative)
[nb_ridge] solve class 687 113.5s (cumulative)
[nb_ridge] solve class 688 113.7s (cumulative)
[nb_ridge] solve class 689 113.8s (cumulative)
[nb_ridge] solve class 690 114.0s (cumulative)
[nb_ridge] solve class 691 114.1s (cumulative)
[nb_ridge] solve class 692 114.3s (cumulative)
[nb_ridge] solve class 693 114.4s (cumulative)
[nb_ridge] solve class 694 114.6s (cumulative)
[nb_ridge] solve class 695 114.7s (cumulative)
[nb_ridge] solve class 696 114.8s (cumulative)
[nb_ridge] solve class 697 115.0s (cumulative)
[nb_ridge] solve class 698 115.1s (cumulative)
[nb_ridge] solve class 699 115.3s (cumulative)
[nb_ridge] solve class 700 115.4s (cumulative)
[nb_ridge] solve class 701 115.5s (cumulative)
[nb_ridge] solve class 702 115.7s (cumulative)
[nb_ridge] solve class 703 115.8s (cumulative)
[nb_ridge] solve class 704 115.9s (cumulative)
[nb_ridge] solve class 705 116.1s (cumulative)
[nb_ridge] solve class 706 116.2s (cumulative)
[nb_ridge] solve class 707 116.4s (cumulative)
[nb_ridge] solve class 708 116.5s (cumulative)
[nb_ridge] solve class 709 116.6s (cumulative)
[nb_ridge] solve class 710 116.8s (cumulative)
[nb_ridge] solve class 711 117.0s (cumulative)
[nb_ridge] solve class 712 117.1s (cumulative)
[nb_ridge] solve class 713 117.3s (cumulative)
[nb_ridge] solve class 714 117.4s (cumulative)
[nb_ridge] solve class 715 117.5s (cumulative)
[nb_ridge] solve class 716 117.7s (cumulative)
[nb_ridge] solve class 717 117.8s (cumulative)
[nb_ridge] solve class 718 118.0s (cumulative)
[nb_ridge] solve class 719 118.2s (cumulative)
[nb_ridge] solve class 720 118.3s (cumulative)
[nb_ridge] solve class 721 118.5s (cumulative)
[nb_ridge] solve class 722 118.6s (cumulative)
[nb_ridge] solve class 723 118.8s (cumulative)
[nb_ridge] solve class 724 118.9s (cumulative)
[nb_ridge] solve class 725 119.0s (cumulative)
[nb_ridge] solve class 726 119.2s (cumulative)
[nb_ridge] solve class 727 119.4s (cumulative)
[nb_ridge] solve class 728 119.5s (cumulative)
[nb_ridge] solve class 729 119.6s (cumulative)
[nb_ridge] solve class 730 119.8s (cumulative)
[nb_ridge] solve class 731 119.9s (cumulative)
[nb_ridge] solve class 732 120.1s (cumulative)
[nb_ridge] solve class 733 120.2s (cumulative)
[nb_ridge] solve class 734 120.3s (cumulative)
[nb_ridge] solve class 735 120.5s (cumulative)
[nb_ridge] solve class 736 120.6s (cumulative)
[nb_ridge] solve class 737 120.8s (cumulative)
[nb_ridge] solve class 738 120.9s (cumulative)
[nb_ridge] solve class 739 121.1s (cumulative)
[nb_ridge] solve class 740 121.2s (cumulative)
[nb_ridge] solve class 741 121.3s (cumulative)
[nb_ridge] solve class 742 121.5s (cumulative)
[nb_ridge] solve class 743 121.6s (cumulative)
[nb_ridge] solve class 744 121.8s (cumulative)
[nb_ridge] solve class 745 121.9s (cumulative)
[nb_ridge] solve class 746 122.0s (cumulative)
[nb_ridge] solve class 747 122.2s (cumulative)
[nb_ridge] solve class 748 122.3s (cumulative)
[nb_ridge] solve class 749 122.5s (cumulative)
[nb_ridge] solve class 750 122.6s (cumulative)
[nb_ridge] solve class 751 122.8s (cumulative)
[nb_ridge] solve class 752 122.9s (cumulative)
[nb_ridge] solve class 753 123.1s (cumulative)
[nb_ridge] solve class 754 123.2s (cumulative)
[nb_ridge] solve class 755 123.3s (cumulative)
[nb_ridge] solve class 756 123.5s (cumulative)
[nb_ridge] solve class 757 123.6s (cumulative)
[nb_ridge] solve class 758 123.8s (cumulative)
[nb_ridge] solve class 759 123.9s (cumulative)
[nb_ridge] solve class 760 124.1s (cumulative)
[nb_ridge] solve class 761 124.2s (cumulative)
[nb_ridge] solve class 762 124.3s (cumulative)
[nb_ridge] solve class 763 124.5s (cumulative)
[nb_ridge] solve class 764 124.6s (cumulative)
[nb_ridge] solve class 765 124.8s (cumulative)
[nb_ridge] solve class 766 125.0s (cumulative)
[nb_ridge] solve class 767 125.1s (cumulative)
[nb_ridge] solve class 768 125.2s (cumulative)
[nb_ridge] solve class 769 125.4s (cumulative)
[nb_ridge] solve class 770 125.5s (cumulative)
[nb_ridge] solve class 771 125.6s (cumulative)
[nb_ridge] solve class 772 125.8s (cumulative)
[nb_ridge] solve class 773 126.0s (cumulative)
[nb_ridge] solve class 774 126.1s (cumulative)
[nb_ridge] solve class 775 126.3s (cumulative)
[nb_ridge] solve class 776 126.4s (cumulative)
[nb_ridge] solve class 777 126.5s (cumulative)
[nb_ridge] solve class 778 126.7s (cumulative)
[nb_ridge] solve class 779 126.8s (cumulative)
[nb_ridge] solve class 780 127.0s (cumulative)
[nb_ridge] solve class 781 127.1s (cumulative)
[nb_ridge] solve class 782 127.3s (cumulative)
[nb_ridge] solve class 783 127.4s (cumulative)
[nb_ridge] solve class 784 127.5s (cumulative)
[nb_ridge] solve class 785 127.7s (cumulative)
[nb_ridge] solve class 786 127.8s (cumulative)
[nb_ridge] solve class 787 128.0s (cumulative)
[nb_ridge] solve class 788 128.1s (cumulative)
[nb_ridge] solve class 789 128.3s (cumulative)
[nb_ridge] solve class 790 128.4s (cumulative)
[nb_ridge] solve class 791 128.5s (cumulative)
[nb_ridge] solve class 792 128.7s (cumulative)
[nb_ridge] solve class 793 128.8s (cumulative)
[nb_ridge] solve class 794 129.0s (cumulative)
[nb_ridge] solve class 795 129.1s (cumulative)
[nb_ridge] solve class 796 129.2s (cumulative)
[nb_ridge] solve class 797 129.4s (cumulative)
[nb_ridge] solve class 798 129.5s (cumulative)
[nb_ridge] solve class 799 129.7s (cumulative)
[nb_ridge] solve class 800 129.8s (cumulative)
[nb_ridge] solve class 801 130.0s (cumulative)
[nb_ridge] solve class 802 130.1s (cumulative)
[nb_ridge] solve class 803 130.2s (cumulative)
[nb_ridge] solve class 804 130.4s (cumulative)
[nb_ridge] solve class 805 130.6s (cumulative)
[nb_ridge] solve class 806 130.7s (cumulative)
[nb_ridge] solve class 807 130.8s (cumulative)
[nb_ridge] solve class 808 131.0s (cumulative)
[nb_ridge] solve class 809 131.1s (cumulative)
[nb_ridge] solve class 810 131.3s (cumulative)
[nb_ridge] solve class 811 131.4s (cumulative)
[nb_ridge] solve class 812 131.6s (cumulative)
[nb_ridge] solve class 813 131.7s (cumulative)
[nb_ridge] solve class 814 131.9s (cumulative)
[nb_ridge] solve class 815 132.0s (cumulative)
[nb_ridge] solve class 816 132.1s (cumulative)
[nb_ridge] solve class 817 132.3s (cumulative)
[nb_ridge] solve class 818 132.4s (cumulative)
[nb_ridge] solve class 819 132.6s (cumulative)
[nb_ridge] solve class 820 132.7s (cumulative)
[nb_ridge] solve class 821 132.9s (cumulative)
[nb_ridge] solve class 822 133.0s (cumulative)
[nb_ridge] solve class 823 133.2s (cumulative)
[nb_ridge] solve class 824 133.3s (cumulative)
[nb_ridge] solve class 825 133.4s (cumulative)
[nb_ridge] solve class 826 133.6s (cumulative)
[nb_ridge] solve class 827 133.7s (cumulative)
[nb_ridge] solve class 828 133.9s (cumulative)
[nb_ridge] solve class 829 134.1s (cumulative)
[nb_ridge] solve class 830 134.2s (cumulative)
[nb_ridge] solve class 831 134.3s (cumulative)
[nb_ridge] solve class 832 134.5s (cumulative)
[nb_ridge] solve class 833 134.6s (cumulative)
[nb_ridge] solve class 834 134.8s (cumulative)
[nb_ridge] solve class 835 134.9s (cumulative)
[nb_ridge] solve class 836 135.1s (cumulative)
[nb_ridge] solve class 837 135.2s (cumulative)
[nb_ridge] solve class 838 135.4s (cumulative)
[nb_ridge] solve class 839 135.5s (cumulative)
[nb_ridge] solve class 840 135.7s (cumulative)
[nb_ridge] solve class 841 135.8s (cumulative)
    ridge-select: scale 1 → sel-slice acc 0.1900
[nb_ridge] tokenize+counts 0.0s (1981 docs, 842 classes)
[nb_ridge] solve class 0 0.2s (cumulative)
[nb_ridge] solve class 1 0.4s (cumulative)
[nb_ridge] solve class 2 0.6s (cumulative)
[nb_ridge] solve class 3 0.7s (cumulative)
[nb_ridge] solve class 4 0.9s (cumulative)
[nb_ridge] solve class 5 1.0s (cumulative)
[nb_ridge] solve class 6 1.2s (cumulative)
[nb_ridge] solve class 7 1.3s (cumulative)
[nb_ridge] solve class 8 1.5s (cumulative)
[nb_ridge] solve class 9 1.7s (cumulative)
[nb_ridge] solve class 10 1.9s (cumulative)
[nb_ridge] solve class 11 2.0s (cumulative)
[nb_ridge] solve class 12 2.2s (cumulative)
[nb_ridge] solve class 13 2.3s (cumulative)
[nb_ridge] solve class 14 2.5s (cumulative)
[nb_ridge] solve class 15 2.6s (cumulative)
[nb_ridge] solve class 16 2.8s (cumulative)
[nb_ridge] solve class 17 3.0s (cumulative)
[nb_ridge] solve class 18 3.1s (cumulative)
[nb_ridge] solve class 19 3.3s (cumulative)
[nb_ridge] solve class 20 3.4s (cumulative)
[nb_ridge] solve class 21 3.6s (cumulative)
[nb_ridge] solve class 22 3.7s (cumulative)
[nb_ridge] solve class 23 3.9s (cumulative)
[nb_ridge] solve class 24 4.1s (cumulative)
[nb_ridge] solve class 25 4.3s (cumulative)
[nb_ridge] solve class 26 4.4s (cumulative)
[nb_ridge] solve class 27 4.6s (cumulative)
[nb_ridge] solve class 28 4.7s (cumulative)
[nb_ridge] solve class 29 4.9s (cumulative)
[nb_ridge] solve class 30 5.1s (cumulative)
[nb_ridge] solve class 31 5.2s (cumulative)
[nb_ridge] solve class 32 5.4s (cumulative)
[nb_ridge] solve class 33 5.5s (cumulative)
[nb_ridge] solve class 34 5.7s (cumulative)
[nb_ridge] solve class 35 5.8s (cumulative)
[nb_ridge] solve class 36 6.0s (cumulative)
[nb_ridge] solve class 37 6.2s (cumulative)
[nb_ridge] solve class 38 6.4s (cumulative)
[nb_ridge] solve class 39 6.5s (cumulative)
[nb_ridge] solve class 40 6.7s (cumulative)
[nb_ridge] solve class 41 6.8s (cumulative)
[nb_ridge] solve class 42 6.9s (cumulative)
[nb_ridge] solve class 43 7.1s (cumulative)
[nb_ridge] solve class 44 7.3s (cumulative)
[nb_ridge] solve class 45 7.4s (cumulative)
[nb_ridge] solve class 46 7.6s (cumulative)
[nb_ridge] solve class 47 7.7s (cumulative)
[nb_ridge] solve class 48 7.9s (cumulative)
[nb_ridge] solve class 49 8.0s (cumulative)
[nb_ridge] solve class 50 8.2s (cumulative)
[nb_ridge] solve class 51 8.4s (cumulative)
[nb_ridge] solve class 52 8.6s (cumulative)
[nb_ridge] solve class 53 8.7s (cumulative)
[nb_ridge] solve class 54 8.9s (cumulative)
[nb_ridge] solve class 55 9.1s (cumulative)
[nb_ridge] solve class 56 9.2s (cumulative)
[nb_ridge] solve class 57 9.4s (cumulative)
[nb_ridge] solve class 58 9.5s (cumulative)
[nb_ridge] solve class 59 9.7s (cumulative)
[nb_ridge] solve class 60 9.9s (cumulative)
[nb_ridge] solve class 61 10.0s (cumulative)
[nb_ridge] solve class 62 10.2s (cumulative)
[nb_ridge] solve class 63 10.3s (cumulative)
[nb_ridge] solve class 64 10.5s (cumulative)
[nb_ridge] solve class 65 10.6s (cumulative)
[nb_ridge] solve class 66 10.8s (cumulative)
[nb_ridge] solve class 67 11.0s (cumulative)
[nb_ridge] solve class 68 11.2s (cumulative)
[nb_ridge] solve class 69 11.3s (cumulative)
[nb_ridge] solve class 70 11.5s (cumulative)
[nb_ridge] solve class 71 11.6s (cumulative)
[nb_ridge] solve class 72 11.8s (cumulative)
[nb_ridge] solve class 73 12.0s (cumulative)
[nb_ridge] solve class 74 12.2s (cumulative)
[nb_ridge] solve class 75 12.3s (cumulative)
[nb_ridge] solve class 76 12.5s (cumulative)
[nb_ridge] solve class 77 12.6s (cumulative)
[nb_ridge] solve class 78 12.8s (cumulative)
[nb_ridge] solve class 79 12.9s (cumulative)
[nb_ridge] solve class 80 13.1s (cumulative)
[nb_ridge] solve class 81 13.3s (cumulative)
[nb_ridge] solve class 82 13.5s (cumulative)
[nb_ridge] solve class 83 13.6s (cumulative)
[nb_ridge] solve class 84 13.8s (cumulative)
[nb_ridge] solve class 85 13.9s (cumulative)
[nb_ridge] solve class 86 14.1s (cumulative)
[nb_ridge] solve class 87 14.3s (cumulative)
[nb_ridge] solve class 88 14.5s (cumulative)
[nb_ridge] solve class 89 14.6s (cumulative)
[nb_ridge] solve class 90 14.8s (cumulative)
[nb_ridge] solve class 91 14.9s (cumulative)
[nb_ridge] solve class 92 15.1s (cumulative)
[nb_ridge] solve class 93 15.2s (cumulative)
[nb_ridge] solve class 94 15.4s (cumulative)
[nb_ridge] solve class 95 15.6s (cumulative)
[nb_ridge] solve class 96 15.8s (cumulative)
[nb_ridge] solve class 97 15.9s (cumulative)
[nb_ridge] solve class 98 16.1s (cumulative)
[nb_ridge] solve class 99 16.2s (cumulative)
[nb_ridge] solve class 100 16.4s (cumulative)
[nb_ridge] solve class 101 16.5s (cumulative)
[nb_ridge] solve class 102 16.7s (cumulative)
[nb_ridge] solve class 103 16.9s (cumulative)
[nb_ridge] solve class 104 17.0s (cumulative)
[nb_ridge] solve class 105 17.2s (cumulative)
[nb_ridge] solve class 106 17.3s (cumulative)
[nb_ridge] solve class 107 17.5s (cumulative)
[nb_ridge] solve class 108 17.6s (cumulative)
[nb_ridge] solve class 109 17.8s (cumulative)
[nb_ridge] solve class 110 18.0s (cumulative)
[nb_ridge] solve class 111 18.2s (cumulative)
[nb_ridge] solve class 112 18.3s (cumulative)
[nb_ridge] solve class 113 18.5s (cumulative)
[nb_ridge] solve class 114 18.6s (cumulative)
[nb_ridge] solve class 115 18.8s (cumulative)
[nb_ridge] solve class 116 18.9s (cumulative)
[nb_ridge] solve class 117 19.1s (cumulative)
[nb_ridge] solve class 118 19.3s (cumulative)
[nb_ridge] solve class 119 19.5s (cumulative)
[nb_ridge] solve class 120 19.6s (cumulative)
[nb_ridge] solve class 121 19.8s (cumulative)
[nb_ridge] solve class 122 19.9s (cumulative)
[nb_ridge] solve class 123 20.1s (cumulative)
[nb_ridge] solve class 124 20.3s (cumulative)
[nb_ridge] solve class 125 20.4s (cumulative)
[nb_ridge] solve class 126 20.6s (cumulative)
[nb_ridge] solve class 127 20.7s (cumulative)
[nb_ridge] solve class 128 20.9s (cumulative)
[nb_ridge] solve class 129 21.0s (cumulative)
[nb_ridge] solve class 130 21.2s (cumulative)
[nb_ridge] solve class 131 21.4s (cumulative)
[nb_ridge] solve class 132 21.5s (cumulative)
[nb_ridge] solve class 133 21.7s (cumulative)
[nb_ridge] solve class 134 21.8s (cumulative)
[nb_ridge] solve class 135 21.9s (cumulative)
[nb_ridge] solve class 136 22.1s (cumulative)
[nb_ridge] solve class 137 22.2s (cumulative)
[nb_ridge] solve class 138 22.4s (cumulative)
[nb_ridge] solve class 139 22.6s (cumulative)
[nb_ridge] solve class 140 22.7s (cumulative)
[nb_ridge] solve class 141 22.9s (cumulative)
[nb_ridge] solve class 142 23.0s (cumulative)
[nb_ridge] solve class 143 23.1s (cumulative)
[nb_ridge] solve class 144 23.3s (cumulative)
[nb_ridge] solve class 145 23.4s (cumulative)
[nb_ridge] solve class 146 23.6s (cumulative)
[nb_ridge] solve class 147 23.8s (cumulative)
[nb_ridge] solve class 148 23.9s (cumulative)
[nb_ridge] solve class 149 24.1s (cumulative)
[nb_ridge] solve class 150 24.2s (cumulative)
[nb_ridge] solve class 151 24.4s (cumulative)
[nb_ridge] solve class 152 24.5s (cumulative)
[nb_ridge] solve class 153 24.7s (cumulative)
[nb_ridge] solve class 154 24.8s (cumulative)
[nb_ridge] solve class 155 25.0s (cumulative)
[nb_ridge] solve class 156 25.1s (cumulative)
[nb_ridge] solve class 157 25.3s (cumulative)
[nb_ridge] solve class 158 25.4s (cumulative)
[nb_ridge] solve class 159 25.6s (cumulative)
[nb_ridge] solve class 160 25.7s (cumulative)
[nb_ridge] solve class 161 25.9s (cumulative)
[nb_ridge] solve class 162 26.1s (cumulative)
[nb_ridge] solve class 163 26.2s (cumulative)
[nb_ridge] solve class 164 26.4s (cumulative)
[nb_ridge] solve class 165 26.5s (cumulative)
[nb_ridge] solve class 166 26.7s (cumulative)
[nb_ridge] solve class 167 26.8s (cumulative)
[nb_ridge] solve class 168 27.0s (cumulative)
[nb_ridge] solve class 169 27.1s (cumulative)
[nb_ridge] solve class 170 27.3s (cumulative)
[nb_ridge] solve class 171 27.4s (cumulative)
[nb_ridge] solve class 172 27.6s (cumulative)
[nb_ridge] solve class 173 27.7s (cumulative)
[nb_ridge] solve class 174 27.9s (cumulative)
[nb_ridge] solve class 175 28.0s (cumulative)
[nb_ridge] solve class 176 28.1s (cumulative)
[nb_ridge] solve class 177 28.3s (cumulative)
[nb_ridge] solve class 178 28.5s (cumulative)
[nb_ridge] solve class 179 28.6s (cumulative)
[nb_ridge] solve class 180 28.8s (cumulative)
[nb_ridge] solve class 181 28.9s (cumulative)
[nb_ridge] solve class 182 29.0s (cumulative)
[nb_ridge] solve class 183 29.2s (cumulative)
[nb_ridge] solve class 184 29.3s (cumulative)
[nb_ridge] solve class 185 29.5s (cumulative)
[nb_ridge] solve class 186 29.7s (cumulative)
[nb_ridge] solve class 187 29.8s (cumulative)
[nb_ridge] solve class 188 29.9s (cumulative)
[nb_ridge] solve class 189 30.1s (cumulative)
[nb_ridge] solve class 190 30.2s (cumulative)
[nb_ridge] solve class 191 30.4s (cumulative)
[nb_ridge] solve class 192 30.6s (cumulative)
[nb_ridge] solve class 193 30.7s (cumulative)
[nb_ridge] solve class 194 30.9s (cumulative)
[nb_ridge] solve class 195 31.0s (cumulative)
[nb_ridge] solve class 196 31.1s (cumulative)
[nb_ridge] solve class 197 31.3s (cumulative)
[nb_ridge] solve class 198 31.4s (cumulative)
[nb_ridge] solve class 199 31.6s (cumulative)
[nb_ridge] solve class 200 31.8s (cumulative)
[nb_ridge] solve class 201 31.9s (cumulative)
[nb_ridge] solve class 202 32.1s (cumulative)
[nb_ridge] solve class 203 32.2s (cumulative)
[nb_ridge] solve class 204 32.4s (cumulative)
[nb_ridge] solve class 205 32.5s (cumulative)
[nb_ridge] solve class 206 32.7s (cumulative)
[nb_ridge] solve class 207 32.8s (cumulative)
[nb_ridge] solve class 208 33.0s (cumulative)
[nb_ridge] solve class 209 33.1s (cumulative)
[nb_ridge] solve class 210 33.3s (cumulative)
[nb_ridge] solve class 211 33.4s (cumulative)
[nb_ridge] solve class 212 33.5s (cumulative)
[nb_ridge] solve class 213 33.7s (cumulative)
[nb_ridge] solve class 214 33.8s (cumulative)
[nb_ridge] solve class 215 34.0s (cumulative)
[nb_ridge] solve class 216 34.2s (cumulative)
[nb_ridge] solve class 217 34.3s (cumulative)
[nb_ridge] solve class 218 34.4s (cumulative)
[nb_ridge] solve class 219 34.6s (cumulative)
[nb_ridge] solve class 220 34.7s (cumulative)
[nb_ridge] solve class 221 34.9s (cumulative)
[nb_ridge] solve class 222 35.0s (cumulative)
[nb_ridge] solve class 223 35.2s (cumulative)
[nb_ridge] solve class 224 35.4s (cumulative)
[nb_ridge] solve class 225 35.5s (cumulative)
[nb_ridge] solve class 226 35.7s (cumulative)
[nb_ridge] solve class 227 35.8s (cumulative)
[nb_ridge] solve class 228 35.9s (cumulative)
[nb_ridge] solve class 229 36.1s (cumulative)
[nb_ridge] solve class 230 36.2s (cumulative)
[nb_ridge] solve class 231 36.4s (cumulative)
[nb_ridge] solve class 232 36.6s (cumulative)
[nb_ridge] solve class 233 36.7s (cumulative)
[nb_ridge] solve class 234 36.9s (cumulative)
[nb_ridge] solve class 235 37.0s (cumulative)
[nb_ridge] solve class 236 37.1s (cumulative)
[nb_ridge] solve class 237 37.3s (cumulative)
[nb_ridge] solve class 238 37.5s (cumulative)
[nb_ridge] solve class 239 37.6s (cumulative)
[nb_ridge] solve class 240 37.8s (cumulative)
[nb_ridge] solve class 241 37.9s (cumulative)
[nb_ridge] solve class 242 38.1s (cumulative)
[nb_ridge] solve class 243 38.2s (cumulative)
[nb_ridge] solve class 244 38.4s (cumulative)
[nb_ridge] solve class 245 38.5s (cumulative)
[nb_ridge] solve class 246 38.7s (cumulative)
[nb_ridge] solve class 247 38.8s (cumulative)
[nb_ridge] solve class 248 39.0s (cumulative)
[nb_ridge] solve class 249 39.1s (cumulative)
[nb_ridge] solve class 250 39.3s (cumulative)
[nb_ridge] solve class 251 39.4s (cumulative)
[nb_ridge] solve class 252 39.5s (cumulative)
[nb_ridge] solve class 253 39.7s (cumulative)
[nb_ridge] solve class 254 39.9s (cumulative)
[nb_ridge] solve class 255 40.0s (cumulative)
[nb_ridge] solve class 256 40.2s (cumulative)
[nb_ridge] solve class 257 40.3s (cumulative)
[nb_ridge] solve class 258 40.4s (cumulative)
[nb_ridge] solve class 259 40.6s (cumulative)
[nb_ridge] solve class 260 40.7s (cumulative)
[nb_ridge] solve class 261 40.9s (cumulative)
[nb_ridge] solve class 262 41.1s (cumulative)
[nb_ridge] solve class 263 41.2s (cumulative)
[nb_ridge] solve class 264 41.4s (cumulative)
[nb_ridge] solve class 265 41.5s (cumulative)
[nb_ridge] solve class 266 41.6s (cumulative)
[nb_ridge] solve class 267 41.8s (cumulative)
[nb_ridge] solve class 268 41.9s (cumulative)
[nb_ridge] solve class 269 42.1s (cumulative)
[nb_ridge] solve class 270 42.3s (cumulative)
[nb_ridge] solve class 271 42.4s (cumulative)
[nb_ridge] solve class 272 42.6s (cumulative)
[nb_ridge] solve class 273 42.7s (cumulative)
[nb_ridge] solve class 274 42.8s (cumulative)
[nb_ridge] solve class 275 43.0s (cumulative)
[nb_ridge] solve class 276 43.1s (cumulative)
[nb_ridge] solve class 277 43.3s (cumulative)
[nb_ridge] solve class 278 43.5s (cumulative)
[nb_ridge] solve class 279 43.6s (cumulative)
[nb_ridge] solve class 280 43.8s (cumulative)
[nb_ridge] solve class 281 43.9s (cumulative)
[nb_ridge] solve class 282 44.1s (cumulative)
[nb_ridge] solve class 283 44.2s (cumulative)
[nb_ridge] solve class 284 44.4s (cumulative)
[nb_ridge] solve class 285 44.5s (cumulative)
[nb_ridge] solve class 286 44.7s (cumulative)
[nb_ridge] solve class 287 44.8s (cumulative)
[nb_ridge] solve class 288 45.0s (cumulative)
[nb_ridge] solve class 289 45.1s (cumulative)
[nb_ridge] solve class 290 45.3s (cumulative)
[nb_ridge] solve class 291 45.4s (cumulative)
[nb_ridge] solve class 292 45.6s (cumulative)
[nb_ridge] solve class 293 45.8s (cumulative)
[nb_ridge] solve class 294 45.9s (cumulative)
[nb_ridge] solve class 295 46.1s (cumulative)
[nb_ridge] solve class 296 46.2s (cumulative)
[nb_ridge] solve class 297 46.4s (cumulative)
[nb_ridge] solve class 298 46.5s (cumulative)
[nb_ridge] solve class 299 46.7s (cumulative)
[nb_ridge] solve class 300 46.8s (cumulative)
[nb_ridge] solve class 301 47.0s (cumulative)
[nb_ridge] solve class 302 47.1s (cumulative)
[nb_ridge] solve class 303 47.3s (cumulative)
[nb_ridge] solve class 304 47.4s (cumulative)
[nb_ridge] solve class 305 47.6s (cumulative)
[nb_ridge] solve class 306 47.7s (cumulative)
[nb_ridge] solve class 307 47.9s (cumulative)
[nb_ridge] solve class 308 48.1s (cumulative)
[nb_ridge] solve class 309 48.2s (cumulative)
[nb_ridge] solve class 310 48.4s (cumulative)
[nb_ridge] solve class 311 48.5s (cumulative)
[nb_ridge] solve class 312 48.6s (cumulative)
[nb_ridge] solve class 313 48.8s (cumulative)
[nb_ridge] solve class 314 48.9s (cumulative)
[nb_ridge] solve class 315 49.1s (cumulative)
[nb_ridge] solve class 316 49.3s (cumulative)
[nb_ridge] solve class 317 49.4s (cumulative)
[nb_ridge] solve class 318 49.5s (cumulative)
[nb_ridge] solve class 319 49.7s (cumulative)
[nb_ridge] solve class 320 49.8s (cumulative)
[nb_ridge] solve class 321 50.0s (cumulative)
[nb_ridge] solve class 322 50.1s (cumulative)
[nb_ridge] solve class 323 50.3s (cumulative)
[nb_ridge] solve class 324 50.5s (cumulative)
[nb_ridge] solve class 325 50.6s (cumulative)
[nb_ridge] solve class 326 50.8s (cumulative)
[nb_ridge] solve class 327 50.9s (cumulative)
[nb_ridge] solve class 328 51.0s (cumulative)
[nb_ridge] solve class 329 51.2s (cumulative)
[nb_ridge] solve class 330 51.4s (cumulative)
[nb_ridge] solve class 331 51.5s (cumulative)
[nb_ridge] solve class 332 51.7s (cumulative)
[nb_ridge] solve class 333 51.8s (cumulative)
[nb_ridge] solve class 334 51.9s (cumulative)
[nb_ridge] solve class 335 52.1s (cumulative)
[nb_ridge] solve class 336 52.2s (cumulative)
[nb_ridge] solve class 337 52.4s (cumulative)
[nb_ridge] solve class 338 52.6s (cumulative)
[nb_ridge] solve class 339 52.7s (cumulative)
[nb_ridge] solve class 340 52.9s (cumulative)
[nb_ridge] solve class 341 53.0s (cumulative)
[nb_ridge] solve class 342 53.1s (cumulative)
[nb_ridge] solve class 343 53.3s (cumulative)
[nb_ridge] solve class 344 53.4s (cumulative)
[nb_ridge] solve class 345 53.6s (cumulative)
[nb_ridge] solve class 346 53.8s (cumulative)
[nb_ridge] solve class 347 53.9s (cumulative)
[nb_ridge] solve class 348 54.1s (cumulative)
[nb_ridge] solve class 349 54.2s (cumulative)
[nb_ridge] solve class 350 54.4s (cumulative)
[nb_ridge] solve class 351 54.5s (cumulative)
[nb_ridge] solve class 352 54.6s (cumulative)
[nb_ridge] solve class 353 54.8s (cumulative)
[nb_ridge] solve class 354 55.0s (cumulative)
[nb_ridge] solve class 355 55.1s (cumulative)
[nb_ridge] solve class 356 55.3s (cumulative)
[nb_ridge] solve class 357 55.4s (cumulative)
[nb_ridge] solve class 358 55.6s (cumulative)
[nb_ridge] solve class 359 55.7s (cumulative)
[nb_ridge] solve class 360 55.9s (cumulative)
[nb_ridge] solve class 361 56.0s (cumulative)
[nb_ridge] solve class 362 56.2s (cumulative)
[nb_ridge] solve class 363 56.3s (cumulative)
[nb_ridge] solve class 364 56.5s (cumulative)
[nb_ridge] solve class 365 56.6s (cumulative)
[nb_ridge] solve class 366 56.8s (cumulative)
[nb_ridge] solve class 367 56.9s (cumulative)
[nb_ridge] solve class 368 57.1s (cumulative)
[nb_ridge] solve class 369 57.3s (cumulative)
[nb_ridge] solve class 370 57.4s (cumulative)
[nb_ridge] solve class 371 57.6s (cumulative)
[nb_ridge] solve class 372 57.7s (cumulative)
[nb_ridge] solve class 373 57.9s (cumulative)
[nb_ridge] solve class 374 58.0s (cumulative)
[nb_ridge] solve class 375 58.2s (cumulative)
[nb_ridge] solve class 376 58.3s (cumulative)
[nb_ridge] solve class 377 58.5s (cumulative)
[nb_ridge] solve class 378 58.7s (cumulative)
[nb_ridge] solve class 379 58.8s (cumulative)
[nb_ridge] solve class 380 58.9s (cumulative)
[nb_ridge] solve class 381 59.1s (cumulative)
[nb_ridge] solve class 382 59.2s (cumulative)
[nb_ridge] solve class 383 59.4s (cumulative)
[nb_ridge] solve class 384 59.6s (cumulative)
[nb_ridge] solve class 385 59.7s (cumulative)
[nb_ridge] solve class 386 59.9s (cumulative)
[nb_ridge] solve class 387 60.0s (cumulative)
[nb_ridge] solve class 388 60.2s (cumulative)
[nb_ridge] solve class 389 60.3s (cumulative)
[nb_ridge] solve class 390 60.5s (cumulative)
[nb_ridge] solve class 391 60.6s (cumulative)
[nb_ridge] solve class 392 60.8s (cumulative)
[nb_ridge] solve class 393 61.0s (cumulative)
[nb_ridge] solve class 394 61.1s (cumulative)
[nb_ridge] solve class 395 61.2s (cumulative)
[nb_ridge] solve class 396 61.4s (cumulative)
[nb_ridge] solve class 397 61.5s (cumulative)
[nb_ridge] solve class 398 61.7s (cumulative)
[nb_ridge] solve class 399 61.9s (cumulative)
[nb_ridge] solve class 400 62.0s (cumulative)
[nb_ridge] solve class 401 62.2s (cumulative)
[nb_ridge] solve class 402 62.3s (cumulative)
[nb_ridge] solve class 403 62.5s (cumulative)
[nb_ridge] solve class 404 62.6s (cumulative)
[nb_ridge] solve class 405 62.8s (cumulative)
[nb_ridge] solve class 406 62.9s (cumulative)
[nb_ridge] solve class 407 63.1s (cumulative)
[nb_ridge] solve class 408 63.3s (cumulative)
[nb_ridge] solve class 409 63.4s (cumulative)
[nb_ridge] solve class 410 63.5s (cumulative)
[nb_ridge] solve class 411 63.7s (cumulative)
[nb_ridge] solve class 412 63.8s (cumulative)
[nb_ridge] solve class 413 64.0s (cumulative)
[nb_ridge] solve class 414 64.2s (cumulative)
[nb_ridge] solve class 415 64.4s (cumulative)
[nb_ridge] solve class 416 64.5s (cumulative)
[nb_ridge] solve class 417 64.7s (cumulative)
[nb_ridge] solve class 418 64.8s (cumulative)
[nb_ridge] solve class 419 65.0s (cumulative)
[nb_ridge] solve class 420 65.1s (cumulative)
[nb_ridge] solve class 421 65.3s (cumulative)
[nb_ridge] solve class 422 65.5s (cumulative)
[nb_ridge] solve class 423 65.6s (cumulative)
[nb_ridge] solve class 424 65.8s (cumulative)
[nb_ridge] solve class 425 65.9s (cumulative)
[nb_ridge] solve class 426 66.0s (cumulative)
[nb_ridge] solve class 427 66.2s (cumulative)
[nb_ridge] solve class 428 66.3s (cumulative)
[nb_ridge] solve class 429 66.5s (cumulative)
[nb_ridge] solve class 430 66.7s (cumulative)
[nb_ridge] solve class 431 66.9s (cumulative)
[nb_ridge] solve class 432 67.0s (cumulative)
[nb_ridge] solve class 433 67.1s (cumulative)
[nb_ridge] solve class 434 67.3s (cumulative)
[nb_ridge] solve class 435 67.4s (cumulative)
[nb_ridge] solve class 436 67.6s (cumulative)
[nb_ridge] solve class 437 67.7s (cumulative)
[nb_ridge] solve class 438 67.9s (cumulative)
[nb_ridge] solve class 439 68.1s (cumulative)
[nb_ridge] solve class 440 68.2s (cumulative)
[nb_ridge] solve class 441 68.4s (cumulative)
[nb_ridge] solve class 442 68.5s (cumulative)
[nb_ridge] solve class 443 68.6s (cumulative)
[nb_ridge] solve class 444 68.8s (cumulative)
[nb_ridge] solve class 445 69.0s (cumulative)
[nb_ridge] solve class 446 69.2s (cumulative)
[nb_ridge] solve class 447 69.3s (cumulative)
[nb_ridge] solve class 448 69.4s (cumulative)
[nb_ridge] solve class 449 69.6s (cumulative)
[nb_ridge] solve class 450 69.7s (cumulative)
[nb_ridge] solve class 451 69.9s (cumulative)
[nb_ridge] solve class 452 70.0s (cumulative)
[nb_ridge] solve class 453 70.2s (cumulative)
[nb_ridge] solve class 454 70.4s (cumulative)
[nb_ridge] solve class 455 70.5s (cumulative)
[nb_ridge] solve class 456 70.7s (cumulative)
[nb_ridge] solve class 457 70.8s (cumulative)
[nb_ridge] solve class 458 70.9s (cumulative)
[nb_ridge] solve class 459 71.1s (cumulative)
[nb_ridge] solve class 460 71.3s (cumulative)
[nb_ridge] solve class 461 71.5s (cumulative)
[nb_ridge] solve class 462 71.6s (cumulative)
[nb_ridge] solve class 463 71.8s (cumulative)
[nb_ridge] solve class 464 71.9s (cumulative)
[nb_ridge] solve class 465 72.0s (cumulative)
[nb_ridge] solve class 466 72.2s (cumulative)
[nb_ridge] solve class 467 72.3s (cumulative)
[nb_ridge] solve class 468 72.5s (cumulative)
[nb_ridge] solve class 469 72.7s (cumulative)
[nb_ridge] solve class 470 72.8s (cumulative)
[nb_ridge] solve class 471 73.0s (cumulative)
[nb_ridge] solve class 472 73.1s (cumulative)
[nb_ridge] solve class 473 73.3s (cumulative)
[nb_ridge] solve class 474 73.4s (cumulative)
[nb_ridge] solve class 475 73.6s (cumulative)
[nb_ridge] solve class 476 73.8s (cumulative)
[nb_ridge] solve class 477 73.9s (cumulative)
[nb_ridge] solve class 478 74.1s (cumulative)
[nb_ridge] solve class 479 74.2s (cumulative)
[nb_ridge] solve class 480 74.3s (cumulative)
[nb_ridge] solve class 481 74.5s (cumulative)
[nb_ridge] solve class 482 74.6s (cumulative)
[nb_ridge] solve class 483 74.8s (cumulative)
[nb_ridge] solve class 484 75.0s (cumulative)
[nb_ridge] solve class 485 75.1s (cumulative)
[nb_ridge] solve class 486 75.3s (cumulative)
[nb_ridge] solve class 487 75.4s (cumulative)
[nb_ridge] solve class 488 75.6s (cumulative)
[nb_ridge] solve class 489 75.7s (cumulative)
[nb_ridge] solve class 490 75.9s (cumulative)
[nb_ridge] solve class 491 76.1s (cumulative)
[nb_ridge] solve class 492 76.3s (cumulative)
[nb_ridge] solve class 493 76.4s (cumulative)
[nb_ridge] solve class 494 76.5s (cumulative)
[nb_ridge] solve class 495 76.7s (cumulative)
[nb_ridge] solve class 496 76.8s (cumulative)
[nb_ridge] solve class 497 77.0s (cumulative)
[nb_ridge] solve class 498 77.1s (cumulative)
[nb_ridge] solve class 499 77.3s (cumulative)
[nb_ridge] solve class 500 77.5s (cumulative)
[nb_ridge] solve class 501 77.6s (cumulative)
[nb_ridge] solve class 502 77.8s (cumulative)
[nb_ridge] solve class 503 77.9s (cumulative)
[nb_ridge] solve class 504 78.1s (cumulative)
[nb_ridge] solve class 505 78.2s (cumulative)
[nb_ridge] solve class 506 78.4s (cumulative)
[nb_ridge] solve class 507 78.6s (cumulative)
[nb_ridge] solve class 508 78.7s (cumulative)
[nb_ridge] solve class 509 78.9s (cumulative)
[nb_ridge] solve class 510 79.0s (cumulative)
[nb_ridge] solve class 511 79.2s (cumulative)
[nb_ridge] solve class 512 79.3s (cumulative)
[nb_ridge] solve class 513 79.4s (cumulative)
[nb_ridge] solve class 514 79.6s (cumulative)
[nb_ridge] solve class 515 79.8s (cumulative)
[nb_ridge] solve class 516 80.0s (cumulative)
[nb_ridge] solve class 517 80.1s (cumulative)
[nb_ridge] solve class 518 80.2s (cumulative)
[nb_ridge] solve class 519 80.4s (cumulative)
[nb_ridge] solve class 520 80.5s (cumulative)
[nb_ridge] solve class 521 80.7s (cumulative)
[nb_ridge] solve class 522 80.9s (cumulative)
[nb_ridge] solve class 523 81.1s (cumulative)
[nb_ridge] solve class 524 81.2s (cumulative)
[nb_ridge] solve class 525 81.3s (cumulative)
[nb_ridge] solve class 526 81.5s (cumulative)
[nb_ridge] solve class 527 81.6s (cumulative)
[nb_ridge] solve class 528 81.8s (cumulative)
[nb_ridge] solve class 529 81.9s (cumulative)
[nb_ridge] solve class 530 82.2s (cumulative)
[nb_ridge] solve class 531 82.3s (cumulative)
[nb_ridge] solve class 532 82.5s (cumulative)
[nb_ridge] solve class 533 82.6s (cumulative)
[nb_ridge] solve class 534 82.7s (cumulative)
[nb_ridge] solve class 535 82.9s (cumulative)
[nb_ridge] solve class 536 83.0s (cumulative)
[nb_ridge] solve class 537 83.2s (cumulative)
[nb_ridge] solve class 538 83.4s (cumulative)
[nb_ridge] solve class 539 83.6s (cumulative)
[nb_ridge] solve class 540 83.7s (cumulative)
[nb_ridge] solve class 541 83.8s (cumulative)
[nb_ridge] solve class 542 84.0s (cumulative)
[nb_ridge] solve class 543 84.1s (cumulative)
[nb_ridge] solve class 544 84.3s (cumulative)
[nb_ridge] solve class 545 84.5s (cumulative)
[nb_ridge] solve class 546 84.7s (cumulative)
[nb_ridge] solve class 547 84.8s (cumulative)
[nb_ridge] solve class 548 84.9s (cumulative)
[nb_ridge] solve class 549 85.1s (cumulative)
[nb_ridge] solve class 550 85.2s (cumulative)
[nb_ridge] solve class 551 85.4s (cumulative)
[nb_ridge] solve class 552 85.5s (cumulative)
[nb_ridge] solve class 553 85.7s (cumulative)
[nb_ridge] solve class 554 85.9s (cumulative)
[nb_ridge] solve class 555 86.0s (cumulative)
[nb_ridge] solve class 556 86.2s (cumulative)
[nb_ridge] solve class 557 86.3s (cumulative)
[nb_ridge] solve class 558 86.5s (cumulative)
[nb_ridge] solve class 559 86.6s (cumulative)
[nb_ridge] solve class 560 86.8s (cumulative)
[nb_ridge] solve class 561 87.0s (cumulative)
[nb_ridge] solve class 562 87.1s (cumulative)
[nb_ridge] solve class 563 87.3s (cumulative)
[nb_ridge] solve class 564 87.4s (cumulative)
[nb_ridge] solve class 565 87.5s (cumulative)
[nb_ridge] solve class 566 87.7s (cumulative)
[nb_ridge] solve class 567 87.8s (cumulative)
[nb_ridge] solve class 568 88.0s (cumulative)
[nb_ridge] solve class 569 88.2s (cumulative)
[nb_ridge] solve class 570 88.4s (cumulative)
[nb_ridge] solve class 571 88.5s (cumulative)
[nb_ridge] solve class 572 88.7s (cumulative)
[nb_ridge] solve class 573 88.8s (cumulative)
[nb_ridge] solve class 574 89.0s (cumulative)
[nb_ridge] solve class 575 89.1s (cumulative)
[nb_ridge] solve class 576 89.3s (cumulative)
[nb_ridge] solve class 577 89.5s (cumulative)
[nb_ridge] solve class 578 89.6s (cumulative)
[nb_ridge] solve class 579 89.8s (cumulative)
[nb_ridge] solve class 580 89.9s (cumulative)
[nb_ridge] solve class 581 90.0s (cumulative)
[nb_ridge] solve class 582 90.2s (cumulative)
[nb_ridge] solve class 583 90.4s (cumulative)
[nb_ridge] solve class 584 90.6s (cumulative)
[nb_ridge] solve class 585 90.7s (cumulative)
[nb_ridge] solve class 586 90.8s (cumulative)
[nb_ridge] solve class 587 91.0s (cumulative)
[nb_ridge] solve class 588 91.1s (cumulative)
[nb_ridge] solve class 589 91.3s (cumulative)
[nb_ridge] solve class 590 91.4s (cumulative)
[nb_ridge] solve class 591 91.6s (cumulative)
[nb_ridge] solve class 592 91.8s (cumulative)
[nb_ridge] solve class 593 91.9s (cumulative)
[nb_ridge] solve class 594 92.0s (cumulative)
[nb_ridge] solve class 595 92.2s (cumulative)
[nb_ridge] solve class 596 92.3s (cumulative)
[nb_ridge] solve class 597 92.5s (cumulative)
[nb_ridge] solve class 598 92.6s (cumulative)
[nb_ridge] solve class 599 92.8s (cumulative)
[nb_ridge] solve class 600 93.0s (cumulative)
[nb_ridge] solve class 601 93.1s (cumulative)
[nb_ridge] solve class 602 93.3s (cumulative)
[nb_ridge] solve class 603 93.4s (cumulative)
[nb_ridge] solve class 604 93.6s (cumulative)
[nb_ridge] solve class 605 93.7s (cumulative)
[nb_ridge] solve class 606 93.9s (cumulative)
[nb_ridge] solve class 607 94.1s (cumulative)
[nb_ridge] solve class 608 94.2s (cumulative)
[nb_ridge] solve class 609 94.4s (cumulative)
[nb_ridge] solve class 610 94.5s (cumulative)
[nb_ridge] solve class 611 94.7s (cumulative)
[nb_ridge] solve class 612 94.8s (cumulative)
[nb_ridge] solve class 613 95.0s (cumulative)
[nb_ridge] solve class 614 95.2s (cumulative)
[nb_ridge] solve class 615 95.4s (cumulative)
[nb_ridge] solve class 616 95.5s (cumulative)
[nb_ridge] solve class 617 95.7s (cumulative)
[nb_ridge] solve class 618 95.8s (cumulative)
[nb_ridge] solve class 619 95.9s (cumulative)
[nb_ridge] solve class 620 96.1s (cumulative)
[nb_ridge] solve class 621 96.3s (cumulative)
[nb_ridge] solve class 622 96.5s (cumulative)
[nb_ridge] solve class 623 96.6s (cumulative)
[nb_ridge] solve class 624 96.7s (cumulative)
[nb_ridge] solve class 625 96.9s (cumulative)
[nb_ridge] solve class 626 97.0s (cumulative)
[nb_ridge] solve class 627 97.2s (cumulative)
[nb_ridge] solve class 628 97.3s (cumulative)
[nb_ridge] solve class 629 97.5s (cumulative)
[nb_ridge] solve class 630 97.7s (cumulative)
[nb_ridge] solve class 631 97.8s (cumulative)
[nb_ridge] solve class 632 98.0s (cumulative)
[nb_ridge] solve class 633 98.1s (cumulative)
[nb_ridge] solve class 634 98.3s (cumulative)
[nb_ridge] solve class 635 98.4s (cumulative)
[nb_ridge] solve class 636 98.6s (cumulative)
[nb_ridge] solve class 637 98.8s (cumulative)
[nb_ridge] solve class 638 98.9s (cumulative)
[nb_ridge] solve class 639 99.1s (cumulative)
[nb_ridge] solve class 640 99.2s (cumulative)
[nb_ridge] solve class 641 99.4s (cumulative)
[nb_ridge] solve class 642 99.5s (cumulative)
[nb_ridge] solve class 643 99.7s (cumulative)
[nb_ridge] solve class 644 99.8s (cumulative)
[nb_ridge] solve class 645 100.0s (cumulative)
[nb_ridge] solve class 646 100.2s (cumulative)
[nb_ridge] solve class 647 100.3s (cumulative)
[nb_ridge] solve class 648 100.5s (cumulative)
[nb_ridge] solve class 649 100.6s (cumulative)
[nb_ridge] solve class 650 100.8s (cumulative)
[nb_ridge] solve class 651 100.9s (cumulative)
[nb_ridge] solve class 652 101.1s (cumulative)
[nb_ridge] solve class 653 101.3s (cumulative)
[nb_ridge] solve class 654 101.5s (cumulative)
[nb_ridge] solve class 655 101.6s (cumulative)
[nb_ridge] solve class 656 101.7s (cumulative)
[nb_ridge] solve class 657 101.9s (cumulative)
[nb_ridge] solve class 658 102.0s (cumulative)
[nb_ridge] solve class 659 102.2s (cumulative)
[nb_ridge] solve class 660 102.4s (cumulative)
[nb_ridge] solve class 661 102.6s (cumulative)
[nb_ridge] solve class 662 102.7s (cumulative)
[nb_ridge] solve class 663 102.9s (cumulative)
[nb_ridge] solve class 664 103.0s (cumulative)
[nb_ridge] solve class 665 103.1s (cumulative)
[nb_ridge] solve class 666 103.3s (cumulative)
[nb_ridge] solve class 667 103.5s (cumulative)
[nb_ridge] solve class 668 103.7s (cumulative)
[nb_ridge] solve class 669 103.8s (cumulative)
[nb_ridge] solve class 670 104.0s (cumulative)
[nb_ridge] solve class 671 104.1s (cumulative)
[nb_ridge] solve class 672 104.2s (cumulative)
[nb_ridge] solve class 673 104.4s (cumulative)
[nb_ridge] solve class 674 104.5s (cumulative)
[nb_ridge] solve class 675 104.7s (cumulative)
[nb_ridge] solve class 676 104.9s (cumulative)
[nb_ridge] solve class 677 105.0s (cumulative)
[nb_ridge] solve class 678 105.2s (cumulative)
[nb_ridge] solve class 679 105.3s (cumulative)
[nb_ridge] solve class 680 105.5s (cumulative)
[nb_ridge] solve class 681 105.6s (cumulative)
[nb_ridge] solve class 682 105.8s (cumulative)
[nb_ridge] solve class 683 106.0s (cumulative)
[nb_ridge] solve class 684 106.2s (cumulative)
[nb_ridge] solve class 685 106.3s (cumulative)
[nb_ridge] solve class 686 106.4s (cumulative)
[nb_ridge] solve class 687 106.6s (cumulative)
[nb_ridge] solve class 688 106.7s (cumulative)
[nb_ridge] solve class 689 106.9s (cumulative)
[nb_ridge] solve class 690 107.1s (cumulative)
[nb_ridge] solve class 691 107.3s (cumulative)
[nb_ridge] solve class 692 107.4s (cumulative)
[nb_ridge] solve class 693 107.6s (cumulative)
[nb_ridge] solve class 694 107.7s (cumulative)
[nb_ridge] solve class 695 107.9s (cumulative)
[nb_ridge] solve class 696 108.0s (cumulative)
[nb_ridge] solve class 697 108.2s (cumulative)
[nb_ridge] solve class 698 108.4s (cumulative)
[nb_ridge] solve class 699 108.6s (cumulative)
[nb_ridge] solve class 700 108.7s (cumulative)
[nb_ridge] solve class 701 108.9s (cumulative)
[nb_ridge] solve class 702 109.0s (cumulative)
[nb_ridge] solve class 703 109.2s (cumulative)
[nb_ridge] solve class 704 109.3s (cumulative)
[nb_ridge] solve class 705 109.5s (cumulative)
[nb_ridge] solve class 706 109.7s (cumulative)
[nb_ridge] solve class 707 109.8s (cumulative)
[nb_ridge] solve class 708 110.0s (cumulative)
[nb_ridge] solve class 709 110.1s (cumulative)
[nb_ridge] solve class 710 110.2s (cumulative)
[nb_ridge] solve class 711 110.4s (cumulative)
[nb_ridge] solve class 712 110.5s (cumulative)
[nb_ridge] solve class 713 110.7s (cumulative)
[nb_ridge] solve class 714 110.9s (cumulative)
[nb_ridge] solve class 715 111.0s (cumulative)
[nb_ridge] solve class 716 111.2s (cumulative)
[nb_ridge] solve class 717 111.3s (cumulative)
[nb_ridge] solve class 718 111.5s (cumulative)
[nb_ridge] solve class 719 111.6s (cumulative)
[nb_ridge] solve class 720 111.8s (cumulative)
[nb_ridge] solve class 721 111.9s (cumulative)
[nb_ridge] solve class 722 112.1s (cumulative)
[nb_ridge] solve class 723 112.3s (cumulative)
[nb_ridge] solve class 724 112.4s (cumulative)
[nb_ridge] solve class 725 112.6s (cumulative)
[nb_ridge] solve class 726 112.7s (cumulative)
[nb_ridge] solve class 727 112.9s (cumulative)
[nb_ridge] solve class 728 113.0s (cumulative)
[nb_ridge] solve class 729 113.2s (cumulative)
[nb_ridge] solve class 730 113.4s (cumulative)
[nb_ridge] solve class 731 113.5s (cumulative)
[nb_ridge] solve class 732 113.7s (cumulative)
[nb_ridge] solve class 733 113.8s (cumulative)
[nb_ridge] solve class 734 114.0s (cumulative)
[nb_ridge] solve class 735 114.1s (cumulative)
[nb_ridge] solve class 736 114.3s (cumulative)
[nb_ridge] solve class 737 114.5s (cumulative)
[nb_ridge] solve class 738 114.6s (cumulative)
[nb_ridge] solve class 739 114.8s (cumulative)
[nb_ridge] solve class 740 114.9s (cumulative)
[nb_ridge] solve class 741 115.1s (cumulative)
[nb_ridge] solve class 742 115.2s (cumulative)
[nb_ridge] solve class 743 115.4s (cumulative)
[nb_ridge] solve class 744 115.6s (cumulative)
[nb_ridge] solve class 745 115.8s (cumulative)
[nb_ridge] solve class 746 115.9s (cumulative)
[nb_ridge] solve class 747 116.1s (cumulative)
[nb_ridge] solve class 748 116.2s (cumulative)
[nb_ridge] solve class 749 116.4s (cumulative)
[nb_ridge] solve class 750 116.5s (cumulative)
[nb_ridge] solve class 751 116.7s (cumulative)
[nb_ridge] solve class 752 116.9s (cumulative)
[nb_ridge] solve class 753 117.0s (cumulative)
[nb_ridge] solve class 754 117.2s (cumulative)
[nb_ridge] solve class 755 117.3s (cumulative)
[nb_ridge] solve class 756 117.5s (cumulative)
[nb_ridge] solve class 757 117.6s (cumulative)
[nb_ridge] solve class 758 117.8s (cumulative)
[nb_ridge] solve class 759 117.9s (cumulative)
[nb_ridge] solve class 760 118.2s (cumulative)
[nb_ridge] solve class 761 118.3s (cumulative)
[nb_ridge] solve class 762 118.5s (cumulative)
[nb_ridge] solve class 763 118.6s (cumulative)
[nb_ridge] solve class 764 118.8s (cumulative)
[nb_ridge] solve class 765 118.9s (cumulative)
[nb_ridge] solve class 766 119.1s (cumulative)
[nb_ridge] solve class 767 119.3s (cumulative)
[nb_ridge] solve class 768 119.5s (cumulative)
[nb_ridge] solve class 769 119.6s (cumulative)
[nb_ridge] solve class 770 119.8s (cumulative)
[nb_ridge] solve class 771 119.9s (cumulative)
[nb_ridge] solve class 772 120.0s (cumulative)
[nb_ridge] solve class 773 120.2s (cumulative)
[nb_ridge] solve class 774 120.4s (cumulative)
[nb_ridge] solve class 775 120.6s (cumulative)
[nb_ridge] solve class 776 120.7s (cumulative)
[nb_ridge] solve class 777 120.9s (cumulative)
[nb_ridge] solve class 778 121.0s (cumulative)
[nb_ridge] solve class 779 121.2s (cumulative)
[nb_ridge] solve class 780 121.3s (cumulative)
[nb_ridge] solve class 781 121.5s (cumulative)
[nb_ridge] solve class 782 121.7s (cumulative)
[nb_ridge] solve class 783 121.9s (cumulative)
[nb_ridge] solve class 784 122.0s (cumulative)
[nb_ridge] solve class 785 122.2s (cumulative)
[nb_ridge] solve class 786 122.3s (cumulative)
[nb_ridge] solve class 787 122.5s (cumulative)
[nb_ridge] solve class 788 122.6s (cumulative)
[nb_ridge] solve class 789 122.8s (cumulative)
[nb_ridge] solve class 790 123.0s (cumulative)
[nb_ridge] solve class 791 123.1s (cumulative)
[nb_ridge] solve class 792 123.3s (cumulative)
[nb_ridge] solve class 793 123.4s (cumulative)
[nb_ridge] solve class 794 123.6s (cumulative)
[nb_ridge] solve class 795 123.7s (cumulative)
[nb_ridge] solve class 796 123.9s (cumulative)
[nb_ridge] solve class 797 124.1s (cumulative)
[nb_ridge] solve class 798 124.3s (cumulative)
[nb_ridge] solve class 799 124.4s (cumulative)
[nb_ridge] solve class 800 124.5s (cumulative)
[nb_ridge] solve class 801 124.7s (cumulative)
[nb_ridge] solve class 802 124.8s (cumulative)
[nb_ridge] solve class 803 125.0s (cumulative)
[nb_ridge] solve class 804 125.1s (cumulative)
[nb_ridge] solve class 805 125.3s (cumulative)
[nb_ridge] solve class 806 125.5s (cumulative)
[nb_ridge] solve class 807 125.7s (cumulative)
[nb_ridge] solve class 808 125.8s (cumulative)
[nb_ridge] solve class 809 126.0s (cumulative)
[nb_ridge] solve class 810 126.1s (cumulative)
[nb_ridge] solve class 811 126.3s (cumulative)
[nb_ridge] solve class 812 126.4s (cumulative)
[nb_ridge] solve class 813 126.6s (cumulative)
[nb_ridge] solve class 814 126.8s (cumulative)
[nb_ridge] solve class 815 126.9s (cumulative)
[nb_ridge] solve class 816 127.1s (cumulative)
[nb_ridge] solve class 817 127.2s (cumulative)
[nb_ridge] solve class 818 127.4s (cumulative)
[nb_ridge] solve class 819 127.5s (cumulative)
[nb_ridge] solve class 820 127.7s (cumulative)
[nb_ridge] solve class 821 127.9s (cumulative)
[nb_ridge] solve class 822 128.1s (cumulative)
[nb_ridge] solve class 823 128.2s (cumulative)
[nb_ridge] solve class 824 128.3s (cumulative)
[nb_ridge] solve class 825 128.5s (cumulative)
[nb_ridge] solve class 826 128.6s (cumulative)
[nb_ridge] solve class 827 128.8s (cumulative)
[nb_ridge] solve class 828 129.1s (cumulative)
[nb_ridge] solve class 829 129.2s (cumulative)
[nb_ridge] solve class 830 129.4s (cumulative)
[nb_ridge] solve class 831 129.5s (cumulative)
[nb_ridge] solve class 832 129.7s (cumulative)
[nb_ridge] solve class 833 129.8s (cumulative)
[nb_ridge] solve class 834 130.0s (cumulative)
[nb_ridge] solve class 835 130.2s (cumulative)
[nb_ridge] solve class 836 130.4s (cumulative)
[nb_ridge] solve class 837 130.6s (cumulative)
[nb_ridge] solve class 838 130.7s (cumulative)
[nb_ridge] solve class 839 130.9s (cumulative)
[nb_ridge] solve class 840 131.1s (cumulative)
[nb_ridge] solve class 841 131.3s (cumulative)
    ridge-select: scale 2 → sel-slice acc 0.1950
[nb_ridge] tokenize+counts 0.0s (1981 docs, 842 classes)
[nb_ridge] solve class 0 0.2s (cumulative)
[nb_ridge] solve class 1 0.5s (cumulative)
[nb_ridge] solve class 2 0.7s (cumulative)
[nb_ridge] solve class 3 0.8s (cumulative)
[nb_ridge] solve class 4 1.0s (cumulative)
[nb_ridge] solve class 5 1.2s (cumulative)
[nb_ridge] solve class 6 1.5s (cumulative)
[nb_ridge] solve class 7 1.7s (cumulative)
[nb_ridge] solve class 8 2.0s (cumulative)
[nb_ridge] solve class 9 2.1s (cumulative)
[nb_ridge] solve class 10 2.3s (cumulative)
[nb_ridge] solve class 11 2.4s (cumulative)
[nb_ridge] solve class 12 2.6s (cumulative)
[nb_ridge] solve class 13 2.8s (cumulative)
[nb_ridge] solve class 14 3.0s (cumulative)
[nb_ridge] solve class 15 3.2s (cumulative)
[nb_ridge] solve class 16 3.3s (cumulative)
[nb_ridge] solve class 17 3.5s (cumulative)
[nb_ridge] solve class 18 3.7s (cumulative)
[nb_ridge] solve class 19 3.8s (cumulative)
[nb_ridge] solve class 20 4.0s (cumulative)
[nb_ridge] solve class 21 4.1s (cumulative)
[nb_ridge] solve class 22 4.3s (cumulative)
[nb_ridge] solve class 23 4.5s (cumulative)
[nb_ridge] solve class 24 4.7s (cumulative)
[nb_ridge] solve class 25 4.9s (cumulative)
[nb_ridge] solve class 26 5.1s (cumulative)
[nb_ridge] solve class 27 5.3s (cumulative)
[nb_ridge] solve class 28 5.5s (cumulative)
[nb_ridge] solve class 29 5.6s (cumulative)
[nb_ridge] solve class 30 5.8s (cumulative)
[nb_ridge] solve class 31 6.0s (cumulative)
[nb_ridge] solve class 32 6.2s (cumulative)
[nb_ridge] solve class 33 6.3s (cumulative)
[nb_ridge] solve class 34 6.5s (cumulative)
[nb_ridge] solve class 35 6.7s (cumulative)
[nb_ridge] solve class 36 6.8s (cumulative)
[nb_ridge] solve class 37 7.0s (cumulative)
[nb_ridge] solve class 38 7.3s (cumulative)
[nb_ridge] solve class 39 7.5s (cumulative)
[nb_ridge] solve class 40 7.7s (cumulative)
[nb_ridge] solve class 41 8.0s (cumulative)
[nb_ridge] solve class 42 8.2s (cumulative)
[nb_ridge] solve class 43 8.5s (cumulative)
[nb_ridge] solve class 44 8.8s (cumulative)
[nb_ridge] solve class 45 9.1s (cumulative)
[nb_ridge] solve class 46 9.3s (cumulative)
[nb_ridge] solve class 47 9.5s (cumulative)
[nb_ridge] solve class 48 9.6s (cumulative)
[nb_ridge] solve class 49 9.8s (cumulative)
[nb_ridge] solve class 50 10.0s (cumulative)
[nb_ridge] solve class 51 10.2s (cumulative)
[nb_ridge] solve class 52 10.5s (cumulative)
[nb_ridge] solve class 53 10.8s (cumulative)
[nb_ridge] solve class 54 10.9s (cumulative)
[nb_ridge] solve class 55 11.2s (cumulative)
[nb_ridge] solve class 56 11.4s (cumulative)
[nb_ridge] solve class 57 11.7s (cumulative)
[nb_ridge] solve class 58 11.9s (cumulative)
[nb_ridge] solve class 59 12.1s (cumulative)
[nb_ridge] solve class 60 12.4s (cumulative)
[nb_ridge] solve class 61 12.6s (cumulative)
[nb_ridge] solve class 62 12.8s (cumulative)
[nb_ridge] solve class 63 12.9s (cumulative)
[nb_ridge] solve class 64 13.2s (cumulative)
[nb_ridge] solve class 65 13.4s (cumulative)
[nb_ridge] solve class 66 13.5s (cumulative)
[nb_ridge] solve class 67 13.8s (cumulative)
[nb_ridge] solve class 68 13.9s (cumulative)
[nb_ridge] solve class 69 14.1s (cumulative)
[nb_ridge] solve class 70 14.3s (cumulative)
[nb_ridge] solve class 71 14.5s (cumulative)
[nb_ridge] solve class 72 14.8s (cumulative)
[nb_ridge] solve class 73 15.2s (cumulative)
[nb_ridge] solve class 74 15.4s (cumulative)
[nb_ridge] solve class 75 15.5s (cumulative)
[nb_ridge] solve class 76 15.7s (cumulative)
[nb_ridge] solve class 77 15.9s (cumulative)
[nb_ridge] solve class 78 16.1s (cumulative)
[nb_ridge] solve class 79 16.4s (cumulative)
[nb_ridge] solve class 80 16.7s (cumulative)
[nb_ridge] solve class 81 16.9s (cumulative)
[nb_ridge] solve class 82 17.1s (cumulative)
[nb_ridge] solve class 83 17.2s (cumulative)
[nb_ridge] solve class 84 17.4s (cumulative)
[nb_ridge] solve class 85 17.5s (cumulative)
[nb_ridge] solve class 86 17.7s (cumulative)
[nb_ridge] solve class 87 17.9s (cumulative)
[nb_ridge] solve class 88 18.1s (cumulative)
[nb_ridge] solve class 89 18.3s (cumulative)
[nb_ridge] solve class 90 18.4s (cumulative)
[nb_ridge] solve class 91 18.6s (cumulative)
[nb_ridge] solve class 92 18.7s (cumulative)
[nb_ridge] solve class 93 18.9s (cumulative)
[nb_ridge] solve class 94 19.0s (cumulative)
[nb_ridge] solve class 95 19.3s (cumulative)
[nb_ridge] solve class 96 19.4s (cumulative)
[nb_ridge] solve class 97 19.6s (cumulative)
[nb_ridge] solve class 98 19.7s (cumulative)
[nb_ridge] solve class 99 19.9s (cumulative)
[nb_ridge] solve class 100 20.0s (cumulative)
[nb_ridge] solve class 101 20.2s (cumulative)
[nb_ridge] solve class 102 20.4s (cumulative)
[nb_ridge] solve class 103 20.6s (cumulative)
[nb_ridge] solve class 104 20.7s (cumulative)
[nb_ridge] solve class 105 20.9s (cumulative)
[nb_ridge] solve class 106 21.1s (cumulative)
[nb_ridge] solve class 107 21.2s (cumulative)
[nb_ridge] solve class 108 21.4s (cumulative)
[nb_ridge] solve class 109 21.8s (cumulative)
[nb_ridge] solve class 110 22.1s (cumulative)
[nb_ridge] solve class 111 22.3s (cumulative)
[nb_ridge] solve class 112 22.5s (cumulative)
[nb_ridge] solve class 113 22.8s (cumulative)
[nb_ridge] solve class 114 23.0s (cumulative)
[nb_ridge] solve class 115 23.2s (cumulative)
[nb_ridge] solve class 116 23.5s (cumulative)
[nb_ridge] solve class 117 23.7s (cumulative)
[nb_ridge] solve class 118 23.8s (cumulative)
[nb_ridge] solve class 119 24.1s (cumulative)
[nb_ridge] solve class 120 24.4s (cumulative)
[nb_ridge] solve class 121 24.7s (cumulative)
[nb_ridge] solve class 122 25.1s (cumulative)
[nb_ridge] solve class 123 25.4s (cumulative)
[nb_ridge] solve class 124 25.6s (cumulative)
[nb_ridge] solve class 125 25.8s (cumulative)
[nb_ridge] solve class 126 26.0s (cumulative)
[nb_ridge] solve class 127 26.2s (cumulative)
[nb_ridge] solve class 128 26.4s (cumulative)
[nb_ridge] solve class 129 26.6s (cumulative)
[nb_ridge] solve class 130 26.8s (cumulative)
[nb_ridge] solve class 131 26.9s (cumulative)
[nb_ridge] solve class 132 27.1s (cumulative)
[nb_ridge] solve class 133 27.3s (cumulative)
[nb_ridge] solve class 134 27.4s (cumulative)
[nb_ridge] solve class 135 27.6s (cumulative)
[nb_ridge] solve class 136 27.7s (cumulative)
[nb_ridge] solve class 137 27.9s (cumulative)
[nb_ridge] solve class 138 28.1s (cumulative)
[nb_ridge] solve class 139 28.2s (cumulative)
[nb_ridge] solve class 140 28.4s (cumulative)
[nb_ridge] solve class 141 28.5s (cumulative)
[nb_ridge] solve class 142 28.7s (cumulative)
[nb_ridge] solve class 143 28.8s (cumulative)
[nb_ridge] solve class 144 29.0s (cumulative)
[nb_ridge] solve class 145 29.2s (cumulative)
[nb_ridge] solve class 146 29.4s (cumulative)
[nb_ridge] solve class 147 29.5s (cumulative)
[nb_ridge] solve class 148 29.7s (cumulative)
[nb_ridge] solve class 149 29.8s (cumulative)
[nb_ridge] solve class 150 30.0s (cumulative)
[nb_ridge] solve class 151 30.1s (cumulative)
[nb_ridge] solve class 152 30.3s (cumulative)
[nb_ridge] solve class 153 30.5s (cumulative)
[nb_ridge] solve class 154 30.6s (cumulative)
[nb_ridge] solve class 155 30.8s (cumulative)
[nb_ridge] solve class 156 30.9s (cumulative)
[nb_ridge] solve class 157 31.1s (cumulative)
[nb_ridge] solve class 158 31.2s (cumulative)
[nb_ridge] solve class 159 31.5s (cumulative)
[nb_ridge] solve class 160 31.7s (cumulative)
[nb_ridge] solve class 161 31.8s (cumulative)
[nb_ridge] solve class 162 32.0s (cumulative)
[nb_ridge] solve class 163 32.1s (cumulative)
[nb_ridge] solve class 164 32.3s (cumulative)
[nb_ridge] solve class 165 32.5s (cumulative)
[nb_ridge] solve class 166 32.7s (cumulative)
[nb_ridge] solve class 167 32.9s (cumulative)
[nb_ridge] solve class 168 33.1s (cumulative)
[nb_ridge] solve class 169 33.2s (cumulative)
[nb_ridge] solve class 170 33.4s (cumulative)
[nb_ridge] solve class 171 33.5s (cumulative)
[nb_ridge] solve class 172 33.7s (cumulative)
[nb_ridge] solve class 173 34.0s (cumulative)
[nb_ridge] solve class 174 34.2s (cumulative)
[nb_ridge] solve class 175 34.4s (cumulative)
[nb_ridge] solve class 176 34.5s (cumulative)
[nb_ridge] solve class 177 34.7s (cumulative)
[nb_ridge] solve class 178 34.8s (cumulative)
[nb_ridge] solve class 179 35.0s (cumulative)
[nb_ridge] solve class 180 35.1s (cumulative)
[nb_ridge] solve class 181 35.3s (cumulative)
[nb_ridge] solve class 182 35.5s (cumulative)
[nb_ridge] solve class 183 35.7s (cumulative)
[nb_ridge] solve class 184 35.8s (cumulative)
[nb_ridge] solve class 185 36.0s (cumulative)
[nb_ridge] solve class 186 36.1s (cumulative)
[nb_ridge] solve class 187 36.3s (cumulative)
[nb_ridge] solve class 188 36.6s (cumulative)
[nb_ridge] solve class 189 36.8s (cumulative)
[nb_ridge] solve class 190 36.9s (cumulative)
[nb_ridge] solve class 191 37.1s (cumulative)
[nb_ridge] solve class 192 37.2s (cumulative)
[nb_ridge] solve class 193 37.4s (cumulative)
[nb_ridge] solve class 194 37.5s (cumulative)
[nb_ridge] solve class 195 37.7s (cumulative)
[nb_ridge] solve class 196 37.9s (cumulative)
[nb_ridge] solve class 197 38.0s (cumulative)
[nb_ridge] solve class 198 38.2s (cumulative)
[nb_ridge] solve class 199 38.3s (cumulative)
[nb_ridge] solve class 200 38.5s (cumulative)
[nb_ridge] solve class 201 38.6s (cumulative)
[nb_ridge] solve class 202 38.8s (cumulative)
[nb_ridge] solve class 203 39.0s (cumulative)
[nb_ridge] solve class 204 39.2s (cumulative)
[nb_ridge] solve class 205 39.3s (cumulative)
[nb_ridge] solve class 206 39.5s (cumulative)
[nb_ridge] solve class 207 39.6s (cumulative)
[nb_ridge] solve class 208 39.8s (cumulative)
[nb_ridge] solve class 209 39.9s (cumulative)
[nb_ridge] solve class 210 40.1s (cumulative)
[nb_ridge] solve class 211 40.3s (cumulative)
[nb_ridge] solve class 212 40.5s (cumulative)
[nb_ridge] solve class 213 40.6s (cumulative)
[nb_ridge] solve class 214 40.8s (cumulative)
[nb_ridge] solve class 215 40.9s (cumulative)
[nb_ridge] solve class 216 41.0s (cumulative)
[nb_ridge] solve class 217 41.2s (cumulative)
[nb_ridge] solve class 218 41.4s (cumulative)
[nb_ridge] solve class 219 41.6s (cumulative)
[nb_ridge] solve class 220 41.8s (cumulative)
[nb_ridge] solve class 221 41.9s (cumulative)
[nb_ridge] solve class 222 42.1s (cumulative)
[nb_ridge] solve class 223 42.2s (cumulative)
[nb_ridge] solve class 224 42.4s (cumulative)
[nb_ridge] solve class 225 42.5s (cumulative)
[nb_ridge] solve class 226 42.8s (cumulative)
[nb_ridge] solve class 227 42.9s (cumulative)
[nb_ridge] solve class 228 43.1s (cumulative)
[nb_ridge] solve class 229 43.2s (cumulative)
[nb_ridge] solve class 230 43.4s (cumulative)
[nb_ridge] solve class 231 43.6s (cumulative)
[nb_ridge] solve class 232 43.9s (cumulative)
[nb_ridge] solve class 233 44.2s (cumulative)
[nb_ridge] solve class 234 44.3s (cumulative)
[nb_ridge] solve class 235 44.5s (cumulative)
[nb_ridge] solve class 236 44.7s (cumulative)
[nb_ridge] solve class 237 44.9s (cumulative)
[nb_ridge] solve class 238 45.1s (cumulative)
[nb_ridge] solve class 239 45.5s (cumulative)
[nb_ridge] solve class 240 45.7s (cumulative)
[nb_ridge] solve class 241 45.9s (cumulative)
[nb_ridge] solve class 242 46.1s (cumulative)
[nb_ridge] solve class 243 46.4s (cumulative)
[nb_ridge] solve class 244 46.6s (cumulative)
[nb_ridge] solve class 245 46.9s (cumulative)
[nb_ridge] solve class 246 47.2s (cumulative)
[nb_ridge] solve class 247 47.4s (cumulative)
[nb_ridge] solve class 248 47.6s (cumulative)
[nb_ridge] solve class 249 47.8s (cumulative)
[nb_ridge] solve class 250 48.1s (cumulative)
[nb_ridge] solve class 251 48.3s (cumulative)
[nb_ridge] solve class 252 48.7s (cumulative)
[nb_ridge] solve class 253 49.0s (cumulative)
[nb_ridge] solve class 254 49.2s (cumulative)
[nb_ridge] solve class 255 49.4s (cumulative)
[nb_ridge] solve class 256 49.6s (cumulative)
[nb_ridge] solve class 257 49.9s (cumulative)
[nb_ridge] solve class 258 50.1s (cumulative)
[nb_ridge] solve class 259 50.4s (cumulative)
[nb_ridge] solve class 260 50.6s (cumulative)
[nb_ridge] solve class 261 50.8s (cumulative)
[nb_ridge] solve class 262 51.0s (cumulative)
[nb_ridge] solve class 263 51.1s (cumulative)
[nb_ridge] solve class 264 51.3s (cumulative)
[nb_ridge] solve class 265 51.5s (cumulative)
[nb_ridge] solve class 266 51.8s (cumulative)
[nb_ridge] solve class 267 52.0s (cumulative)
[nb_ridge] solve class 268 52.2s (cumulative)
[nb_ridge] solve class 269 52.3s (cumulative)
[nb_ridge] solve class 270 52.5s (cumulative)
[nb_ridge] solve class 271 52.6s (cumulative)
[nb_ridge] solve class 272 52.8s (cumulative)
[nb_ridge] solve class 273 53.0s (cumulative)
[nb_ridge] solve class 274 53.2s (cumulative)
[nb_ridge] solve class 275 53.3s (cumulative)
[nb_ridge] solve class 276 53.5s (cumulative)
[nb_ridge] solve class 277 53.6s (cumulative)
[nb_ridge] solve class 278 53.8s (cumulative)
[nb_ridge] solve class 279 53.9s (cumulative)
[nb_ridge] solve class 280 54.2s (cumulative)
[nb_ridge] solve class 281 54.5s (cumulative)
[nb_ridge] solve class 282 54.8s (cumulative)
[nb_ridge] solve class 283 55.0s (cumulative)
[nb_ridge] solve class 284 55.2s (cumulative)
[nb_ridge] solve class 285 55.5s (cumulative)
[nb_ridge] solve class 286 55.9s (cumulative)
[nb_ridge] solve class 287 56.2s (cumulative)
[nb_ridge] solve class 288 56.4s (cumulative)
[nb_ridge] solve class 289 56.6s (cumulative)
[nb_ridge] solve class 290 56.9s (cumulative)
[nb_ridge] solve class 291 57.2s (cumulative)
[nb_ridge] solve class 292 57.6s (cumulative)
[nb_ridge] solve class 293 57.8s (cumulative)
[nb_ridge] solve class 294 58.0s (cumulative)
[nb_ridge] solve class 295 58.2s (cumulative)
[nb_ridge] solve class 296 58.4s (cumulative)
[nb_ridge] solve class 297 58.6s (cumulative)
[nb_ridge] solve class 298 58.8s (cumulative)
[nb_ridge] solve class 299 59.2s (cumulative)
[nb_ridge] solve class 300 59.4s (cumulative)
[nb_ridge] solve class 301 59.6s (cumulative)
[nb_ridge] solve class 302 59.7s (cumulative)
[nb_ridge] solve class 303 59.9s (cumulative)
[nb_ridge] solve class 304 60.1s (cumulative)
[nb_ridge] solve class 305 60.4s (cumulative)
[nb_ridge] solve class 306 60.7s (cumulative)
[nb_ridge] solve class 307 60.9s (cumulative)
[nb_ridge] solve class 308 61.0s (cumulative)
[nb_ridge] solve class 309 61.2s (cumulative)
[nb_ridge] solve class 310 61.4s (cumulative)
[nb_ridge] solve class 311 61.6s (cumulative)
[nb_ridge] solve class 312 61.8s (cumulative)
[nb_ridge] solve class 313 62.0s (cumulative)
[nb_ridge] solve class 314 62.2s (cumulative)
[nb_ridge] solve class 315 62.3s (cumulative)
[nb_ridge] solve class 316 62.5s (cumulative)
[nb_ridge] solve class 317 62.7s (cumulative)
[nb_ridge] solve class 318 62.8s (cumulative)
[nb_ridge] solve class 319 63.0s (cumulative)
[nb_ridge] solve class 320 63.2s (cumulative)
[nb_ridge] solve class 321 63.4s (cumulative)
[nb_ridge] solve class 322 63.6s (cumulative)
[nb_ridge] solve class 323 63.7s (cumulative)
[nb_ridge] solve class 324 63.9s (cumulative)
[nb_ridge] solve class 325 64.0s (cumulative)
[nb_ridge] solve class 326 64.2s (cumulative)
[nb_ridge] solve class 327 64.5s (cumulative)
[nb_ridge] solve class 328 64.7s (cumulative)
[nb_ridge] solve class 329 64.8s (cumulative)
[nb_ridge] solve class 330 65.0s (cumulative)
[nb_ridge] solve class 331 65.1s (cumulative)
[nb_ridge] solve class 332 65.3s (cumulative)
[nb_ridge] solve class 333 65.4s (cumulative)
[nb_ridge] solve class 334 65.6s (cumulative)
[nb_ridge] solve class 335 65.8s (cumulative)
[nb_ridge] solve class 336 65.9s (cumulative)
[nb_ridge] solve class 337 66.1s (cumulative)
[nb_ridge] solve class 338 66.2s (cumulative)
[nb_ridge] solve class 339 66.4s (cumulative)
[nb_ridge] solve class 340 66.5s (cumulative)
[nb_ridge] solve class 341 66.7s (cumulative)
[nb_ridge] solve class 342 66.8s (cumulative)
[nb_ridge] solve class 343 67.0s (cumulative)
[nb_ridge] solve class 344 67.1s (cumulative)
[nb_ridge] solve class 345 67.3s (cumulative)
[nb_ridge] solve class 346 67.4s (cumulative)
[nb_ridge] solve class 347 67.6s (cumulative)
[nb_ridge] solve class 348 67.7s (cumulative)
[nb_ridge] solve class 349 67.9s (cumulative)
[nb_ridge] solve class 350 68.0s (cumulative)
[nb_ridge] solve class 351 68.2s (cumulative)
[nb_ridge] solve class 352 68.4s (cumulative)
[nb_ridge] solve class 353 68.5s (cumulative)
[nb_ridge] solve class 354 68.7s (cumulative)
[nb_ridge] solve class 355 68.8s (cumulative)
[nb_ridge] solve class 356 69.0s (cumulative)
[nb_ridge] solve class 357 69.2s (cumulative)
[nb_ridge] solve class 358 69.4s (cumulative)
[nb_ridge] solve class 359 69.6s (cumulative)
[nb_ridge] solve class 360 69.7s (cumulative)
[nb_ridge] solve class 361 69.9s (cumulative)
[nb_ridge] solve class 362 70.0s (cumulative)
[nb_ridge] solve class 363 70.2s (cumulative)
[nb_ridge] solve class 364 70.3s (cumulative)
[nb_ridge] solve class 365 70.5s (cumulative)
[nb_ridge] solve class 366 70.7s (cumulative)
[nb_ridge] solve class 367 70.8s (cumulative)
[nb_ridge] solve class 368 71.0s (cumulative)
[nb_ridge] solve class 369 71.1s (cumulative)
[nb_ridge] solve class 370 71.3s (cumulative)
[nb_ridge] solve class 371 71.4s (cumulative)
[nb_ridge] solve class 372 71.6s (cumulative)
[nb_ridge] solve class 373 71.8s (cumulative)
[nb_ridge] solve class 374 72.0s (cumulative)
[nb_ridge] solve class 375 72.2s (cumulative)
[nb_ridge] solve class 376 72.3s (cumulative)
[nb_ridge] solve class 377 72.5s (cumulative)
[nb_ridge] solve class 378 72.6s (cumulative)
[nb_ridge] solve class 379 72.8s (cumulative)
[nb_ridge] solve class 380 72.9s (cumulative)
[nb_ridge] solve class 381 73.1s (cumulative)
[nb_ridge] solve class 382 73.3s (cumulative)
[nb_ridge] solve class 383 73.4s (cumulative)
[nb_ridge] solve class 384 73.6s (cumulative)
[nb_ridge] solve class 385 73.7s (cumulative)
[nb_ridge] solve class 386 73.8s (cumulative)
[nb_ridge] solve class 387 74.0s (cumulative)
[nb_ridge] solve class 388 74.1s (cumulative)
[nb_ridge] solve class 389 74.3s (cumulative)
[nb_ridge] solve class 390 74.5s (cumulative)
[nb_ridge] solve class 391 74.6s (cumulative)
[nb_ridge] solve class 392 74.8s (cumulative)
[nb_ridge] solve class 393 74.9s (cumulative)
[nb_ridge] solve class 394 75.0s (cumulative)
[nb_ridge] solve class 395 75.2s (cumulative)
[nb_ridge] solve class 396 75.3s (cumulative)
[nb_ridge] solve class 397 75.5s (cumulative)
[nb_ridge] solve class 398 75.7s (cumulative)
[nb_ridge] solve class 399 75.8s (cumulative)
[nb_ridge] solve class 400 76.0s (cumulative)
[nb_ridge] solve class 401 76.1s (cumulative)
[nb_ridge] solve class 402 76.2s (cumulative)
[nb_ridge] solve class 403 76.4s (cumulative)
[nb_ridge] solve class 404 76.5s (cumulative)
[nb_ridge] solve class 405 76.7s (cumulative)
[nb_ridge] solve class 406 76.9s (cumulative)
[nb_ridge] solve class 407 77.0s (cumulative)
[nb_ridge] solve class 408 77.2s (cumulative)
[nb_ridge] solve class 409 77.3s (cumulative)
[nb_ridge] solve class 410 77.4s (cumulative)
[nb_ridge] solve class 411 77.6s (cumulative)
[nb_ridge] solve class 412 77.8s (cumulative)
[nb_ridge] solve class 413 77.9s (cumulative)
[nb_ridge] solve class 414 78.1s (cumulative)
[nb_ridge] solve class 415 78.2s (cumulative)
[nb_ridge] solve class 416 78.4s (cumulative)
[nb_ridge] solve class 417 78.5s (cumulative)
[nb_ridge] solve class 418 78.7s (cumulative)
[nb_ridge] solve class 419 78.8s (cumulative)
[nb_ridge] solve class 420 79.0s (cumulative)
[nb_ridge] solve class 421 79.2s (cumulative)
[nb_ridge] solve class 422 79.3s (cumulative)
[nb_ridge] solve class 423 79.5s (cumulative)
[nb_ridge] solve class 424 79.6s (cumulative)
[nb_ridge] solve class 425 79.8s (cumulative)
[nb_ridge] solve class 426 79.9s (cumulative)
[nb_ridge] solve class 427 80.1s (cumulative)
[nb_ridge] solve class 428 80.3s (cumulative)
[nb_ridge] solve class 429 80.4s (cumulative)
[nb_ridge] solve class 430 80.6s (cumulative)
[nb_ridge] solve class 431 80.7s (cumulative)
[nb_ridge] solve class 432 80.9s (cumulative)
[nb_ridge] solve class 433 81.0s (cumulative)
[nb_ridge] solve class 434 81.2s (cumulative)
[nb_ridge] solve class 435 81.3s (cumulative)
[nb_ridge] solve class 436 81.5s (cumulative)
[nb_ridge] solve class 437 81.7s (cumulative)
[nb_ridge] solve class 438 81.8s (cumulative)
[nb_ridge] solve class 439 82.0s (cumulative)
[nb_ridge] solve class 440 82.1s (cumulative)
[nb_ridge] solve class 441 82.3s (cumulative)
[nb_ridge] solve class 442 82.5s (cumulative)
[nb_ridge] solve class 443 82.7s (cumulative)
[nb_ridge] solve class 444 82.9s (cumulative)
[nb_ridge] solve class 445 83.0s (cumulative)
[nb_ridge] solve class 446 83.2s (cumulative)
[nb_ridge] solve class 447 83.3s (cumulative)
[nb_ridge] solve class 448 83.5s (cumulative)
[nb_ridge] solve class 449 83.6s (cumulative)
[nb_ridge] solve class 450 83.8s (cumulative)
[nb_ridge] solve class 451 84.0s (cumulative)
[nb_ridge] solve class 452 84.1s (cumulative)
[nb_ridge] solve class 453 84.3s (cumulative)
[nb_ridge] solve class 454 84.4s (cumulative)
[nb_ridge] solve class 455 84.5s (cumulative)
[nb_ridge] solve class 456 84.7s (cumulative)
[nb_ridge] solve class 457 84.8s (cumulative)
[nb_ridge] solve class 458 85.0s (cumulative)
[nb_ridge] solve class 459 85.2s (cumulative)
[nb_ridge] solve class 460 85.4s (cumulative)
[nb_ridge] solve class 461 85.5s (cumulative)
[nb_ridge] solve class 462 85.6s (cumulative)
[nb_ridge] solve class 463 85.8s (cumulative)
[nb_ridge] solve class 464 85.9s (cumulative)
[nb_ridge] solve class 465 86.1s (cumulative)
[nb_ridge] solve class 466 86.2s (cumulative)
[nb_ridge] solve class 467 86.4s (cumulative)
[nb_ridge] solve class 468 86.5s (cumulative)
[nb_ridge] solve class 469 86.7s (cumulative)
[nb_ridge] solve class 470 86.8s (cumulative)
[nb_ridge] solve class 471 86.9s (cumulative)
[nb_ridge] solve class 472 87.1s (cumulative)
[nb_ridge] solve class 473 87.2s (cumulative)
[nb_ridge] solve class 474 87.4s (cumulative)
[nb_ridge] solve class 475 87.6s (cumulative)
[nb_ridge] solve class 476 87.7s (cumulative)
[nb_ridge] solve class 477 87.9s (cumulative)
[nb_ridge] solve class 478 88.0s (cumulative)
[nb_ridge] solve class 479 88.2s (cumulative)
[nb_ridge] solve class 480 88.3s (cumulative)
[nb_ridge] solve class 481 88.4s (cumulative)
[nb_ridge] solve class 482 88.6s (cumulative)
[nb_ridge] solve class 483 88.8s (cumulative)
[nb_ridge] solve class 484 89.0s (cumulative)
[nb_ridge] solve class 485 89.1s (cumulative)
[nb_ridge] solve class 486 89.3s (cumulative)
[nb_ridge] solve class 487 89.4s (cumulative)
[nb_ridge] solve class 488 89.5s (cumulative)
[nb_ridge] solve class 489 89.7s (cumulative)
[nb_ridge] solve class 490 89.8s (cumulative)
[nb_ridge] solve class 491 90.0s (cumulative)
[nb_ridge] solve class 492 90.1s (cumulative)
[nb_ridge] solve class 493 90.3s (cumulative)
[nb_ridge] solve class 494 90.4s (cumulative)
[nb_ridge] solve class 495 90.6s (cumulative)
[nb_ridge] solve class 496 90.7s (cumulative)
[nb_ridge] solve class 497 90.9s (cumulative)
[nb_ridge] solve class 498 91.1s (cumulative)
[nb_ridge] solve class 499 91.2s (cumulative)
[nb_ridge] solve class 500 91.3s (cumulative)
[nb_ridge] solve class 501 91.5s (cumulative)
[nb_ridge] solve class 502 91.6s (cumulative)
[nb_ridge] solve class 503 91.8s (cumulative)
[nb_ridge] solve class 504 91.9s (cumulative)
[nb_ridge] solve class 505 92.1s (cumulative)
[nb_ridge] solve class 506 92.3s (cumulative)
[nb_ridge] solve class 507 92.4s (cumulative)
[nb_ridge] solve class 508 92.5s (cumulative)
[nb_ridge] solve class 509 92.7s (cumulative)
[nb_ridge] solve class 510 92.8s (cumulative)
[nb_ridge] solve class 511 93.0s (cumulative)
[nb_ridge] solve class 512 93.1s (cumulative)
[nb_ridge] solve class 513 93.3s (cumulative)
[nb_ridge] solve class 514 93.5s (cumulative)
[nb_ridge] solve class 515 93.6s (cumulative)
[nb_ridge] solve class 516 93.8s (cumulative)
[nb_ridge] solve class 517 93.9s (cumulative)
[nb_ridge] solve class 518 94.0s (cumulative)
[nb_ridge] solve class 519 94.2s (cumulative)
[nb_ridge] solve class 520 94.3s (cumulative)
[nb_ridge] solve class 521 94.5s (cumulative)
[nb_ridge] solve class 522 94.7s (cumulative)
[nb_ridge] solve class 523 94.8s (cumulative)
[nb_ridge] solve class 524 95.0s (cumulative)
[nb_ridge] solve class 525 95.1s (cumulative)
[nb_ridge] solve class 526 95.3s (cumulative)
[nb_ridge] solve class 527 95.4s (cumulative)
[nb_ridge] solve class 528 95.6s (cumulative)
[nb_ridge] solve class 529 95.7s (cumulative)
[nb_ridge] solve class 530 95.9s (cumulative)
[nb_ridge] solve class 531 96.0s (cumulative)
[nb_ridge] solve class 532 96.2s (cumulative)
[nb_ridge] solve class 533 96.3s (cumulative)
[nb_ridge] solve class 534 96.4s (cumulative)
[nb_ridge] solve class 535 96.6s (cumulative)
[nb_ridge] solve class 536 96.7s (cumulative)
[nb_ridge] solve class 537 96.9s (cumulative)
[nb_ridge] solve class 538 97.1s (cumulative)
[nb_ridge] solve class 539 97.2s (cumulative)
[nb_ridge] solve class 540 97.3s (cumulative)
[nb_ridge] solve class 541 97.5s (cumulative)
[nb_ridge] solve class 542 97.6s (cumulative)
[nb_ridge] solve class 543 97.8s (cumulative)
[nb_ridge] solve class 544 97.9s (cumulative)
[nb_ridge] solve class 545 98.1s (cumulative)
[nb_ridge] solve class 546 98.3s (cumulative)
[nb_ridge] solve class 547 98.4s (cumulative)
[nb_ridge] solve class 548 98.6s (cumulative)
[nb_ridge] solve class 549 98.7s (cumulative)
[nb_ridge] solve class 550 98.8s (cumulative)
[nb_ridge] solve class 551 99.0s (cumulative)
[nb_ridge] solve class 552 99.1s (cumulative)
[nb_ridge] solve class 553 99.3s (cumulative)
[nb_ridge] solve class 554 99.5s (cumulative)
[nb_ridge] solve class 555 99.6s (cumulative)
[nb_ridge] solve class 556 99.7s (cumulative)
[nb_ridge] solve class 557 99.9s (cumulative)
[nb_ridge] solve class 558 100.0s (cumulative)
[nb_ridge] solve class 559 100.2s (cumulative)
[nb_ridge] solve class 560 100.4s (cumulative)
[nb_ridge] solve class 561 100.5s (cumulative)
[nb_ridge] solve class 562 100.7s (cumulative)
[nb_ridge] solve class 563 100.8s (cumulative)
[nb_ridge] solve class 564 101.0s (cumulative)
[nb_ridge] solve class 565 101.1s (cumulative)
[nb_ridge] solve class 566 101.3s (cumulative)
[nb_ridge] solve class 567 101.5s (cumulative)
[nb_ridge] solve class 568 101.7s (cumulative)
[nb_ridge] solve class 569 101.8s (cumulative)
[nb_ridge] solve class 570 102.0s (cumulative)
[nb_ridge] solve class 571 102.1s (cumulative)
[nb_ridge] solve class 572 102.3s (cumulative)
[nb_ridge] solve class 573 102.4s (cumulative)
[nb_ridge] solve class 574 102.6s (cumulative)
[nb_ridge] solve class 575 102.8s (cumulative)
[nb_ridge] solve class 576 103.0s (cumulative)
[nb_ridge] solve class 577 103.1s (cumulative)
[nb_ridge] solve class 578 103.3s (cumulative)
[nb_ridge] solve class 579 103.4s (cumulative)
[nb_ridge] solve class 580 103.5s (cumulative)
[nb_ridge] solve class 581 103.7s (cumulative)
[nb_ridge] solve class 582 103.8s (cumulative)
[nb_ridge] solve class 583 104.0s (cumulative)
[nb_ridge] solve class 584 104.2s (cumulative)
[nb_ridge] solve class 585 104.3s (cumulative)
[nb_ridge] solve class 586 104.4s (cumulative)
[nb_ridge] solve class 587 104.6s (cumulative)
[nb_ridge] solve class 588 104.7s (cumulative)
[nb_ridge] solve class 589 104.9s (cumulative)
[nb_ridge] solve class 590 105.0s (cumulative)
[nb_ridge] solve class 591 105.2s (cumulative)
[nb_ridge] solve class 592 105.4s (cumulative)
[nb_ridge] solve class 593 105.5s (cumulative)
[nb_ridge] solve class 594 105.6s (cumulative)
[nb_ridge] solve class 595 105.8s (cumulative)
[nb_ridge] solve class 596 105.9s (cumulative)
[nb_ridge] solve class 597 106.1s (cumulative)
[nb_ridge] solve class 598 106.3s (cumulative)
[nb_ridge] solve class 599 106.5s (cumulative)
[nb_ridge] solve class 600 106.7s (cumulative)
[nb_ridge] solve class 601 106.8s (cumulative)
[nb_ridge] solve class 602 107.0s (cumulative)
[nb_ridge] solve class 603 107.1s (cumulative)
[nb_ridge] solve class 604 107.2s (cumulative)
[nb_ridge] solve class 605 107.4s (cumulative)
[nb_ridge] solve class 606 107.5s (cumulative)
[nb_ridge] solve class 607 107.7s (cumulative)
[nb_ridge] solve class 608 107.9s (cumulative)
[nb_ridge] solve class 609 108.0s (cumulative)
[nb_ridge] solve class 610 108.2s (cumulative)
[nb_ridge] solve class 611 108.3s (cumulative)
[nb_ridge] solve class 612 108.5s (cumulative)
[nb_ridge] solve class 613 108.6s (cumulative)
[nb_ridge] solve class 614 108.8s (cumulative)
[nb_ridge] solve class 615 109.0s (cumulative)
[nb_ridge] solve class 616 109.1s (cumulative)
[nb_ridge] solve class 617 109.3s (cumulative)
[nb_ridge] solve class 618 109.4s (cumulative)
[nb_ridge] solve class 619 109.5s (cumulative)
[nb_ridge] solve class 620 109.7s (cumulative)
[nb_ridge] solve class 621 109.8s (cumulative)
[nb_ridge] solve class 622 110.0s (cumulative)
[nb_ridge] solve class 623 110.2s (cumulative)
[nb_ridge] solve class 624 110.3s (cumulative)
[nb_ridge] solve class 625 110.5s (cumulative)
[nb_ridge] solve class 626 110.6s (cumulative)
[nb_ridge] solve class 627 110.8s (cumulative)
[nb_ridge] solve class 628 111.0s (cumulative)
[nb_ridge] solve class 629 111.1s (cumulative)
[nb_ridge] solve class 630 111.3s (cumulative)
[nb_ridge] solve class 631 111.5s (cumulative)
[nb_ridge] solve class 632 111.6s (cumulative)
[nb_ridge] solve class 633 111.8s (cumulative)
[nb_ridge] solve class 634 111.9s (cumulative)
[nb_ridge] solve class 635 112.0s (cumulative)
[nb_ridge] solve class 636 112.2s (cumulative)
[nb_ridge] solve class 637 112.4s (cumulative)
[nb_ridge] solve class 638 112.6s (cumulative)
[nb_ridge] solve class 639 112.7s (cumulative)
[nb_ridge] solve class 640 112.9s (cumulative)
[nb_ridge] solve class 641 113.0s (cumulative)
[nb_ridge] solve class 642 113.2s (cumulative)
[nb_ridge] solve class 643 113.3s (cumulative)
[nb_ridge] solve class 644 113.5s (cumulative)
[nb_ridge] solve class 645 113.6s (cumulative)
[nb_ridge] solve class 646 113.8s (cumulative)
[nb_ridge] solve class 647 113.9s (cumulative)
[nb_ridge] solve class 648 114.1s (cumulative)
[nb_ridge] solve class 649 114.2s (cumulative)
[nb_ridge] solve class 650 114.3s (cumulative)
[nb_ridge] solve class 651 114.5s (cumulative)
[nb_ridge] solve class 652 114.6s (cumulative)
[nb_ridge] solve class 653 114.8s (cumulative)
[nb_ridge] solve class 654 115.0s (cumulative)
[nb_ridge] solve class 655 115.1s (cumulative)
[nb_ridge] solve class 656 115.2s (cumulative)
[nb_ridge] solve class 657 115.4s (cumulative)
[nb_ridge] solve class 658 115.5s (cumulative)
[nb_ridge] solve class 659 115.7s (cumulative)
[nb_ridge] solve class 660 115.8s (cumulative)
[nb_ridge] solve class 661 116.0s (cumulative)
[nb_ridge] solve class 662 116.2s (cumulative)
[nb_ridge] solve class 663 116.3s (cumulative)
[nb_ridge] solve class 664 116.5s (cumulative)
[nb_ridge] solve class 665 116.6s (cumulative)
[nb_ridge] solve class 666 116.7s (cumulative)
[nb_ridge] solve class 667 116.9s (cumulative)
[nb_ridge] solve class 668 117.1s (cumulative)
[nb_ridge] solve class 669 117.2s (cumulative)
[nb_ridge] solve class 670 117.4s (cumulative)
[nb_ridge] solve class 671 117.5s (cumulative)
[nb_ridge] solve class 672 117.7s (cumulative)
[nb_ridge] solve class 673 117.8s (cumulative)
[nb_ridge] solve class 674 118.0s (cumulative)
[nb_ridge] solve class 675 118.2s (cumulative)
[nb_ridge] solve class 676 118.3s (cumulative)
[nb_ridge] solve class 677 118.5s (cumulative)
[nb_ridge] solve class 678 118.7s (cumulative)
[nb_ridge] solve class 679 118.8s (cumulative)
[nb_ridge] solve class 680 118.9s (cumulative)
[nb_ridge] solve class 681 119.1s (cumulative)
[nb_ridge] solve class 682 119.2s (cumulative)
[nb_ridge] solve class 683 119.4s (cumulative)
[nb_ridge] solve class 684 119.6s (cumulative)
[nb_ridge] solve class 685 119.8s (cumulative)
[nb_ridge] solve class 686 119.9s (cumulative)
[nb_ridge] solve class 687 120.0s (cumulative)
[nb_ridge] solve class 688 120.2s (cumulative)
[nb_ridge] solve class 689 120.3s (cumulative)
[nb_ridge] solve class 690 120.5s (cumulative)
[nb_ridge] solve class 691 120.6s (cumulative)
[nb_ridge] solve class 692 120.8s (cumulative)
[nb_ridge] solve class 693 120.9s (cumulative)
[nb_ridge] solve class 694 121.1s (cumulative)
[nb_ridge] solve class 695 121.2s (cumulative)
[nb_ridge] solve class 696 121.4s (cumulative)
[nb_ridge] solve class 697 121.5s (cumulative)
[nb_ridge] solve class 698 121.7s (cumulative)
[nb_ridge] solve class 699 121.9s (cumulative)
[nb_ridge] solve class 700 122.0s (cumulative)
[nb_ridge] solve class 701 122.2s (cumulative)
[nb_ridge] solve class 702 122.3s (cumulative)
[nb_ridge] solve class 703 122.5s (cumulative)
[nb_ridge] solve class 704 122.6s (cumulative)
[nb_ridge] solve class 705 122.8s (cumulative)
[nb_ridge] solve class 706 122.9s (cumulative)
[nb_ridge] solve class 707 123.1s (cumulative)
[nb_ridge] solve class 708 123.3s (cumulative)
[nb_ridge] solve class 709 123.5s (cumulative)
[nb_ridge] solve class 710 123.6s (cumulative)
[nb_ridge] solve class 711 123.8s (cumulative)
[nb_ridge] solve class 712 123.9s (cumulative)
[nb_ridge] solve class 713 124.1s (cumulative)
[nb_ridge] solve class 714 124.2s (cumulative)
[nb_ridge] solve class 715 124.5s (cumulative)
[nb_ridge] solve class 716 124.6s (cumulative)
[nb_ridge] solve class 717 124.7s (cumulative)
[nb_ridge] solve class 718 124.9s (cumulative)
[nb_ridge] solve class 719 125.0s (cumulative)
[nb_ridge] solve class 720 125.2s (cumulative)
[nb_ridge] solve class 721 125.3s (cumulative)
[nb_ridge] solve class 722 125.5s (cumulative)
[nb_ridge] solve class 723 125.6s (cumulative)
[nb_ridge] solve class 724 125.8s (cumulative)
[nb_ridge] solve class 725 125.9s (cumulative)
[nb_ridge] solve class 726 126.1s (cumulative)
[nb_ridge] solve class 727 126.2s (cumulative)
[nb_ridge] solve class 728 126.4s (cumulative)
[nb_ridge] solve class 729 126.5s (cumulative)
[nb_ridge] solve class 730 126.7s (cumulative)
[nb_ridge] solve class 731 126.9s (cumulative)
[nb_ridge] solve class 732 127.0s (cumulative)
[nb_ridge] solve class 733 127.2s (cumulative)
[nb_ridge] solve class 734 127.3s (cumulative)
[nb_ridge] solve class 735 127.5s (cumulative)
[nb_ridge] solve class 736 127.6s (cumulative)
[nb_ridge] solve class 737 127.8s (cumulative)
[nb_ridge] solve class 738 128.0s (cumulative)
[nb_ridge] solve class 739 128.1s (cumulative)
[nb_ridge] solve class 740 128.3s (cumulative)
[nb_ridge] solve class 741 128.4s (cumulative)
[nb_ridge] solve class 742 128.6s (cumulative)
[nb_ridge] solve class 743 128.7s (cumulative)
[nb_ridge] solve class 744 128.9s (cumulative)
[nb_ridge] solve class 745 129.0s (cumulative)
[nb_ridge] solve class 746 129.2s (cumulative)
[nb_ridge] solve class 747 129.4s (cumulative)
[nb_ridge] solve class 748 129.5s (cumulative)
[nb_ridge] solve class 749 129.7s (cumulative)
[nb_ridge] solve class 750 129.8s (cumulative)
[nb_ridge] solve class 751 130.0s (cumulative)
[nb_ridge] solve class 752 130.1s (cumulative)
[nb_ridge] solve class 753 130.4s (cumulative)
[nb_ridge] solve class 754 130.5s (cumulative)
[nb_ridge] solve class 755 130.7s (cumulative)
[nb_ridge] solve class 756 130.8s (cumulative)
[nb_ridge] solve class 757 130.9s (cumulative)
[nb_ridge] solve class 758 131.1s (cumulative)
[nb_ridge] solve class 759 131.2s (cumulative)
[nb_ridge] solve class 760 131.4s (cumulative)
[nb_ridge] solve class 761 131.5s (cumulative)
[nb_ridge] solve class 762 131.7s (cumulative)
[nb_ridge] solve class 763 131.8s (cumulative)
[nb_ridge] solve class 764 132.0s (cumulative)
[nb_ridge] solve class 765 132.1s (cumulative)
[nb_ridge] solve class 766 132.3s (cumulative)
[nb_ridge] solve class 767 132.4s (cumulative)
[nb_ridge] solve class 768 132.6s (cumulative)
[nb_ridge] solve class 769 132.8s (cumulative)
[nb_ridge] solve class 770 133.0s (cumulative)
[nb_ridge] solve class 771 133.1s (cumulative)
[nb_ridge] solve class 772 133.3s (cumulative)
[nb_ridge] solve class 773 133.4s (cumulative)
[nb_ridge] solve class 774 133.6s (cumulative)
[nb_ridge] solve class 775 133.7s (cumulative)
[nb_ridge] solve class 776 133.9s (cumulative)
[nb_ridge] solve class 777 134.0s (cumulative)
[nb_ridge] solve class 778 134.2s (cumulative)
[nb_ridge] solve class 779 134.3s (cumulative)
[nb_ridge] solve class 780 134.5s (cumulative)
[nb_ridge] solve class 781 134.6s (cumulative)
[nb_ridge] solve class 782 134.8s (cumulative)
[nb_ridge] solve class 783 134.9s (cumulative)
[nb_ridge] solve class 784 135.1s (cumulative)
[nb_ridge] solve class 785 135.3s (cumulative)
[nb_ridge] solve class 786 135.4s (cumulative)
[nb_ridge] solve class 787 135.6s (cumulative)
[nb_ridge] solve class 788 135.7s (cumulative)
[nb_ridge] solve class 789 135.9s (cumulative)
[nb_ridge] solve class 790 136.0s (cumulative)
[nb_ridge] solve class 791 136.2s (cumulative)
[nb_ridge] solve class 792 136.4s (cumulative)
[nb_ridge] solve class 793 136.5s (cumulative)
[nb_ridge] solve class 794 136.7s (cumulative)
[nb_ridge] solve class 795 136.8s (cumulative)
[nb_ridge] solve class 796 137.0s (cumulative)
[nb_ridge] solve class 797 137.1s (cumulative)
[nb_ridge] solve class 798 137.3s (cumulative)
[nb_ridge] solve class 799 137.4s (cumulative)
[nb_ridge] solve class 800 137.6s (cumulative)
[nb_ridge] solve class 801 137.8s (cumulative)
[nb_ridge] solve class 802 137.9s (cumulative)
[nb_ridge] solve class 803 138.1s (cumulative)
[nb_ridge] solve class 804 138.2s (cumulative)
[nb_ridge] solve class 805 138.3s (cumulative)
[nb_ridge] solve class 806 138.5s (cumulative)
[nb_ridge] solve class 807 138.7s (cumulative)
[nb_ridge] solve class 808 138.8s (cumulative)
[nb_ridge] solve class 809 139.0s (cumulative)
[nb_ridge] solve class 810 139.1s (cumulative)
[nb_ridge] solve class 811 139.3s (cumulative)
[nb_ridge] solve class 812 139.4s (cumulative)
[nb_ridge] solve class 813 139.5s (cumulative)
[nb_ridge] solve class 814 139.7s (cumulative)
[nb_ridge] solve class 815 139.9s (cumulative)
[nb_ridge] solve class 816 140.1s (cumulative)
[nb_ridge] solve class 817 140.2s (cumulative)
[nb_ridge] solve class 818 140.3s (cumulative)
[nb_ridge] solve class 819 140.5s (cumulative)
[nb_ridge] solve class 820 140.6s (cumulative)
[nb_ridge] solve class 821 140.8s (cumulative)
[nb_ridge] solve class 822 140.9s (cumulative)
[nb_ridge] solve class 823 141.1s (cumulative)
[nb_ridge] solve class 824 141.3s (cumulative)
[nb_ridge] solve class 825 141.5s (cumulative)
[nb_ridge] solve class 826 141.6s (cumulative)
[nb_ridge] solve class 827 141.7s (cumulative)
[nb_ridge] solve class 828 141.9s (cumulative)
[nb_ridge] solve class 829 142.0s (cumulative)
[nb_ridge] solve class 830 142.2s (cumulative)
[nb_ridge] solve class 831 142.3s (cumulative)
[nb_ridge] solve class 832 142.5s (cumulative)
[nb_ridge] solve class 833 142.6s (cumulative)
[nb_ridge] solve class 834 142.8s (cumulative)
[nb_ridge] solve class 835 142.9s (cumulative)
[nb_ridge] solve class 836 143.1s (cumulative)
[nb_ridge] solve class 837 143.2s (cumulative)
[nb_ridge] solve class 838 143.4s (cumulative)
[nb_ridge] solve class 839 143.6s (cumulative)
[nb_ridge] solve class 840 143.7s (cumulative)
[nb_ridge] solve class 841 143.9s (cumulative)
    ridge-select: scale 4 → sel-slice acc 0.1850
[nb_ridge] tokenize+counts 0.0s (1981 docs, 842 classes)
[nb_ridge] solve class 0 0.2s (cumulative)
[nb_ridge] solve class 1 0.4s (cumulative)
[nb_ridge] solve class 2 0.7s (cumulative)
[nb_ridge] solve class 3 0.9s (cumulative)
[nb_ridge] solve class 4 1.1s (cumulative)
[nb_ridge] solve class 5 1.3s (cumulative)
[nb_ridge] solve class 6 1.5s (cumulative)
[nb_ridge] solve class 7 1.7s (cumulative)
[nb_ridge] solve class 8 1.8s (cumulative)
[nb_ridge] solve class 9 2.0s (cumulative)
[nb_ridge] solve class 10 2.2s (cumulative)
[nb_ridge] solve class 11 2.4s (cumulative)
[nb_ridge] solve class 12 2.6s (cumulative)
[nb_ridge] solve class 13 2.8s (cumulative)
[nb_ridge] solve class 14 2.9s (cumulative)
[nb_ridge] solve class 15 3.1s (cumulative)
[nb_ridge] solve class 16 3.2s (cumulative)
[nb_ridge] solve class 17 3.4s (cumulative)
[nb_ridge] solve class 18 3.6s (cumulative)
[nb_ridge] solve class 19 3.8s (cumulative)
[nb_ridge] solve class 20 3.9s (cumulative)
[nb_ridge] solve class 21 4.1s (cumulative)
[nb_ridge] solve class 22 4.3s (cumulative)
[nb_ridge] solve class 23 4.4s (cumulative)
[nb_ridge] solve class 24 4.5s (cumulative)
[nb_ridge] solve class 25 4.7s (cumulative)
[nb_ridge] solve class 26 4.9s (cumulative)
[nb_ridge] solve class 27 5.0s (cumulative)
[nb_ridge] solve class 28 5.1s (cumulative)
[nb_ridge] solve class 29 5.3s (cumulative)
[nb_ridge] solve class 30 5.5s (cumulative)
[nb_ridge] solve class 31 5.6s (cumulative)
[nb_ridge] solve class 32 5.7s (cumulative)
[nb_ridge] solve class 33 5.9s (cumulative)
[nb_ridge] solve class 34 6.1s (cumulative)
[nb_ridge] solve class 35 6.2s (cumulative)
[nb_ridge] solve class 36 6.4s (cumulative)
[nb_ridge] solve class 37 6.5s (cumulative)
[nb_ridge] solve class 38 6.6s (cumulative)
[nb_ridge] solve class 39 6.8s (cumulative)
[nb_ridge] solve class 40 7.0s (cumulative)
[nb_ridge] solve class 41 7.2s (cumulative)
[nb_ridge] solve class 42 7.3s (cumulative)
[nb_ridge] solve class 43 7.5s (cumulative)
[nb_ridge] solve class 44 7.6s (cumulative)
[nb_ridge] solve class 45 7.8s (cumulative)
[nb_ridge] solve class 46 7.9s (cumulative)
[nb_ridge] solve class 47 8.1s (cumulative)
[nb_ridge] solve class 48 8.2s (cumulative)
[nb_ridge] solve class 49 8.4s (cumulative)
[nb_ridge] solve class 50 8.6s (cumulative)
[nb_ridge] solve class 51 8.7s (cumulative)
[nb_ridge] solve class 52 8.9s (cumulative)
[nb_ridge] solve class 53 9.0s (cumulative)
[nb_ridge] solve class 54 9.2s (cumulative)
[nb_ridge] solve class 55 9.4s (cumulative)
[nb_ridge] solve class 56 9.6s (cumulative)
[nb_ridge] solve class 57 9.8s (cumulative)
[nb_ridge] solve class 58 9.9s (cumulative)
[nb_ridge] solve class 59 10.0s (cumulative)
[nb_ridge] solve class 60 10.2s (cumulative)
[nb_ridge] solve class 61 10.3s (cumulative)
[nb_ridge] solve class 62 10.5s (cumulative)
[nb_ridge] solve class 63 10.7s (cumulative)
[nb_ridge] solve class 64 10.9s (cumulative)
[nb_ridge] solve class 65 11.0s (cumulative)
[nb_ridge] solve class 66 11.2s (cumulative)
[nb_ridge] solve class 67 11.3s (cumulative)
[nb_ridge] solve class 68 11.5s (cumulative)
[nb_ridge] solve class 69 11.6s (cumulative)
[nb_ridge] solve class 70 11.8s (cumulative)
[nb_ridge] solve class 71 12.0s (cumulative)
[nb_ridge] solve class 72 12.2s (cumulative)
[nb_ridge] solve class 73 12.3s (cumulative)
[nb_ridge] solve class 74 12.5s (cumulative)
[nb_ridge] solve class 75 12.6s (cumulative)
[nb_ridge] solve class 76 12.8s (cumulative)
[nb_ridge] solve class 77 12.9s (cumulative)
[nb_ridge] solve class 78 13.1s (cumulative)
[nb_ridge] solve class 79 13.2s (cumulative)
[nb_ridge] solve class 80 13.4s (cumulative)
[nb_ridge] solve class 81 13.5s (cumulative)
[nb_ridge] solve class 82 13.7s (cumulative)
[nb_ridge] solve class 83 13.8s (cumulative)
[nb_ridge] solve class 84 14.0s (cumulative)
[nb_ridge] solve class 85 14.1s (cumulative)
[nb_ridge] solve class 86 14.3s (cumulative)
[nb_ridge] solve class 87 14.5s (cumulative)
[nb_ridge] solve class 88 14.6s (cumulative)
[nb_ridge] solve class 89 14.8s (cumulative)
[nb_ridge] solve class 90 14.9s (cumulative)
[nb_ridge] solve class 91 15.0s (cumulative)
[nb_ridge] solve class 92 15.2s (cumulative)
[nb_ridge] solve class 93 15.3s (cumulative)
[nb_ridge] solve class 94 15.5s (cumulative)
[nb_ridge] solve class 95 15.7s (cumulative)
[nb_ridge] solve class 96 15.9s (cumulative)
[nb_ridge] solve class 97 16.0s (cumulative)
[nb_ridge] solve class 98 16.1s (cumulative)
[nb_ridge] solve class 99 16.3s (cumulative)
[nb_ridge] solve class 100 16.4s (cumulative)
[nb_ridge] solve class 101 16.6s (cumulative)
[nb_ridge] solve class 102 16.8s (cumulative)
[nb_ridge] solve class 103 17.0s (cumulative)
[nb_ridge] solve class 104 17.2s (cumulative)
[nb_ridge] solve class 105 17.3s (cumulative)
[nb_ridge] solve class 106 17.4s (cumulative)
[nb_ridge] solve class 107 17.6s (cumulative)
[nb_ridge] solve class 108 17.7s (cumulative)
[nb_ridge] solve class 109 17.9s (cumulative)
[nb_ridge] solve class 110 18.1s (cumulative)
[nb_ridge] solve class 111 18.3s (cumulative)
[nb_ridge] solve class 112 18.4s (cumulative)
[nb_ridge] solve class 113 18.6s (cumulative)
[nb_ridge] solve class 114 18.7s (cumulative)
[nb_ridge] solve class 115 18.9s (cumulative)
[nb_ridge] solve class 116 19.0s (cumulative)
[nb_ridge] solve class 117 19.2s (cumulative)
[nb_ridge] solve class 118 19.3s (cumulative)
[nb_ridge] solve class 119 19.5s (cumulative)
[nb_ridge] solve class 120 19.6s (cumulative)
[nb_ridge] solve class 121 19.8s (cumulative)
[nb_ridge] solve class 122 19.9s (cumulative)
[nb_ridge] solve class 123 20.1s (cumulative)
[nb_ridge] solve class 124 20.2s (cumulative)
[nb_ridge] solve class 125 20.5s (cumulative)
[nb_ridge] solve class 126 20.7s (cumulative)
[nb_ridge] solve class 127 20.9s (cumulative)
[nb_ridge] solve class 128 21.0s (cumulative)
[nb_ridge] solve class 129 21.1s (cumulative)
[nb_ridge] solve class 130 21.3s (cumulative)
[nb_ridge] solve class 131 21.4s (cumulative)
[nb_ridge] solve class 132 21.6s (cumulative)
[nb_ridge] solve class 133 21.7s (cumulative)
[nb_ridge] solve class 134 21.9s (cumulative)
[nb_ridge] solve class 135 22.1s (cumulative)
[nb_ridge] solve class 136 22.2s (cumulative)
[nb_ridge] solve class 137 22.4s (cumulative)
[nb_ridge] solve class 138 22.5s (cumulative)
[nb_ridge] solve class 139 22.7s (cumulative)
[nb_ridge] solve class 140 22.8s (cumulative)
[nb_ridge] solve class 141 23.0s (cumulative)
[nb_ridge] solve class 142 23.1s (cumulative)
[nb_ridge] solve class 143 23.3s (cumulative)
[nb_ridge] solve class 144 23.4s (cumulative)
[nb_ridge] solve class 145 23.6s (cumulative)
[nb_ridge] solve class 146 23.7s (cumulative)
[nb_ridge] solve class 147 23.9s (cumulative)
[nb_ridge] solve class 148 24.0s (cumulative)
[nb_ridge] solve class 149 24.2s (cumulative)
[nb_ridge] solve class 150 24.4s (cumulative)
[nb_ridge] solve class 151 24.6s (cumulative)
[nb_ridge] solve class 152 24.7s (cumulative)
[nb_ridge] solve class 153 24.9s (cumulative)
[nb_ridge] solve class 154 25.0s (cumulative)
[nb_ridge] solve class 155 25.2s (cumulative)
[nb_ridge] solve class 156 25.3s (cumulative)
[nb_ridge] solve class 157 25.5s (cumulative)
[nb_ridge] solve class 158 25.7s (cumulative)
[nb_ridge] solve class 159 25.8s (cumulative)
[nb_ridge] solve class 160 26.0s (cumulative)
[nb_ridge] solve class 161 26.1s (cumulative)
[nb_ridge] solve class 162 26.3s (cumulative)
[nb_ridge] solve class 163 26.4s (cumulative)
[nb_ridge] solve class 164 26.6s (cumulative)
[nb_ridge] solve class 165 26.8s (cumulative)
[nb_ridge] solve class 166 27.0s (cumulative)
[nb_ridge] solve class 167 27.1s (cumulative)
[nb_ridge] solve class 168 27.3s (cumulative)
[nb_ridge] solve class 169 27.4s (cumulative)
[nb_ridge] solve class 170 27.6s (cumulative)
[nb_ridge] solve class 171 27.7s (cumulative)
[nb_ridge] solve class 172 27.9s (cumulative)
[nb_ridge] solve class 173 28.0s (cumulative)
[nb_ridge] solve class 174 28.2s (cumulative)
[nb_ridge] solve class 175 28.4s (cumulative)
[nb_ridge] solve class 176 28.5s (cumulative)
[nb_ridge] solve class 177 28.7s (cumulative)
[nb_ridge] solve class 178 28.8s (cumulative)
[nb_ridge] solve class 179 29.0s (cumulative)
[nb_ridge] solve class 180 29.1s (cumulative)
[nb_ridge] solve class 181 29.3s (cumulative)
[nb_ridge] solve class 182 29.5s (cumulative)
[nb_ridge] solve class 183 29.6s (cumulative)
[nb_ridge] solve class 184 29.8s (cumulative)
[nb_ridge] solve class 185 29.9s (cumulative)
[nb_ridge] solve class 186 30.1s (cumulative)
[nb_ridge] solve class 187 30.2s (cumulative)
[nb_ridge] solve class 188 30.4s (cumulative)
[nb_ridge] solve class 189 30.7s (cumulative)
[nb_ridge] solve class 190 30.8s (cumulative)
[nb_ridge] solve class 191 31.0s (cumulative)
[nb_ridge] solve class 192 31.1s (cumulative)
[nb_ridge] solve class 193 31.3s (cumulative)
[nb_ridge] solve class 194 31.4s (cumulative)
[nb_ridge] solve class 195 31.6s (cumulative)
[nb_ridge] solve class 196 31.8s (cumulative)
[nb_ridge] solve class 197 32.0s (cumulative)
[nb_ridge] solve class 198 32.1s (cumulative)
[nb_ridge] solve class 199 32.2s (cumulative)
[nb_ridge] solve class 200 32.4s (cumulative)
[nb_ridge] solve class 201 32.5s (cumulative)
[nb_ridge] solve class 202 32.7s (cumulative)
[nb_ridge] solve class 203 32.9s (cumulative)
[nb_ridge] solve class 204 33.1s (cumulative)
[nb_ridge] solve class 205 33.2s (cumulative)
[nb_ridge] solve class 206 33.4s (cumulative)
[nb_ridge] solve class 207 33.5s (cumulative)
[nb_ridge] solve class 208 33.6s (cumulative)
[nb_ridge] solve class 209 33.8s (cumulative)
[nb_ridge] solve class 210 33.9s (cumulative)
[nb_ridge] solve class 211 34.1s (cumulative)
[nb_ridge] solve class 212 34.3s (cumulative)
[nb_ridge] solve class 213 34.4s (cumulative)
[nb_ridge] solve class 214 34.6s (cumulative)
[nb_ridge] solve class 215 34.7s (cumulative)
[nb_ridge] solve class 216 34.9s (cumulative)
[nb_ridge] solve class 217 35.0s (cumulative)
[nb_ridge] solve class 218 35.2s (cumulative)
[nb_ridge] solve class 219 35.3s (cumulative)
[nb_ridge] solve class 220 35.5s (cumulative)
[nb_ridge] solve class 221 35.6s (cumulative)
[nb_ridge] solve class 222 35.8s (cumulative)
[nb_ridge] solve class 223 35.9s (cumulative)
[nb_ridge] solve class 224 36.1s (cumulative)
[nb_ridge] solve class 225 36.2s (cumulative)
[nb_ridge] solve class 226 36.4s (cumulative)
[nb_ridge] solve class 227 36.6s (cumulative)
[nb_ridge] solve class 228 36.8s (cumulative)
[nb_ridge] solve class 229 36.9s (cumulative)
[nb_ridge] solve class 230 37.1s (cumulative)
[nb_ridge] solve class 231 37.2s (cumulative)
[nb_ridge] solve class 232 37.4s (cumulative)
[nb_ridge] solve class 233 37.5s (cumulative)
[nb_ridge] solve class 234 37.7s (cumulative)
[nb_ridge] solve class 235 37.9s (cumulative)
[nb_ridge] solve class 236 38.0s (cumulative)
[nb_ridge] solve class 237 38.2s (cumulative)
[nb_ridge] solve class 238 38.3s (cumulative)
[nb_ridge] solve class 239 38.4s (cumulative)
[nb_ridge] solve class 240 38.6s (cumulative)
[nb_ridge] solve class 241 38.7s (cumulative)
[nb_ridge] solve class 242 38.9s (cumulative)
[nb_ridge] solve class 243 39.1s (cumulative)
[nb_ridge] solve class 244 39.2s (cumulative)
[nb_ridge] solve class 245 39.4s (cumulative)
[nb_ridge] solve class 246 39.5s (cumulative)
[nb_ridge] solve class 247 39.7s (cumulative)
[nb_ridge] solve class 248 39.8s (cumulative)
[nb_ridge] solve class 249 40.0s (cumulative)
[nb_ridge] solve class 250 40.2s (cumulative)
[nb_ridge] solve class 251 40.4s (cumulative)
[nb_ridge] solve class 252 40.5s (cumulative)
[nb_ridge] solve class 253 40.6s (cumulative)
[nb_ridge] solve class 254 40.8s (cumulative)
[nb_ridge] solve class 255 40.9s (cumulative)
[nb_ridge] solve class 256 41.1s (cumulative)
[nb_ridge] solve class 257 41.2s (cumulative)
[nb_ridge] solve class 258 41.4s (cumulative)
[nb_ridge] solve class 259 41.6s (cumulative)
[nb_ridge] solve class 260 41.7s (cumulative)
[nb_ridge] solve class 261 41.9s (cumulative)
[nb_ridge] solve class 262 42.0s (cumulative)
[nb_ridge] solve class 263 42.2s (cumulative)
[nb_ridge] solve class 264 42.3s (cumulative)
[nb_ridge] solve class 265 42.5s (cumulative)
[nb_ridge] solve class 266 42.6s (cumulative)
[nb_ridge] solve class 267 42.8s (cumulative)
[nb_ridge] solve class 268 43.0s (cumulative)
[nb_ridge] solve class 269 43.1s (cumulative)
[nb_ridge] solve class 270 43.3s (cumulative)
[nb_ridge] solve class 271 43.4s (cumulative)
[nb_ridge] solve class 272 43.6s (cumulative)
[nb_ridge] solve class 273 43.7s (cumulative)
[nb_ridge] solve class 274 43.9s (cumulative)
[nb_ridge] solve class 275 44.1s (cumulative)
[nb_ridge] solve class 276 44.2s (cumulative)
[nb_ridge] solve class 277 44.4s (cumulative)
[nb_ridge] solve class 278 44.5s (cumulative)
[nb_ridge] solve class 279 44.6s (cumulative)
[nb_ridge] solve class 280 44.8s (cumulative)
[nb_ridge] solve class 281 44.9s (cumulative)
[nb_ridge] solve class 282 45.1s (cumulative)
[nb_ridge] solve class 283 45.3s (cumulative)
[nb_ridge] solve class 284 45.4s (cumulative)
[nb_ridge] solve class 285 45.6s (cumulative)
[nb_ridge] solve class 286 45.7s (cumulative)
[nb_ridge] solve class 287 45.9s (cumulative)
[nb_ridge] solve class 288 46.0s (cumulative)
[nb_ridge] solve class 289 46.2s (cumulative)
[nb_ridge] solve class 290 46.4s (cumulative)
[nb_ridge] solve class 291 46.5s (cumulative)
[nb_ridge] solve class 292 46.7s (cumulative)
[nb_ridge] solve class 293 46.8s (cumulative)
[nb_ridge] solve class 294 47.0s (cumulative)
[nb_ridge] solve class 295 47.1s (cumulative)
[nb_ridge] solve class 296 47.2s (cumulative)
[nb_ridge] solve class 297 47.4s (cumulative)
[nb_ridge] solve class 298 47.7s (cumulative)
[nb_ridge] solve class 299 47.8s (cumulative)
[nb_ridge] solve class 300 48.0s (cumulative)
[nb_ridge] solve class 301 48.1s (cumulative)
[nb_ridge] solve class 302 48.3s (cumulative)
[nb_ridge] solve class 303 48.4s (cumulative)
[nb_ridge] solve class 304 48.6s (cumulative)
[nb_ridge] solve class 305 48.7s (cumulative)
[nb_ridge] solve class 306 48.9s (cumulative)
[nb_ridge] solve class 307 49.1s (cumulative)
[nb_ridge] solve class 308 49.2s (cumulative)
[nb_ridge] solve class 309 49.4s (cumulative)
[nb_ridge] solve class 310 49.5s (cumulative)
[nb_ridge] solve class 311 49.7s (cumulative)
[nb_ridge] solve class 312 49.8s (cumulative)
[nb_ridge] solve class 313 50.0s (cumulative)
[nb_ridge] solve class 314 50.1s (cumulative)
[nb_ridge] solve class 315 50.3s (cumulative)
[nb_ridge] solve class 316 50.4s (cumulative)
[nb_ridge] solve class 317 50.6s (cumulative)
[nb_ridge] solve class 318 50.7s (cumulative)
[nb_ridge] solve class 319 50.9s (cumulative)
[nb_ridge] solve class 320 51.0s (cumulative)
[nb_ridge] solve class 321 51.2s (cumulative)
[nb_ridge] solve class 322 51.4s (cumulative)
[nb_ridge] solve class 323 51.5s (cumulative)
[nb_ridge] solve class 324 51.7s (cumulative)
[nb_ridge] solve class 325 51.8s (cumulative)
[nb_ridge] solve class 326 52.0s (cumulative)
[nb_ridge] solve class 327 52.1s (cumulative)
[nb_ridge] solve class 328 52.3s (cumulative)
[nb_ridge] solve class 329 52.5s (cumulative)
[nb_ridge] solve class 330 52.7s (cumulative)
[nb_ridge] solve class 331 52.9s (cumulative)
[nb_ridge] solve class 332 53.0s (cumulative)
[nb_ridge] solve class 333 53.2s (cumulative)
[nb_ridge] solve class 334 53.3s (cumulative)
[nb_ridge] solve class 335 53.5s (cumulative)
[nb_ridge] solve class 336 53.6s (cumulative)
[nb_ridge] solve class 337 53.8s (cumulative)
[nb_ridge] solve class 338 54.0s (cumulative)
[nb_ridge] solve class 339 54.2s (cumulative)
[nb_ridge] solve class 340 54.3s (cumulative)
[nb_ridge] solve class 341 54.5s (cumulative)
[nb_ridge] solve class 342 54.6s (cumulative)
[nb_ridge] solve class 343 54.8s (cumulative)
[nb_ridge] solve class 344 54.9s (cumulative)
[nb_ridge] solve class 345 55.1s (cumulative)
[nb_ridge] solve class 346 55.3s (cumulative)
[nb_ridge] solve class 347 55.4s (cumulative)
[nb_ridge] solve class 348 55.6s (cumulative)
[nb_ridge] solve class 349 55.7s (cumulative)
[nb_ridge] solve class 350 55.9s (cumulative)
[nb_ridge] solve class 351 56.0s (cumulative)
[nb_ridge] solve class 352 56.2s (cumulative)
[nb_ridge] solve class 353 56.3s (cumulative)
[nb_ridge] solve class 354 56.5s (cumulative)
[nb_ridge] solve class 355 56.7s (cumulative)
[nb_ridge] solve class 356 56.8s (cumulative)
[nb_ridge] solve class 357 57.0s (cumulative)
[nb_ridge] solve class 358 57.1s (cumulative)
[nb_ridge] solve class 359 57.3s (cumulative)
[nb_ridge] solve class 360 57.4s (cumulative)
[nb_ridge] solve class 361 57.6s (cumulative)
[nb_ridge] solve class 362 57.8s (cumulative)
[nb_ridge] solve class 363 57.9s (cumulative)
[nb_ridge] solve class 364 58.1s (cumulative)
[nb_ridge] solve class 365 58.2s (cumulative)
[nb_ridge] solve class 366 58.4s (cumulative)
[nb_ridge] solve class 367 58.5s (cumulative)
[nb_ridge] solve class 368 58.7s (cumulative)
[nb_ridge] solve class 369 58.8s (cumulative)
[nb_ridge] solve class 370 59.0s (cumulative)
[nb_ridge] solve class 371 59.2s (cumulative)
[nb_ridge] solve class 372 59.3s (cumulative)
[nb_ridge] solve class 373 59.5s (cumulative)
[nb_ridge] solve class 374 59.6s (cumulative)
[nb_ridge] solve class 375 59.8s (cumulative)
[nb_ridge] solve class 376 60.0s (cumulative)
[nb_ridge] solve class 377 60.2s (cumulative)
[nb_ridge] solve class 378 60.4s (cumulative)
[nb_ridge] solve class 379 60.5s (cumulative)
[nb_ridge] solve class 380 60.7s (cumulative)
[nb_ridge] solve class 381 60.8s (cumulative)
[nb_ridge] solve class 382 61.0s (cumulative)
[nb_ridge] solve class 383 61.1s (cumulative)
[nb_ridge] solve class 384 61.3s (cumulative)
[nb_ridge] solve class 385 61.4s (cumulative)
[nb_ridge] solve class 386 61.6s (cumulative)
[nb_ridge] solve class 387 61.7s (cumulative)
[nb_ridge] solve class 388 61.9s (cumulative)
[nb_ridge] solve class 389 62.0s (cumulative)
[nb_ridge] solve class 390 62.2s (cumulative)
[nb_ridge] solve class 391 62.3s (cumulative)
[nb_ridge] solve class 392 62.5s (cumulative)
[nb_ridge] solve class 393 62.7s (cumulative)
[nb_ridge] solve class 394 62.9s (cumulative)
[nb_ridge] solve class 395 63.1s (cumulative)
[nb_ridge] solve class 396 63.2s (cumulative)
[nb_ridge] solve class 397 63.4s (cumulative)
[nb_ridge] solve class 398 63.5s (cumulative)
[nb_ridge] solve class 399 63.7s (cumulative)
[nb_ridge] solve class 400 63.9s (cumulative)
[nb_ridge] solve class 401 64.1s (cumulative)
[nb_ridge] solve class 402 64.3s (cumulative)
[nb_ridge] solve class 403 64.4s (cumulative)
[nb_ridge] solve class 404 64.6s (cumulative)
[nb_ridge] solve class 405 64.7s (cumulative)
[nb_ridge] solve class 406 64.9s (cumulative)
[nb_ridge] solve class 407 65.0s (cumulative)
[nb_ridge] solve class 408 65.2s (cumulative)
[nb_ridge] solve class 409 65.4s (cumulative)
[nb_ridge] solve class 410 65.6s (cumulative)
[nb_ridge] solve class 411 65.7s (cumulative)
[nb_ridge] solve class 412 65.9s (cumulative)
[nb_ridge] solve class 413 66.0s (cumulative)
[nb_ridge] solve class 414 66.2s (cumulative)
[nb_ridge] solve class 415 66.3s (cumulative)
[nb_ridge] solve class 416 66.5s (cumulative)
[nb_ridge] solve class 417 66.7s (cumulative)
[nb_ridge] solve class 418 66.8s (cumulative)
[nb_ridge] solve class 419 67.0s (cumulative)
[nb_ridge] solve class 420 67.1s (cumulative)
[nb_ridge] solve class 421 67.3s (cumulative)
[nb_ridge] solve class 422 67.4s (cumulative)
[nb_ridge] solve class 423 67.6s (cumulative)
[nb_ridge] solve class 424 67.8s (cumulative)
[nb_ridge] solve class 425 68.0s (cumulative)
[nb_ridge] solve class 426 68.1s (cumulative)
[nb_ridge] solve class 427 68.3s (cumulative)
[nb_ridge] solve class 428 68.4s (cumulative)
[nb_ridge] solve class 429 68.6s (cumulative)
[nb_ridge] solve class 430 68.7s (cumulative)
[nb_ridge] solve class 431 68.9s (cumulative)
[nb_ridge] solve class 432 69.1s (cumulative)
[nb_ridge] solve class 433 69.3s (cumulative)
[nb_ridge] solve class 434 69.4s (cumulative)
[nb_ridge] solve class 435 69.6s (cumulative)
[nb_ridge] solve class 436 69.7s (cumulative)
[nb_ridge] solve class 437 69.9s (cumulative)
[nb_ridge] solve class 438 70.0s (cumulative)
[nb_ridge] solve class 439 70.1s (cumulative)
[nb_ridge] solve class 440 70.3s (cumulative)
[nb_ridge] solve class 441 70.4s (cumulative)
[nb_ridge] solve class 442 70.6s (cumulative)
[nb_ridge] solve class 443 70.7s (cumulative)
[nb_ridge] solve class 444 70.9s (cumulative)
[nb_ridge] solve class 445 71.0s (cumulative)
[nb_ridge] solve class 446 71.1s (cumulative)
[nb_ridge] solve class 447 71.3s (cumulative)
[nb_ridge] solve class 448 71.4s (cumulative)
[nb_ridge] solve class 449 71.6s (cumulative)
[nb_ridge] solve class 450 71.7s (cumulative)
[nb_ridge] solve class 451 71.9s (cumulative)
[nb_ridge] solve class 452 72.0s (cumulative)
[nb_ridge] solve class 453 72.1s (cumulative)
[nb_ridge] solve class 454 72.3s (cumulative)
[nb_ridge] solve class 455 72.4s (cumulative)
[nb_ridge] solve class 456 72.6s (cumulative)
[nb_ridge] solve class 457 72.7s (cumulative)
[nb_ridge] solve class 458 72.9s (cumulative)
[nb_ridge] solve class 459 73.0s (cumulative)
[nb_ridge] solve class 460 73.2s (cumulative)
[nb_ridge] solve class 461 73.3s (cumulative)
[nb_ridge] solve class 462 73.4s (cumulative)
[nb_ridge] solve class 463 73.6s (cumulative)
[nb_ridge] solve class 464 73.7s (cumulative)
[nb_ridge] solve class 465 73.9s (cumulative)
[nb_ridge] solve class 466 74.0s (cumulative)
[nb_ridge] solve class 467 74.1s (cumulative)
[nb_ridge] solve class 468 74.3s (cumulative)
[nb_ridge] solve class 469 74.4s (cumulative)
[nb_ridge] solve class 470 74.5s (cumulative)
[nb_ridge] solve class 471 74.7s (cumulative)
[nb_ridge] solve class 472 74.8s (cumulative)
[nb_ridge] solve class 473 75.0s (cumulative)
[nb_ridge] solve class 474 75.1s (cumulative)
[nb_ridge] solve class 475 75.2s (cumulative)
[nb_ridge] solve class 476 75.4s (cumulative)
[nb_ridge] solve class 477 75.5s (cumulative)
[nb_ridge] solve class 478 75.7s (cumulative)
[nb_ridge] solve class 479 75.8s (cumulative)
[nb_ridge] solve class 480 75.9s (cumulative)
[nb_ridge] solve class 481 76.1s (cumulative)
[nb_ridge] solve class 482 76.2s (cumulative)
[nb_ridge] solve class 483 76.4s (cumulative)
[nb_ridge] solve class 484 76.5s (cumulative)
[nb_ridge] solve class 485 76.6s (cumulative)
[nb_ridge] solve class 486 76.8s (cumulative)
[nb_ridge] solve class 487 76.9s (cumulative)
[nb_ridge] solve class 488 77.1s (cumulative)
[nb_ridge] solve class 489 77.2s (cumulative)
[nb_ridge] solve class 490 77.3s (cumulative)
[nb_ridge] solve class 491 77.5s (cumulative)
[nb_ridge] solve class 492 77.6s (cumulative)
[nb_ridge] solve class 493 77.8s (cumulative)
[nb_ridge] solve class 494 77.9s (cumulative)
[nb_ridge] solve class 495 78.0s (cumulative)
[nb_ridge] solve class 496 78.2s (cumulative)
[nb_ridge] solve class 497 78.3s (cumulative)
[nb_ridge] solve class 498 78.5s (cumulative)
[nb_ridge] solve class 499 78.6s (cumulative)
[nb_ridge] solve class 500 78.7s (cumulative)
[nb_ridge] solve class 501 78.9s (cumulative)
[nb_ridge] solve class 502 79.0s (cumulative)
[nb_ridge] solve class 503 79.2s (cumulative)
[nb_ridge] solve class 504 79.3s (cumulative)
[nb_ridge] solve class 505 79.4s (cumulative)
[nb_ridge] solve class 506 79.6s (cumulative)
[nb_ridge] solve class 507 79.7s (cumulative)
[nb_ridge] solve class 508 79.9s (cumulative)
[nb_ridge] solve class 509 80.0s (cumulative)
[nb_ridge] solve class 510 80.1s (cumulative)
[nb_ridge] solve class 511 80.3s (cumulative)
[nb_ridge] solve class 512 80.4s (cumulative)
[nb_ridge] solve class 513 80.6s (cumulative)
[nb_ridge] solve class 514 80.7s (cumulative)
[nb_ridge] solve class 515 80.9s (cumulative)
[nb_ridge] solve class 516 81.0s (cumulative)
[nb_ridge] solve class 517 81.2s (cumulative)
[nb_ridge] solve class 518 81.3s (cumulative)
[nb_ridge] solve class 519 81.4s (cumulative)
[nb_ridge] solve class 520 81.6s (cumulative)
[nb_ridge] solve class 521 81.7s (cumulative)
[nb_ridge] solve class 522 81.9s (cumulative)
[nb_ridge] solve class 523 82.0s (cumulative)
[nb_ridge] solve class 524 82.2s (cumulative)
[nb_ridge] solve class 525 82.3s (cumulative)
[nb_ridge] solve class 526 82.5s (cumulative)
[nb_ridge] solve class 527 82.6s (cumulative)
[nb_ridge] solve class 528 82.8s (cumulative)
[nb_ridge] solve class 529 82.9s (cumulative)
[nb_ridge] solve class 530 83.1s (cumulative)
[nb_ridge] solve class 531 83.2s (cumulative)
[nb_ridge] solve class 532 83.4s (cumulative)
[nb_ridge] solve class 533 83.5s (cumulative)
[nb_ridge] solve class 534 83.7s (cumulative)
[nb_ridge] solve class 535 83.8s (cumulative)
[nb_ridge] solve class 536 84.0s (cumulative)
[nb_ridge] solve class 537 84.1s (cumulative)
[nb_ridge] solve class 538 84.3s (cumulative)
[nb_ridge] solve class 539 84.4s (cumulative)
[nb_ridge] solve class 540 84.6s (cumulative)
[nb_ridge] solve class 541 84.7s (cumulative)
[nb_ridge] solve class 542 84.8s (cumulative)
[nb_ridge] solve class 543 85.0s (cumulative)
[nb_ridge] solve class 544 85.2s (cumulative)
[nb_ridge] solve class 545 85.3s (cumulative)
[nb_ridge] solve class 546 85.5s (cumulative)
[nb_ridge] solve class 547 85.6s (cumulative)
[nb_ridge] solve class 548 85.8s (cumulative)
[nb_ridge] solve class 549 85.9s (cumulative)
[nb_ridge] solve class 550 86.1s (cumulative)
[nb_ridge] solve class 551 86.2s (cumulative)
[nb_ridge] solve class 552 86.4s (cumulative)
[nb_ridge] solve class 553 86.5s (cumulative)
[nb_ridge] solve class 554 86.7s (cumulative)
[nb_ridge] solve class 555 86.8s (cumulative)
[nb_ridge] solve class 556 87.0s (cumulative)
[nb_ridge] solve class 557 87.1s (cumulative)
[nb_ridge] solve class 558 87.3s (cumulative)
[nb_ridge] solve class 559 87.4s (cumulative)
[nb_ridge] solve class 560 87.6s (cumulative)
[nb_ridge] solve class 561 87.7s (cumulative)
[nb_ridge] solve class 562 87.8s (cumulative)
[nb_ridge] solve class 563 88.0s (cumulative)
[nb_ridge] solve class 564 88.1s (cumulative)
[nb_ridge] solve class 565 88.3s (cumulative)
[nb_ridge] solve class 566 88.4s (cumulative)
[nb_ridge] solve class 567 88.6s (cumulative)
[nb_ridge] solve class 568 88.7s (cumulative)
[nb_ridge] solve class 569 88.9s (cumulative)
[nb_ridge] solve class 570 89.0s (cumulative)
[nb_ridge] solve class 571 89.1s (cumulative)
[nb_ridge] solve class 572 89.3s (cumulative)
[nb_ridge] solve class 573 89.4s (cumulative)
[nb_ridge] solve class 574 89.6s (cumulative)
[nb_ridge] solve class 575 89.8s (cumulative)
[nb_ridge] solve class 576 89.9s (cumulative)
[nb_ridge] solve class 577 90.1s (cumulative)
[nb_ridge] solve class 578 90.2s (cumulative)
[nb_ridge] solve class 579 90.4s (cumulative)
[nb_ridge] solve class 580 90.6s (cumulative)
[nb_ridge] solve class 581 90.8s (cumulative)
[nb_ridge] solve class 582 91.1s (cumulative)
[nb_ridge] solve class 583 91.3s (cumulative)
[nb_ridge] solve class 584 91.5s (cumulative)
[nb_ridge] solve class 585 91.7s (cumulative)
[nb_ridge] solve class 586 91.8s (cumulative)
[nb_ridge] solve class 587 92.0s (cumulative)
[nb_ridge] solve class 588 92.1s (cumulative)
[nb_ridge] solve class 589 92.3s (cumulative)
[nb_ridge] solve class 590 92.4s (cumulative)
[nb_ridge] solve class 591 92.6s (cumulative)
[nb_ridge] solve class 592 92.8s (cumulative)
[nb_ridge] solve class 593 92.9s (cumulative)
[nb_ridge] solve class 594 93.1s (cumulative)
[nb_ridge] solve class 595 93.2s (cumulative)
[nb_ridge] solve class 596 93.4s (cumulative)
[nb_ridge] solve class 597 93.5s (cumulative)
[nb_ridge] solve class 598 93.7s (cumulative)
[nb_ridge] solve class 599 93.8s (cumulative)
[nb_ridge] solve class 600 94.0s (cumulative)
[nb_ridge] solve class 601 94.2s (cumulative)
[nb_ridge] solve class 602 94.5s (cumulative)
[nb_ridge] solve class 603 94.8s (cumulative)
[nb_ridge] solve class 604 95.0s (cumulative)
[nb_ridge] solve class 605 95.2s (cumulative)
[nb_ridge] solve class 606 95.4s (cumulative)
[nb_ridge] solve class 607 95.7s (cumulative)
[nb_ridge] solve class 608 95.9s (cumulative)
[nb_ridge] solve class 609 96.1s (cumulative)
[nb_ridge] solve class 610 96.3s (cumulative)
[nb_ridge] solve class 611 96.5s (cumulative)
[nb_ridge] solve class 612 96.7s (cumulative)
[nb_ridge] solve class 613 96.9s (cumulative)
[nb_ridge] solve class 614 97.1s (cumulative)
[nb_ridge] solve class 615 97.3s (cumulative)
[nb_ridge] solve class 616 97.5s (cumulative)
[nb_ridge] solve class 617 97.7s (cumulative)
[nb_ridge] solve class 618 97.8s (cumulative)
[nb_ridge] solve class 619 98.0s (cumulative)
[nb_ridge] solve class 620 98.2s (cumulative)
[nb_ridge] solve class 621 98.4s (cumulative)
[nb_ridge] solve class 622 98.6s (cumulative)
[nb_ridge] solve class 623 98.8s (cumulative)
[nb_ridge] solve class 624 99.0s (cumulative)
[nb_ridge] solve class 625 99.2s (cumulative)
[nb_ridge] solve class 626 99.4s (cumulative)
[nb_ridge] solve class 627 99.6s (cumulative)
[nb_ridge] solve class 628 99.8s (cumulative)
[nb_ridge] solve class 629 100.0s (cumulative)
[nb_ridge] solve class 630 100.1s (cumulative)
[nb_ridge] solve class 631 100.3s (cumulative)
[nb_ridge] solve class 632 100.5s (cumulative)
[nb_ridge] solve class 633 100.7s (cumulative)
[nb_ridge] solve class 634 100.8s (cumulative)
[nb_ridge] solve class 635 101.0s (cumulative)
[nb_ridge] solve class 636 101.2s (cumulative)
[nb_ridge] solve class 637 101.3s (cumulative)
[nb_ridge] solve class 638 101.5s (cumulative)
[nb_ridge] solve class 639 101.7s (cumulative)
[nb_ridge] solve class 640 101.9s (cumulative)
[nb_ridge] solve class 641 102.1s (cumulative)
[nb_ridge] solve class 642 102.3s (cumulative)
[nb_ridge] solve class 643 102.5s (cumulative)
[nb_ridge] solve class 644 102.7s (cumulative)
[nb_ridge] solve class 645 102.9s (cumulative)
[nb_ridge] solve class 646 103.1s (cumulative)
[nb_ridge] solve class 647 103.3s (cumulative)
[nb_ridge] solve class 648 103.5s (cumulative)
[nb_ridge] solve class 649 103.7s (cumulative)
[nb_ridge] solve class 650 103.9s (cumulative)
[nb_ridge] solve class 651 104.1s (cumulative)
[nb_ridge] solve class 652 104.3s (cumulative)
[nb_ridge] solve class 653 104.5s (cumulative)
[nb_ridge] solve class 654 104.7s (cumulative)
[nb_ridge] solve class 655 104.9s (cumulative)
[nb_ridge] solve class 656 105.1s (cumulative)
[nb_ridge] solve class 657 105.3s (cumulative)
[nb_ridge] solve class 658 105.5s (cumulative)
[nb_ridge] solve class 659 105.7s (cumulative)
[nb_ridge] solve class 660 105.9s (cumulative)
[nb_ridge] solve class 661 106.0s (cumulative)
[nb_ridge] solve class 662 106.2s (cumulative)
[nb_ridge] solve class 663 106.4s (cumulative)
[nb_ridge] solve class 664 106.6s (cumulative)
[nb_ridge] solve class 665 106.8s (cumulative)
[nb_ridge] solve class 666 106.9s (cumulative)
[nb_ridge] solve class 667 107.1s (cumulative)
[nb_ridge] solve class 668 107.2s (cumulative)
[nb_ridge] solve class 669 107.4s (cumulative)
[nb_ridge] solve class 670 107.6s (cumulative)
[nb_ridge] solve class 671 107.7s (cumulative)
[nb_ridge] solve class 672 107.9s (cumulative)
[nb_ridge] solve class 673 108.1s (cumulative)
[nb_ridge] solve class 674 108.3s (cumulative)
[nb_ridge] solve class 675 108.4s (cumulative)
[nb_ridge] solve class 676 108.6s (cumulative)
[nb_ridge] solve class 677 108.8s (cumulative)
[nb_ridge] solve class 678 109.0s (cumulative)
[nb_ridge] solve class 679 109.1s (cumulative)
[nb_ridge] solve class 680 109.3s (cumulative)
[nb_ridge] solve class 681 109.5s (cumulative)
[nb_ridge] solve class 682 109.7s (cumulative)
[nb_ridge] solve class 683 109.8s (cumulative)
[nb_ridge] solve class 684 110.0s (cumulative)
[nb_ridge] solve class 685 110.1s (cumulative)
[nb_ridge] solve class 686 110.3s (cumulative)
[nb_ridge] solve class 687 110.5s (cumulative)
[nb_ridge] solve class 688 110.6s (cumulative)
[nb_ridge] solve class 689 110.8s (cumulative)
[nb_ridge] solve class 690 111.0s (cumulative)
[nb_ridge] solve class 691 111.1s (cumulative)
[nb_ridge] solve class 692 111.3s (cumulative)
[nb_ridge] solve class 693 111.5s (cumulative)
[nb_ridge] solve class 694 111.7s (cumulative)
[nb_ridge] solve class 695 111.8s (cumulative)
[nb_ridge] solve class 696 112.0s (cumulative)
[nb_ridge] solve class 697 112.2s (cumulative)
[nb_ridge] solve class 698 112.4s (cumulative)
[nb_ridge] solve class 699 112.5s (cumulative)
[nb_ridge] solve class 700 112.7s (cumulative)
[nb_ridge] solve class 701 112.9s (cumulative)
[nb_ridge] solve class 702 113.0s (cumulative)
[nb_ridge] solve class 703 113.2s (cumulative)
[nb_ridge] solve class 704 113.4s (cumulative)
[nb_ridge] solve class 705 113.6s (cumulative)
[nb_ridge] solve class 706 113.8s (cumulative)
[nb_ridge] solve class 707 113.9s (cumulative)
[nb_ridge] solve class 708 114.1s (cumulative)
[nb_ridge] solve class 709 114.3s (cumulative)
[nb_ridge] solve class 710 114.5s (cumulative)
[nb_ridge] solve class 711 114.6s (cumulative)
[nb_ridge] solve class 712 114.8s (cumulative)
[nb_ridge] solve class 713 115.0s (cumulative)
[nb_ridge] solve class 714 115.2s (cumulative)
[nb_ridge] solve class 715 115.4s (cumulative)
[nb_ridge] solve class 716 115.6s (cumulative)
[nb_ridge] solve class 717 115.7s (cumulative)
[nb_ridge] solve class 718 115.9s (cumulative)
[nb_ridge] solve class 719 116.0s (cumulative)
[nb_ridge] solve class 720 116.2s (cumulative)
[nb_ridge] solve class 721 116.3s (cumulative)
[nb_ridge] solve class 722 116.5s (cumulative)
[nb_ridge] solve class 723 116.7s (cumulative)
[nb_ridge] solve class 724 116.9s (cumulative)
[nb_ridge] solve class 725 117.1s (cumulative)
[nb_ridge] solve class 726 117.2s (cumulative)
[nb_ridge] solve class 727 117.4s (cumulative)
[nb_ridge] solve class 728 117.6s (cumulative)
[nb_ridge] solve class 729 117.7s (cumulative)
[nb_ridge] solve class 730 117.9s (cumulative)
[nb_ridge] solve class 731 118.1s (cumulative)
[nb_ridge] solve class 732 118.3s (cumulative)
[nb_ridge] solve class 733 118.4s (cumulative)
[nb_ridge] solve class 734 118.6s (cumulative)
[nb_ridge] solve class 735 118.8s (cumulative)
[nb_ridge] solve class 736 119.0s (cumulative)
[nb_ridge] solve class 737 119.1s (cumulative)
[nb_ridge] solve class 738 119.3s (cumulative)
[nb_ridge] solve class 739 119.5s (cumulative)
[nb_ridge] solve class 740 119.6s (cumulative)
[nb_ridge] solve class 741 119.8s (cumulative)
[nb_ridge] solve class 742 120.1s (cumulative)
[nb_ridge] solve class 743 120.2s (cumulative)
[nb_ridge] solve class 744 120.4s (cumulative)
[nb_ridge] solve class 745 120.6s (cumulative)
[nb_ridge] solve class 746 120.8s (cumulative)
[nb_ridge] solve class 747 121.0s (cumulative)
[nb_ridge] solve class 748 121.3s (cumulative)
[nb_ridge] solve class 749 121.5s (cumulative)
[nb_ridge] solve class 750 121.7s (cumulative)
[nb_ridge] solve class 751 121.9s (cumulative)
[nb_ridge] solve class 752 122.1s (cumulative)
[nb_ridge] solve class 753 122.3s (cumulative)
[nb_ridge] solve class 754 122.5s (cumulative)
[nb_ridge] solve class 755 122.7s (cumulative)
[nb_ridge] solve class 756 122.9s (cumulative)
[nb_ridge] solve class 757 123.1s (cumulative)
[nb_ridge] solve class 758 123.3s (cumulative)
[nb_ridge] solve class 759 123.6s (cumulative)
[nb_ridge] solve class 760 123.8s (cumulative)
[nb_ridge] solve class 761 124.0s (cumulative)
[nb_ridge] solve class 762 124.3s (cumulative)
[nb_ridge] solve class 763 124.5s (cumulative)
[nb_ridge] solve class 764 124.7s (cumulative)
[nb_ridge] solve class 765 124.9s (cumulative)
[nb_ridge] solve class 766 125.1s (cumulative)
[nb_ridge] solve class 767 125.4s (cumulative)
[nb_ridge] solve class 768 125.5s (cumulative)
[nb_ridge] solve class 769 125.7s (cumulative)
[nb_ridge] solve class 770 126.0s (cumulative)
[nb_ridge] solve class 771 126.2s (cumulative)
[nb_ridge] solve class 772 126.4s (cumulative)
[nb_ridge] solve class 773 126.6s (cumulative)
[nb_ridge] solve class 774 126.9s (cumulative)
[nb_ridge] solve class 775 127.1s (cumulative)
[nb_ridge] solve class 776 127.3s (cumulative)
[nb_ridge] solve class 777 127.5s (cumulative)
[nb_ridge] solve class 778 127.7s (cumulative)
[nb_ridge] solve class 779 128.0s (cumulative)
[nb_ridge] solve class 780 128.2s (cumulative)
[nb_ridge] solve class 781 128.4s (cumulative)
[nb_ridge] solve class 782 128.6s (cumulative)
[nb_ridge] solve class 783 128.9s (cumulative)
[nb_ridge] solve class 784 129.0s (cumulative)
[nb_ridge] solve class 785 129.2s (cumulative)
[nb_ridge] solve class 786 129.5s (cumulative)
[nb_ridge] solve class 787 129.7s (cumulative)
[nb_ridge] solve class 788 129.9s (cumulative)
[nb_ridge] solve class 789 130.1s (cumulative)
[nb_ridge] solve class 790 130.3s (cumulative)
[nb_ridge] solve class 791 130.6s (cumulative)
[nb_ridge] solve class 792 130.8s (cumulative)
[nb_ridge] solve class 793 131.0s (cumulative)
[nb_ridge] solve class 794 131.2s (cumulative)
[nb_ridge] solve class 795 131.4s (cumulative)
[nb_ridge] solve class 796 131.6s (cumulative)
[nb_ridge] solve class 797 131.9s (cumulative)
[nb_ridge] solve class 798 132.1s (cumulative)
[nb_ridge] solve class 799 132.3s (cumulative)
[nb_ridge] solve class 800 132.5s (cumulative)
[nb_ridge] solve class 801 132.7s (cumulative)
[nb_ridge] solve class 802 132.9s (cumulative)
[nb_ridge] solve class 803 133.1s (cumulative)
[nb_ridge] solve class 804 133.4s (cumulative)
[nb_ridge] solve class 805 133.6s (cumulative)
[nb_ridge] solve class 806 133.8s (cumulative)
[nb_ridge] solve class 807 134.0s (cumulative)
[nb_ridge] solve class 808 134.2s (cumulative)
[nb_ridge] solve class 809 134.4s (cumulative)
[nb_ridge] solve class 810 134.7s (cumulative)
[nb_ridge] solve class 811 134.9s (cumulative)
[nb_ridge] solve class 812 135.1s (cumulative)
[nb_ridge] solve class 813 135.3s (cumulative)
[nb_ridge] solve class 814 135.5s (cumulative)
[nb_ridge] solve class 815 135.7s (cumulative)
[nb_ridge] solve class 816 135.9s (cumulative)
[nb_ridge] solve class 817 136.1s (cumulative)
[nb_ridge] solve class 818 136.4s (cumulative)
[nb_ridge] solve class 819 136.6s (cumulative)
[nb_ridge] solve class 820 136.8s (cumulative)
[nb_ridge] solve class 821 137.0s (cumulative)
[nb_ridge] solve class 822 137.3s (cumulative)
[nb_ridge] solve class 823 137.5s (cumulative)
[nb_ridge] solve class 824 137.8s (cumulative)
[nb_ridge] solve class 825 138.0s (cumulative)
[nb_ridge] solve class 826 138.2s (cumulative)
[nb_ridge] solve class 827 138.4s (cumulative)
[nb_ridge] solve class 828 138.7s (cumulative)
[nb_ridge] solve class 829 138.9s (cumulative)
[nb_ridge] solve class 830 139.1s (cumulative)
[nb_ridge] solve class 831 139.3s (cumulative)
[nb_ridge] solve class 832 139.5s (cumulative)
[nb_ridge] solve class 833 139.8s (cumulative)
[nb_ridge] solve class 834 140.0s (cumulative)
[nb_ridge] solve class 835 140.2s (cumulative)
[nb_ridge] solve class 836 140.4s (cumulative)
[nb_ridge] solve class 837 140.6s (cumulative)
[nb_ridge] solve class 838 140.9s (cumulative)
[nb_ridge] solve class 839 141.1s (cumulative)
[nb_ridge] solve class 840 141.3s (cumulative)
[nb_ridge] solve class 841 141.5s (cumulative)
    ridge-select: scale 8 → sel-slice acc 0.1950
    ridge-select: selected 0 — the suite's row below is the single test read, at this posture
    readout-report: best-on-cal max_prob (dispatch 0.1354, max_prob 0.0950, inv_entropy 0.1523 vs dispatch 0.1354; margin 0.005; REPORT-ONLY — the arming lever is demoted, Bench 052)
  [issue-039 corpus guard] s1mb_choice: 464 option label(s) with NO train docs in the corpus pool → self-doc fallback (scores nearly uninformative for them): getting_spare_card, verify_my_identity, virtual_card_not_working, disposable_card_limits, reverted_card_payment?, pending_cash_withdrawal, get_physical_card, lost_or_stolen_card, top_up_by_card_charge, extra_charge_on_statement, automatic_top_up, get_disposable_virtual_card, transfer_not_received_by_recipient, request_refund, pending_card_payment, declined_transfer, age_limit, card_payment_fee_charged, verify_source_of_funds, declined_card_payment, card_payment_wrong_exchange_rate, wrong_amount_of_cash_received, atm_support, transaction_charged_twice, wrong_exchange_rate_for_cash_withdrawal, supported_cards_and_currencies, balance_not_updated_after_bank_transfer, card_swallowed, failed_transfer, cancel_transfer, direct_debit_payment_not_recognised, top_up_limits, exchange_via_app, passcode_forgotten, top_up_by_cash_or_cheque, top_up_by_bank_transfer_charge, beneficiary_not_allowed, compromised_card, unable_to_verify_identity, card_not_working, exchange_rate, card_payment_not_recognised, transfer_into_account, cash_withdrawal_charge, card_arrival, card_acceptance, activate_my_card, transfer_timing, terminate_account, topping_up_by_card, cash_withdrawal_not_recognised, getting_virtual_card, country_support, Refund_not_showing_up, balance_not_updated_after_cheque_or_cash_deposit, change_pin, pending_transfer, edit_personal_details, verify_top_up, pending_top_up, why_verify_identity, card_about_to_expire, exchange_charge, transfer_fee_charged, top_up_failed, fiat_currency_support, card_delivery_estimate, rewards_balance, translate, cancel, maybe, restaurant_reviews, repeat, todo_list, flight_status, last_maintenance, pto_balance, directions, restaurant_reservation, confirm_reservation, order_status, tell_joke, oos, calculator, gas_type, travel_suggestion, share_location, shopping_list, change_language, timezone, yes, book_flight, payday, no, meeting_schedule, do_you_have_pets, order, credit_limit_change, recipe, calendar_update, improve_credit_score, pin_change, update_playlist, cancel_reservation, date, measurement_conversion, definition, oil_change_how, whisper_mode, flip_coin, find_phone, todo_list_update, redeem_rewards, change_user_name, change_ai_name, min_payment, spelling, how_busy, change_accent, schedule_meeting, food_last, international_fees, book_hotel, where_are_you_from, change_volume, are_you_a_bot, tire_change, ingredients_list, current_location, goodbye, insurance_change, w2, pto_used, new_card, traffic, balance, fun_fact, ingredient_substitution, transfer, freeze_account, schedule_maintenance, thank_you, what_is_your_name, gas, vaccines, accept_reservations, transactions, cook_time, distance, routing, report_lost_card, next_song, carry_on, what_song, travel_notification, apr, nutrition_info, who_made_you, next_holiday, bill_balance, reminder_update, how_old_are_you, mpg, rollover_401k, account_blocked, plug_type, card_declined, smart_home, meal_suggestion, direct_deposit, sync_device, pay_bill, uber, pto_request_status, taxes, order_checks, greeting, income, spending_history, calories, reset_settings, expiration_date, tire_pressure, meaning_of_life, make_call, insurance, restaurant_suggestion, interest_rate, credit_limit, bill_due, who_do_you_work_for, report_fraud, roll_dice, change_speed, damaged_card, shopping_list_update, what_are_your_hobbies, lost_luggage, oil_change_when, text, travel_alert, car_rental, international_visa, application_status, jump_start, credit_score, what_can_i_ask_you, replacement_card_duration, pto_request, national_id, company_name, account_number, password, url, -47, -4, 14, 34, 24, 5760, 5756, 5750, 5765, 33, -2, 8, 12, 29, 16, 52, -5, 17, 72, 80, 78, 103, 98, 48, 200, 150, 180, 196, 64, 114, 59, 84, 38, 63, 43, 32, 21, 20, -18, 27, 149, 197, 172, 147, 88, 93, -1, -3, 350, 397, 400, 375, 248, 254, 255, 251, 6580, 6598, 6600, 6593, 293, 305, 288, 13997, 14000, 13993, 14007, -33, 475, 504, 501, 500, 11, 40, 90, 70, 89, 1198, 1194, 1202, 1173, 297, 310, -15, -10, 71, 121, -21, 36, 122, 128, 125, 190, 207, 47, 39, 92, 130, 76, 195, 41, 46, 283, 273, 44, 18, -8, 62, 5, 55, play game, iot coffee, transport traffic, calendar query, qa factoid, play audiobook, iot cleaning, alarm remove, general negate, recommendation events, alarm set, play podcasts, transport query, general commandstop, iot wemo off, music settings, general explain, lists query, general joke, iot hue lightup, email query, takeaway query, play radio, lists remove, music query, recommendation movies, close_no_action, delivery, stop, harmful, qa_stock, recommendation_movies, audio_volume_up, play_audiobook, recommendation_locations, cooking_recipe, datetime_convert, cooking_query, qa_currency, weather_query, music_query, iot_hue_lightdim, iot_hue_lightup, qa_definition, audio_volume_down, general_greet, iot_hue_lightoff, alarm_set, general_quirky, play_podcasts, email_addcontact, cooking, IN:LIKE_MUSIC, IN:GET_RECIPES, IN:GET_TIMER, IN:CREATE_PLAYLIST_MUSIC, IN:PAUSE_MUSIC, IN:SET_DEFAULT_PROVIDER_CALLING, IN:SWITCH_CALL, IN:SET_UNAVAILABLE, IN:GET_EDUCATION_DEGREE, IN:GET_MAJOR, IN:GET_TRACK_INFO_MUSIC, IN:GET_ATTENDEE_EVENT, IN:UPDATE_METHOD_CALL, IN:GET_AVAILABILITY, IN:GET_EMPLOYMENT_TIME, IN:GET_REMINDER_DATE_TIME, IN:CREATE_REMINDER, IN:SKIP_TRACK_MUSIC, IN:GET_AGE, IN:GET_LIFE_EVENT, IN:STOP_SHUFFLE_MUSIC, IN:GET_CALL, IN:MERGE_CALL, IN:DELETE_ALARM, IN:UNLOOP_MUSIC, IN:SET_DEFAULT_PROVIDER_MUSIC, IN:RESUME_CALL, IN:CREATE_CALL, IN:GET_CALL_TIME, IN:GET_CONTACT_METHOD, IN:GET_UNDERGRAD, IN:GET_GENDER, IN:SHARE_EVENT, IN:RESTART_TIMER, IN:SET_RSVP_INTERESTED, IN:QUESTION_NEWS, IN:GET_DETAILS_NEWS, IN:ADD_TIME_TIMER, IN:GET_MESSAGE_CONTACT, IN:ANSWER_CALL, IN:SET_AVAILABLE, IN:UPDATE_REMINDER_LOCATION, IN:REMOVE_FROM_PLAYLIST_MUSIC, IN:PLAY_MEDIA, IN:HOLD_CALL, IN:GET_STORIES_NEWS, IN:GET_EVENT, IN:FOLLOW_MUSIC, IN:GET_AIRQUALITY, IN:CANCEL_CALL, IN:GET_REMINDER_AMOUNT, IN:GET_WEATHER, IN:UPDATE_REMINDER_DATE_TIME, IN:CANCEL_MESSAGE, IN:IS_TRUE_RECIPES, IN:GET_GROUP, IN:PAUSE_TIMER, IN:DISPREFER, IN:CREATE_TIMER, option_9, option_10, option_11, option_12, option_13, option_14, option_15, mixed, SearchHotel, MakePayment, RequestPayment, GetTimesForMovie, BuyMovieTickets, FindRestaurants, SearchHouse, SearchOnewayFlight, LookupMusic, AddAlarm, GetWeather, GetRide, ShareLocation, teacher, supervisor, clerk, lawyer, baker, carpenter, developer, auditor
    modelless: acc 0.2296 · ece(maxp) 0.0437 · p50 0.670 ms · 717.3 s
═══ suite s1mb_noul ═══
    6173 cases / 6173 questions · 2 domains
    slice-integrity: test 6173 (fnv1a64-84180b47f6a27e92) · cal 200 (fnv1a64-8ef8b387238526af) · pool 5974 (fnv1a64-bae132b5e4d2771b) · OK
    nb-select: stratified slice 200 case(s); corpora pool 5974 → 5736 doc(s)
    nb-select: scale 0 (off) → sel-slice acc 0.5000
    nb-select: scale 1 α observed-laplace noul-yes Some(0) view bag → sel-slice acc 0.5150
    nb-select: scale 4 α observed-laplace noul-yes Some(0) view bag → sel-slice acc 0.5150
    nb-select: scale 16 α observed-laplace noul-yes Some(0) view bag → sel-slice acc 0.5150
    nb-select: scale 32 α observed-laplace noul-yes Some(0) view bag → sel-slice acc 0.5150
    nb-select: scale 64 α observed-laplace noul-yes Some(0) view bag → sel-slice acc 0.5150
    nb-select: scale 1 α fixed-1 noul-yes Some(0) view bag → sel-slice acc 0.5300
    nb-select: scale 4 α fixed-1 noul-yes Some(0) view bag → sel-slice acc 0.5300
    nb-select: scale 16 α fixed-1 noul-yes Some(0) view bag → sel-slice acc 0.5300
    nb-select: scale 32 α fixed-1 noul-yes Some(0) view bag → sel-slice acc 0.5300
    nb-select: scale 64 α fixed-1 noul-yes Some(0) view bag → sel-slice acc 0.5300
    nb-select: scale 1 α observed-laplace noul-yes Some(1) view bag → sel-slice acc 0.4850
    nb-select: scale 4 α observed-laplace noul-yes Some(1) view bag → sel-slice acc 0.4850
    nb-select: scale 16 α observed-laplace noul-yes Some(1) view bag → sel-slice acc 0.4850
    nb-select: scale 32 α observed-laplace noul-yes Some(1) view bag → sel-slice acc 0.4850
    nb-select: scale 64 α observed-laplace noul-yes Some(1) view bag → sel-slice acc 0.4850
    nb-select: scale 1 α fixed-1 noul-yes Some(1) view bag → sel-slice acc 0.4700
    nb-select: scale 4 α fixed-1 noul-yes Some(1) view bag → sel-slice acc 0.4700
    nb-select: scale 16 α fixed-1 noul-yes Some(1) view bag → sel-slice acc 0.4700
    nb-select: scale 32 α fixed-1 noul-yes Some(1) view bag → sel-slice acc 0.4700
    nb-select: scale 64 α fixed-1 noul-yes Some(1) view bag → sel-slice acc 0.4700
    nb-select: selected scale 0 α off noul-yes None — the suite's row below is the single test read, at this posture
    oc-select: DECLINED — the suite's train rows carry no per-question gold events to condition on (baseline posture holds, byte-identical)
    ridge-select: stratified slice 200 case(s); corpora pool 5974 → 5736 doc(s)
    ridge-select: scale 0 (off) → sel-slice acc 0.5000
[nb_ridge] tokenize+counts 0.0s (128 docs, 2 classes)
[nb_ridge] solve class 0 0.2s (cumulative)
[nb_ridge] solve class 1 0.4s (cumulative)
    ridge-select: scale 0.5 → sel-slice acc 0.5000
[nb_ridge] tokenize+counts 0.0s (128 docs, 2 classes)
[nb_ridge] solve class 0 0.2s (cumulative)
[nb_ridge] solve class 1 0.4s (cumulative)
    ridge-select: scale 1 → sel-slice acc 0.5000
[nb_ridge] tokenize+counts 0.0s (128 docs, 2 classes)
[nb_ridge] solve class 0 0.2s (cumulative)
[nb_ridge] solve class 1 0.4s (cumulative)
    ridge-select: scale 2 → sel-slice acc 0.5000
[nb_ridge] tokenize+counts 0.0s (128 docs, 2 classes)
[nb_ridge] solve class 0 0.2s (cumulative)
[nb_ridge] solve class 1 0.4s (cumulative)
    ridge-select: scale 4 → sel-slice acc 0.5000
[nb_ridge] tokenize+counts 0.0s (128 docs, 2 classes)
[nb_ridge] solve class 0 0.2s (cumulative)
[nb_ridge] solve class 1 0.4s (cumulative)
    ridge-select: scale 8 → sel-slice acc 0.5000
    ridge-select: selected 0 — the suite's row below is the single test read, at this posture
    readout-report: best-on-cal max_prob (dispatch 0.1200, max_prob 0.0016, inv_entropy 0.1200 vs dispatch 0.1200; margin 0.005; REPORT-ONLY — the arming lever is demoted, Bench 052)
    modelless: acc 0.7055 · ece(maxp) 0.2042 · p50 0.400 ms · 9.1 s
═══ suite s1mb_score ═══
    2571 cases / 2571 questions · 10 domains
    slice-integrity: test 2574 (fnv1a64-49574479b2c3dc4d) · cal 200 (fnv1a64-f36037b81b6b2013) · pool 2374 (fnv1a64-345fee4f7512445c) · cal missing 5: 5,6,7,8,9 · pool missing 5: 5,6,7,8,9 · OK
    nb-select: stratified slice 198 case(s); corpora pool 2374 → 2173 doc(s)
    nb-select: scale 0 (off) → sel-slice acc 0.2172
    nb-select: scale 1 α observed-laplace noul-yes None view bag → sel-slice acc 0.2172
    nb-select: scale 4 α observed-laplace noul-yes None view bag → sel-slice acc 0.2172
    nb-select: scale 16 α observed-laplace noul-yes None view bag → sel-slice acc 0.2172
    nb-select: scale 32 α observed-laplace noul-yes None view bag → sel-slice acc 0.2172
    nb-select: scale 64 α observed-laplace noul-yes None view bag → sel-slice acc 0.2172
    nb-select: scale 1 α fixed-1 noul-yes None view bag → sel-slice acc 0.2172
    nb-select: scale 4 α fixed-1 noul-yes None view bag → sel-slice acc 0.2172
    nb-select: scale 16 α fixed-1 noul-yes None view bag → sel-slice acc 0.2172
    nb-select: scale 32 α fixed-1 noul-yes None view bag → sel-slice acc 0.2172
    nb-select: scale 64 α fixed-1 noul-yes None view bag → sel-slice acc 0.2172
    nb-select: selected scale 0 α off noul-yes None — the suite's row below is the single test read, at this posture
    oc-select: DECLINED — the suite's train rows carry no per-question gold events to condition on (baseline posture holds, byte-identical)
    ridge-select: stratified slice 198 case(s); corpora pool 2374 → 2173 doc(s)
    ridge-select: scale 0 (off) → sel-slice acc 0.2172
[nb_ridge] tokenize+counts 0.0s (85 docs, 10 classes)
[nb_ridge] solve class 0 0.2s (cumulative)
[nb_ridge] solve class 1 0.4s (cumulative)
[nb_ridge] solve class 2 0.6s (cumulative)
[nb_ridge] solve class 3 0.8s (cumulative)
[nb_ridge] solve class 4 1.0s (cumulative)
[nb_ridge] solve class 5 1.2s (cumulative)
[nb_ridge] solve class 6 1.4s (cumulative)
[nb_ridge] solve class 7 1.6s (cumulative)
[nb_ridge] solve class 8 1.8s (cumulative)
[nb_ridge] solve class 9 1.9s (cumulative)
    ridge-select: scale 0.5 → sel-slice acc 0.2172
[nb_ridge] tokenize+counts 0.0s (85 docs, 10 classes)
[nb_ridge] solve class 0 0.2s (cumulative)
[nb_ridge] solve class 1 0.4s (cumulative)
[nb_ridge] solve class 2 0.6s (cumulative)
[nb_ridge] solve class 3 0.8s (cumulative)
[nb_ridge] solve class 4 1.0s (cumulative)
[nb_ridge] solve class 5 1.2s (cumulative)
[nb_ridge] solve class 6 1.4s (cumulative)
[nb_ridge] solve class 7 1.7s (cumulative)
[nb_ridge] solve class 8 1.9s (cumulative)
[nb_ridge] solve class 9 2.1s (cumulative)
    ridge-select: scale 1 → sel-slice acc 0.2172
[nb_ridge] tokenize+counts 0.0s (85 docs, 10 classes)
[nb_ridge] solve class 0 0.2s (cumulative)
[nb_ridge] solve class 1 0.4s (cumulative)
[nb_ridge] solve class 2 0.6s (cumulative)
[nb_ridge] solve class 3 0.8s (cumulative)
[nb_ridge] solve class 4 1.0s (cumulative)
[nb_ridge] solve class 5 1.2s (cumulative)
[nb_ridge] solve class 6 1.4s (cumulative)
[nb_ridge] solve class 7 1.6s (cumulative)
[nb_ridge] solve class 8 1.8s (cumulative)
[nb_ridge] solve class 9 2.0s (cumulative)
    ridge-select: scale 2 → sel-slice acc 0.2172
[nb_ridge] tokenize+counts 0.0s (85 docs, 10 classes)
[nb_ridge] solve class 0 0.2s (cumulative)
[nb_ridge] solve class 1 0.4s (cumulative)
[nb_ridge] solve class 2 0.6s (cumulative)
[nb_ridge] solve class 3 0.8s (cumulative)
[nb_ridge] solve class 4 1.0s (cumulative)
[nb_ridge] solve class 5 1.2s (cumulative)
[nb_ridge] solve class 6 1.4s (cumulative)
[nb_ridge] solve class 7 1.6s (cumulative)
[nb_ridge] solve class 8 1.8s (cumulative)
[nb_ridge] solve class 9 2.0s (cumulative)
    ridge-select: scale 4 → sel-slice acc 0.2172
[nb_ridge] tokenize+counts 0.0s (85 docs, 10 classes)
[nb_ridge] solve class 0 0.2s (cumulative)
[nb_ridge] solve class 1 0.5s (cumulative)
[nb_ridge] solve class 2 0.7s (cumulative)
[nb_ridge] solve class 3 1.0s (cumulative)
[nb_ridge] solve class 4 1.2s (cumulative)
[nb_ridge] solve class 5 1.5s (cumulative)
[nb_ridge] solve class 6 1.7s (cumulative)
[nb_ridge] solve class 7 2.0s (cumulative)
[nb_ridge] solve class 8 2.2s (cumulative)
[nb_ridge] solve class 9 2.5s (cumulative)
    ridge-select: scale 8 → sel-slice acc 0.2172
    ridge-select: selected 0 — the suite's row below is the single test read, at this posture
    readout-report: best-on-cal dispatch (dispatch 0.0007, max_prob 0.0542, inv_entropy 0.0000 vs dispatch 0.0007; margin 0.005; REPORT-ONLY — the arming lever is demoted, Bench 052)
  [issue-039 corpus guard] s1mb_score: 5 option label(s) with NO train docs in the corpus pool → self-doc fallback (scores nearly uninformative for them): 5, 6, 7, 8, 9
    modelless: acc 0.4982 · ece(maxp) 0.2923 · p50 0.440 ms · 15.5 s
═══ suite typed_decisions ═══
    400 cases / 2000 questions · 4 domains
    slice-integrity: test 400 (fnv1a64-287d5f73a11932cd) · cal 100 (fnv1a64-0b6e8426558b0d1e) · pool 1100 (fnv1a64-a1679de56e9278b1) · OK
    nb-select: stratified slice 100 case(s); corpora pool 1100 → 1000 doc(s)
    nb-select: scale 0 (off) → sel-slice acc 0.3180
    nb-select: scale 1 α observed-laplace noul-yes None view bag → sel-slice acc 0.3180
    nb-select: scale 4 α observed-laplace noul-yes None view bag → sel-slice acc 0.3180
    nb-select: scale 16 α observed-laplace noul-yes None view bag → sel-slice acc 0.3180
    nb-select: scale 32 α observed-laplace noul-yes None view bag → sel-slice acc 0.3180
    nb-select: scale 64 α observed-laplace noul-yes None view bag → sel-slice acc 0.3180
    nb-select: scale 1 α fixed-1 noul-yes None view bag → sel-slice acc 0.3180
    nb-select: scale 4 α fixed-1 noul-yes None view bag → sel-slice acc 0.3180
    nb-select: scale 16 α fixed-1 noul-yes None view bag → sel-slice acc 0.3180
    nb-select: scale 32 α fixed-1 noul-yes None view bag → sel-slice acc 0.3180
    nb-select: scale 64 α fixed-1 noul-yes None view bag → sel-slice acc 0.3180
    nb-select: selected scale 0 α off noul-yes None — the suite's row below is the single test read, at this posture
    oc-select: stratified slice 100 case(s); corpora pool 1100 → 1000 doc(s)
    oc-select: scale 0 (off) → sel-slice acc 0.3180
    oc-select: scale 0.25 → sel-slice acc 0.5400
    oc-select: scale 0.5 → sel-slice acc 0.5320
    oc-select: scale 1 → sel-slice acc 0.5360
    oc-select: scale 2 → sel-slice acc 0.5360
    oc-select: scale 4 → sel-slice acc 0.5380
    oc-select: scale 8 → sel-slice acc 0.5360
    oc-select: selected 0.25 — the suite's row below is the single test read, at this posture
    ridge-select: stratified slice 100 case(s); corpora pool 1100 → 1000 doc(s)
    ridge-select: scale 0 (off) → sel-slice acc 0.5400
[nb_ridge] tokenize+counts 0.0s (192 docs, 4 classes)
[nb_ridge] solve class 0 0.2s (cumulative)
[nb_ridge] solve class 1 0.5s (cumulative)
[nb_ridge] solve class 2 0.7s (cumulative)
[nb_ridge] solve class 3 1.0s (cumulative)
    ridge-select: scale 0.5 → sel-slice acc 0.5400
[nb_ridge] tokenize+counts 0.0s (192 docs, 4 classes)
[nb_ridge] solve class 0 0.3s (cumulative)
[nb_ridge] solve class 1 0.5s (cumulative)
[nb_ridge] solve class 2 0.8s (cumulative)
[nb_ridge] solve class 3 1.1s (cumulative)
    ridge-select: scale 1 → sel-slice acc 0.5400
[nb_ridge] tokenize+counts 0.0s (192 docs, 4 classes)
[nb_ridge] solve class 0 0.2s (cumulative)
[nb_ridge] solve class 1 0.5s (cumulative)
[nb_ridge] solve class 2 0.7s (cumulative)
[nb_ridge] solve class 3 1.0s (cumulative)
    ridge-select: scale 2 → sel-slice acc 0.5400
[nb_ridge] tokenize+counts 0.0s (192 docs, 4 classes)
[nb_ridge] solve class 0 0.3s (cumulative)
[nb_ridge] solve class 1 0.5s (cumulative)
[nb_ridge] solve class 2 0.7s (cumulative)
[nb_ridge] solve class 3 0.9s (cumulative)
    ridge-select: scale 4 → sel-slice acc 0.5400
[nb_ridge] tokenize+counts 0.0s (192 docs, 4 classes)
[nb_ridge] solve class 0 0.2s (cumulative)
[nb_ridge] solve class 1 0.5s (cumulative)
[nb_ridge] solve class 2 0.8s (cumulative)
[nb_ridge] solve class 3 1.0s (cumulative)
    ridge-select: scale 8 → sel-slice acc 0.5400
    ridge-select: selected 0 — the suite's row below is the single test read, at this posture
    readout-report: best-on-cal max_prob (dispatch 0.5529, max_prob 0.2031, inv_entropy 0.5529 vs dispatch 0.5529; margin 0.005; REPORT-ONLY — the arming lever is demoted, Bench 052)
    modelless: acc 0.5700 · ece(maxp) 0.2154 · p50 1.346 ms · 13 s
═══ suite ag_news ═══
    400 cases / 400 questions · 4 domains
    slice-integrity: test 400 (fnv1a64-238133933bb8d6fc) · cal 200 (fnv1a64-96c58e69e7c6048e) · pool 19800 (fnv1a64-996876e41929dc33) · OK
    nb-select: stratified slice 200 case(s); corpora pool 19800 → 19600 doc(s)
    nb-select: scale 0 (off) → sel-slice acc 0.3900
    nb-select: scale 1 α observed-laplace noul-yes None view bag → sel-slice acc 0.7000
    nb-select: scale 4 α observed-laplace noul-yes None view bag → sel-slice acc 0.7450
    nb-select: scale 16 α observed-laplace noul-yes None view bag → sel-slice acc 0.7450
    nb-select: scale 32 α observed-laplace noul-yes None view bag → sel-slice acc 0.7450
    nb-select: scale 64 α observed-laplace noul-yes None view bag → sel-slice acc 0.7450
    nb-select: scale 1 α fixed-1 noul-yes None view bag → sel-slice acc 0.7000
    nb-select: scale 4 α fixed-1 noul-yes None view bag → sel-slice acc 0.7450
    nb-select: scale 16 α fixed-1 noul-yes None view bag → sel-slice acc 0.7450
    nb-select: scale 32 α fixed-1 noul-yes None view bag → sel-slice acc 0.7450
    nb-select: scale 64 α fixed-1 noul-yes None view bag → sel-slice acc 0.7450
    nb-select: selected scale 4 α observed-laplace noul-yes None — the suite's row below is the single test read, at this posture
    oc-select: DECLINED — the suite's train rows carry no per-question gold events to condition on (baseline posture holds, byte-identical)
    ridge-select: stratified slice 200 case(s); corpora pool 19800 → 19600 doc(s)
    ridge-select: scale 0 (off) → sel-slice acc 0.7450
[nb_ridge] tokenize+counts 0.1s (19600 docs, 4 classes)
[nb_ridge] solve class 0 0.4s (cumulative)
[nb_ridge] solve class 1 0.6s (cumulative)
[nb_ridge] solve class 2 0.9s (cumulative)
[nb_ridge] solve class 3 1.1s (cumulative)
    ridge-select: scale 0.5 → sel-slice acc 0.7350
[nb_ridge] tokenize+counts 0.1s (19600 docs, 4 classes)
[nb_ridge] solve class 0 0.4s (cumulative)
[nb_ridge] solve class 1 0.6s (cumulative)
[nb_ridge] solve class 2 0.9s (cumulative)
[nb_ridge] solve class 3 1.2s (cumulative)
    ridge-select: scale 1 → sel-slice acc 0.7350
[nb_ridge] tokenize+counts 0.1s (19600 docs, 4 classes)
[nb_ridge] solve class 0 0.4s (cumulative)
[nb_ridge] solve class 1 0.6s (cumulative)
[nb_ridge] solve class 2 0.9s (cumulative)
[nb_ridge] solve class 3 1.2s (cumulative)
    ridge-select: scale 2 → sel-slice acc 0.7400
[nb_ridge] tokenize+counts 0.0s (19600 docs, 4 classes)
[nb_ridge] solve class 0 0.4s (cumulative)
[nb_ridge] solve class 1 0.6s (cumulative)
[nb_ridge] solve class 2 0.8s (cumulative)
[nb_ridge] solve class 3 1.1s (cumulative)
    ridge-select: scale 4 → sel-slice acc 0.7350
[nb_ridge] tokenize+counts 0.1s (19600 docs, 4 classes)
[nb_ridge] solve class 0 0.4s (cumulative)
[nb_ridge] solve class 1 0.7s (cumulative)
[nb_ridge] solve class 2 0.9s (cumulative)
[nb_ridge] solve class 3 1.2s (cumulative)
    ridge-select: scale 8 → sel-slice acc 0.7400
    ridge-select: selected 0 — the suite's row below is the single test read, at this posture
    readout-report: best-on-cal max_prob (dispatch 0.8204, max_prob 0.4857, inv_entropy 0.8204 vs dispatch 0.8204; margin 0.005; REPORT-ONLY — the arming lever is demoted, Bench 052)
    modelless: acc 0.8825 · ece(maxp) 0.4783 · p50 0.287 ms · 8.6 s
═══ suite emotion ═══
    400 cases / 400 questions · 6 domains
    slice-integrity: test 400 (fnv1a64-36f3eb1067bed96a) · cal 200 (fnv1a64-f2ec48ed7070889c) · pool 15799 (fnv1a64-8ef2b2af400721fd) · OK
    nb-select: stratified slice 200 case(s); corpora pool 15799 → 15599 doc(s)
    nb-select: scale 0 (off) → sel-slice acc 0.1950
    nb-select: scale 1 α observed-laplace noul-yes None view bag → sel-slice acc 0.5350
    nb-select: scale 4 α observed-laplace noul-yes None view bag → sel-slice acc 0.5500
    nb-select: scale 16 α observed-laplace noul-yes None view bag → sel-slice acc 0.5500
    nb-select: scale 32 α observed-laplace noul-yes None view bag → sel-slice acc 0.5500
    nb-select: scale 64 α observed-laplace noul-yes None view bag → sel-slice acc 0.5500
    nb-select: scale 1 α fixed-1 noul-yes None view bag → sel-slice acc 0.4650
    nb-select: scale 4 α fixed-1 noul-yes None view bag → sel-slice acc 0.4850
    nb-select: scale 16 α fixed-1 noul-yes None view bag → sel-slice acc 0.4850
    nb-select: scale 32 α fixed-1 noul-yes None view bag → sel-slice acc 0.4850
    nb-select: scale 64 α fixed-1 noul-yes None view bag → sel-slice acc 0.4850
    nb-select: selected scale 4 α observed-laplace noul-yes None — the suite's row below is the single test read, at this posture
    oc-select: DECLINED — the suite's train rows carry no per-question gold events to condition on (baseline posture holds, byte-identical)
    ridge-select: stratified slice 200 case(s); corpora pool 15799 → 15599 doc(s)
    ridge-select: scale 0 (off) → sel-slice acc 0.5500
[nb_ridge] tokenize+counts 0.0s (15599 docs, 6 classes)
[nb_ridge] solve class 0 0.3s (cumulative)
[nb_ridge] solve class 1 0.6s (cumulative)
[nb_ridge] solve class 2 0.9s (cumulative)
[nb_ridge] solve class 3 1.1s (cumulative)
[nb_ridge] solve class 4 1.4s (cumulative)
[nb_ridge] solve class 5 1.7s (cumulative)
    ridge-select: scale 0.5 → sel-slice acc 0.5800
[nb_ridge] tokenize+counts 0.0s (15599 docs, 6 classes)
[nb_ridge] solve class 0 0.3s (cumulative)
[nb_ridge] solve class 1 0.5s (cumulative)
[nb_ridge] solve class 2 0.8s (cumulative)
[nb_ridge] solve class 3 1.1s (cumulative)
[nb_ridge] solve class 4 1.3s (cumulative)
[nb_ridge] solve class 5 1.6s (cumulative)
    ridge-select: scale 1 → sel-slice acc 0.6400
[nb_ridge] tokenize+counts 0.0s (15599 docs, 6 classes)
[nb_ridge] solve class 0 0.3s (cumulative)
[nb_ridge] solve class 1 0.6s (cumulative)
[nb_ridge] solve class 2 0.9s (cumulative)
[nb_ridge] solve class 3 1.1s (cumulative)
[nb_ridge] solve class 4 1.4s (cumulative)
[nb_ridge] solve class 5 1.6s (cumulative)
    ridge-select: scale 2 → sel-slice acc 0.6900
[nb_ridge] tokenize+counts 0.0s (15599 docs, 6 classes)
[nb_ridge] solve class 0 0.3s (cumulative)
[nb_ridge] solve class 1 0.5s (cumulative)
[nb_ridge] solve class 2 0.8s (cumulative)
[nb_ridge] solve class 3 1.1s (cumulative)
[nb_ridge] solve class 4 1.4s (cumulative)
[nb_ridge] solve class 5 1.6s (cumulative)
    ridge-select: scale 4 → sel-slice acc 0.7350
[nb_ridge] tokenize+counts 0.0s (15599 docs, 6 classes)
[nb_ridge] solve class 0 0.4s (cumulative)
[nb_ridge] solve class 1 0.6s (cumulative)
[nb_ridge] solve class 2 0.9s (cumulative)
[nb_ridge] solve class 3 1.2s (cumulative)
[nb_ridge] solve class 4 1.4s (cumulative)
[nb_ridge] solve class 5 1.7s (cumulative)
    ridge-select: scale 8 → sel-slice acc 0.7600
    ridge-select: selected 8 — the suite's row below is the single test read, at this posture
[nb_ridge] tokenize+counts 0.0s (15799 docs, 6 classes)
[nb_ridge] solve class 0 0.3s (cumulative)
[nb_ridge] solve class 1 0.6s (cumulative)
[nb_ridge] solve class 2 0.8s (cumulative)
[nb_ridge] solve class 3 1.1s (cumulative)
[nb_ridge] solve class 4 1.4s (cumulative)
[nb_ridge] solve class 5 1.6s (cumulative)
[nb_ridge] tokenize+counts 0.0s (15799 docs, 6 classes)
[nb_ridge] solve class 0 0.3s (cumulative)
[nb_ridge] solve class 1 0.6s (cumulative)
[nb_ridge] solve class 2 0.9s (cumulative)
[nb_ridge] solve class 3 1.1s (cumulative)
[nb_ridge] solve class 4 1.4s (cumulative)
[nb_ridge] solve class 5 1.6s (cumulative)
    readout-report: best-on-cal max_prob (dispatch 0.7589, max_prob 0.5274, inv_entropy 0.7589 vs dispatch 0.7589; margin 0.005; REPORT-ONLY — the arming lever is demoted, Bench 052)
[nb_ridge] tokenize+counts 0.0s (15799 docs, 6 classes)
[nb_ridge] solve class 0 0.3s (cumulative)
[nb_ridge] solve class 1 0.6s (cumulative)
[nb_ridge] solve class 2 0.8s (cumulative)
[nb_ridge] solve class 3 1.1s (cumulative)
[nb_ridge] solve class 4 1.4s (cumulative)
[nb_ridge] solve class 5 1.6s (cumulative)
[nb_ridge] tokenize+counts 0.0s (15799 docs, 6 classes)
[nb_ridge] solve class 0 0.3s (cumulative)
[nb_ridge] solve class 1 0.6s (cumulative)
[nb_ridge] solve class 2 0.9s (cumulative)
[nb_ridge] solve class 3 1.1s (cumulative)
[nb_ridge] solve class 4 1.4s (cumulative)
[nb_ridge] solve class 5 1.6s (cumulative)
[nb_ridge] tokenize+counts 0.0s (15799 docs, 6 classes)
[nb_ridge] solve class 0 0.3s (cumulative)
[nb_ridge] solve class 1 0.6s (cumulative)
[nb_ridge] solve class 2 0.8s (cumulative)
[nb_ridge] solve class 3 1.1s (cumulative)
[nb_ridge] solve class 4 1.4s (cumulative)
[nb_ridge] solve class 5 1.6s (cumulative)
[nb_ridge] tokenize+counts 0.0s (15999 docs, 6 classes)
[nb_ridge] solve class 0 0.3s (cumulative)
[nb_ridge] solve class 1 0.5s (cumulative)
[nb_ridge] solve class 2 0.8s (cumulative)
[nb_ridge] solve class 3 1.0s (cumulative)
[nb_ridge] solve class 4 1.3s (cumulative)
[nb_ridge] solve class 5 1.5s (cumulative)
[nb_ridge] tokenize+counts 0.0s (15999 docs, 6 classes)
[nb_ridge] solve class 0 0.3s (cumulative)
[nb_ridge] solve class 1 0.6s (cumulative)
[nb_ridge] solve class 2 0.9s (cumulative)
[nb_ridge] solve class 3 1.3s (cumulative)
[nb_ridge] solve class 4 1.6s (cumulative)
[nb_ridge] solve class 5 1.8s (cumulative)
    modelless: acc 0.8850 · ece(maxp) 0.6182 · p50 0.143 ms · 21.7 s
═══ suite sst5 ═══
    600 cases / 600 questions · 5 domains
    slice-integrity: test 600 (fnv1a64-67fe9666fa0c3a6f) · cal 200 (fnv1a64-d210e7c6707c3d40) · pool 8333 (fnv1a64-b46434b82644c53b) · OK
    nb-select: stratified slice 200 case(s); corpora pool 8333 → 8133 doc(s)
    nb-select: scale 0 (off) → sel-slice acc 0.2400
    nb-select: scale 1 α observed-laplace noul-yes None view bag → sel-slice acc 0.3300
    nb-select: scale 4 α observed-laplace noul-yes None view bag → sel-slice acc 0.3550
    nb-select: scale 16 α observed-laplace noul-yes None view bag → sel-slice acc 0.3600
    nb-select: scale 32 α observed-laplace noul-yes None view bag → sel-slice acc 0.3600
    nb-select: scale 64 α observed-laplace noul-yes None view bag → sel-slice acc 0.3600
    nb-select: scale 1 α fixed-1 noul-yes None view bag → sel-slice acc 0.3150
    nb-select: scale 4 α fixed-1 noul-yes None view bag → sel-slice acc 0.3400
    nb-select: scale 16 α fixed-1 noul-yes None view bag → sel-slice acc 0.3400
    nb-select: scale 32 α fixed-1 noul-yes None view bag → sel-slice acc 0.3350
    nb-select: scale 64 α fixed-1 noul-yes None view bag → sel-slice acc 0.3350
    nb-select: selected scale 16 α observed-laplace noul-yes None — the suite's row below is the single test read, at this posture
    oc-select: DECLINED — the suite's train rows carry no per-question gold events to condition on (baseline posture holds, byte-identical)
    ridge-select: stratified slice 200 case(s); corpora pool 8333 → 8133 doc(s)
    ridge-select: scale 0 (off) → sel-slice acc 0.3600
[nb_ridge] tokenize+counts 0.0s (8133 docs, 5 classes)
[nb_ridge] solve class 0 0.3s (cumulative)
[nb_ridge] solve class 1 0.6s (cumulative)
[nb_ridge] solve class 2 0.8s (cumulative)
[nb_ridge] solve class 3 1.1s (cumulative)
[nb_ridge] solve class 4 1.4s (cumulative)
    ridge-select: scale 0.5 → sel-slice acc 0.3550
[nb_ridge] tokenize+counts 0.0s (8133 docs, 5 classes)
[nb_ridge] solve class 0 0.3s (cumulative)
[nb_ridge] solve class 1 0.6s (cumulative)
[nb_ridge] solve class 2 1.0s (cumulative)
[nb_ridge] solve class 3 1.2s (cumulative)
[nb_ridge] solve class 4 1.5s (cumulative)
    ridge-select: scale 1 → sel-slice acc 0.3600
[nb_ridge] tokenize+counts 0.0s (8133 docs, 5 classes)
[nb_ridge] solve class 0 0.3s (cumulative)
[nb_ridge] solve class 1 0.6s (cumulative)
[nb_ridge] solve class 2 0.9s (cumulative)
[nb_ridge] solve class 3 1.2s (cumulative)
[nb_ridge] solve class 4 1.5s (cumulative)
    ridge-select: scale 2 → sel-slice acc 0.3700
[nb_ridge] tokenize+counts 0.0s (8133 docs, 5 classes)
[nb_ridge] solve class 0 0.3s (cumulative)
[nb_ridge] solve class 1 0.7s (cumulative)
[nb_ridge] solve class 2 1.0s (cumulative)
[nb_ridge] solve class 3 1.3s (cumulative)
[nb_ridge] solve class 4 1.7s (cumulative)
    ridge-select: scale 4 → sel-slice acc 0.3900
[nb_ridge] tokenize+counts 0.0s (8133 docs, 5 classes)
[nb_ridge] solve class 0 0.4s (cumulative)
[nb_ridge] solve class 1 0.7s (cumulative)
[nb_ridge] solve class 2 1.1s (cumulative)
[nb_ridge] solve class 3 1.4s (cumulative)
[nb_ridge] solve class 4 1.7s (cumulative)
    ridge-select: scale 8 → sel-slice acc 0.4000
    ridge-select: selected 0 — the suite's row below is the single test read, at this posture
    readout-report: best-on-cal max_prob (dispatch 0.2755, max_prob 0.0465, inv_entropy 0.2755 vs dispatch 0.2755; margin 0.005; REPORT-ONLY — the arming lever is demoted, Bench 052)
    modelless: acc 0.3967 · ece(maxp) 0.1389 · p50 0.124 ms · 9.5 s
═══ suite prompt_injections ═══
    116 cases / 116 questions · 2 domains
    slice-integrity: test 116 (fnv1a64-a6a375f0273e0bef) · cal 100 (fnv1a64-a45e6561b2a98ff1) · pool 446 (fnv1a64-8b32b961bbd47195) · OK
    nb-select: stratified slice 100 case(s); corpora pool 446 → 346 doc(s)
    nb-select: scale 0 (off) → sel-slice acc 0.5000
    nb-select: scale 1 α observed-laplace noul-yes Some(0) view bag → sel-slice acc 0.3900
    nb-select: scale 4 α observed-laplace noul-yes Some(0) view bag → sel-slice acc 0.3900
    nb-select: scale 16 α observed-laplace noul-yes Some(0) view bag → sel-slice acc 0.3900
    nb-select: scale 32 α observed-laplace noul-yes Some(0) view bag → sel-slice acc 0.3900
    nb-select: scale 64 α observed-laplace noul-yes Some(0) view bag → sel-slice acc 0.3900
    nb-select: scale 1 α fixed-1 noul-yes Some(0) view bag → sel-slice acc 0.5000
    nb-select: scale 4 α fixed-1 noul-yes Some(0) view bag → sel-slice acc 0.4900
    nb-select: scale 16 α fixed-1 noul-yes Some(0) view bag → sel-slice acc 0.4900
    nb-select: scale 32 α fixed-1 noul-yes Some(0) view bag → sel-slice acc 0.4900
    nb-select: scale 64 α fixed-1 noul-yes Some(0) view bag → sel-slice acc 0.4900
    nb-select: scale 1 α observed-laplace noul-yes Some(1) view bag → sel-slice acc 0.6100
    nb-select: scale 4 α observed-laplace noul-yes Some(1) view bag → sel-slice acc 0.6100
    nb-select: scale 16 α observed-laplace noul-yes Some(1) view bag → sel-slice acc 0.6100
    nb-select: scale 32 α observed-laplace noul-yes Some(1) view bag → sel-slice acc 0.6100
    nb-select: scale 64 α observed-laplace noul-yes Some(1) view bag → sel-slice acc 0.6100
    nb-select: scale 1 α fixed-1 noul-yes Some(1) view bag → sel-slice acc 0.5100
    nb-select: scale 4 α fixed-1 noul-yes Some(1) view bag → sel-slice acc 0.5100
    nb-select: scale 16 α fixed-1 noul-yes Some(1) view bag → sel-slice acc 0.5100
    nb-select: scale 32 α fixed-1 noul-yes Some(1) view bag → sel-slice acc 0.5100
    nb-select: scale 64 α fixed-1 noul-yes Some(1) view bag → sel-slice acc 0.5100
    nb-select: selected scale 1 α observed-laplace noul-yes Some(1) — the suite's row below is the single test read, at this posture
    oc-select: DECLINED — the suite's train rows carry no per-question gold events to condition on (baseline posture holds, byte-identical)
    ridge-select: stratified slice 100 case(s); corpora pool 446 → 346 doc(s)
    ridge-select: scale 0 (off) → sel-slice acc 0.6100
[nb_ridge] tokenize+counts 0.0s (346 docs, 2 classes)
[nb_ridge] solve class 0 0.3s (cumulative)
[nb_ridge] solve class 1 0.7s (cumulative)
    ridge-select: scale 0.5 → sel-slice acc 0.6100
[nb_ridge] tokenize+counts 0.0s (346 docs, 2 classes)
[nb_ridge] solve class 0 0.3s (cumulative)
[nb_ridge] solve class 1 0.7s (cumulative)
    ridge-select: scale 1 → sel-slice acc 0.6100
[nb_ridge] tokenize+counts 0.0s (346 docs, 2 classes)
[nb_ridge] solve class 0 0.3s (cumulative)
[nb_ridge] solve class 1 0.7s (cumulative)
    ridge-select: scale 2 → sel-slice acc 0.6100
[nb_ridge] tokenize+counts 0.0s (346 docs, 2 classes)
[nb_ridge] solve class 0 0.3s (cumulative)
[nb_ridge] solve class 1 0.7s (cumulative)
    ridge-select: scale 4 → sel-slice acc 0.6100
[nb_ridge] tokenize+counts 0.0s (346 docs, 2 classes)
[nb_ridge] solve class 0 0.2s (cumulative)
[nb_ridge] solve class 1 0.6s (cumulative)
    ridge-select: scale 8 → sel-slice acc 0.6100
    ridge-select: selected 0 — the suite's row below is the single test read, at this posture
    readout-report: best-on-cal max_prob (dispatch 0.6831, max_prob 0.1165, inv_entropy 0.6831 vs dispatch 0.6831; margin 0.005; REPORT-ONLY — the arming lever is demoted, Bench 052)
    modelless: acc 0.7672 · ece(maxp) 0.1336 · p50 0.193 ms · 4.1 s
═══ suite xnli_en ═══
    300 cases / 300 questions · 3 domains
    slice-integrity: test 300 (fnv1a64-614262484399affa) · cal 200 (fnv1a64-b8126a40673cc7c6) · pool 19800 (fnv1a64-f3f8f200eba61985) · OK
    nb-select: stratified slice 200 case(s); corpora pool 19800 → 19600 doc(s)
    nb-select: scale 0 (off) → sel-slice acc 0.3650
    nb-select: scale 1 α observed-laplace noul-yes None view bag → sel-slice acc 0.3100
    nb-select: scale 4 α observed-laplace noul-yes None view bag → sel-slice acc 0.3400
    nb-select: scale 16 α observed-laplace noul-yes None view bag → sel-slice acc 0.3250
    nb-select: scale 32 α observed-laplace noul-yes None view bag → sel-slice acc 0.3250
    nb-select: scale 64 α observed-laplace noul-yes None view bag → sel-slice acc 0.3200
    nb-select: scale 1 α fixed-1 noul-yes None view bag → sel-slice acc 0.3100
    nb-select: scale 4 α fixed-1 noul-yes None view bag → sel-slice acc 0.3300
    nb-select: scale 16 α fixed-1 noul-yes None view bag → sel-slice acc 0.3250
    nb-select: scale 32 α fixed-1 noul-yes None view bag → sel-slice acc 0.3300
    nb-select: scale 64 α fixed-1 noul-yes None view bag → sel-slice acc 0.3300
    nb-select: scale 1 α observed-laplace noul-yes None view pair → sel-slice acc 0.5600
    nb-select: scale 4 α observed-laplace noul-yes None view pair → sel-slice acc 0.5500
    nb-select: scale 16 α observed-laplace noul-yes None view pair → sel-slice acc 0.5500
    nb-select: scale 32 α observed-laplace noul-yes None view pair → sel-slice acc 0.5500
    nb-select: scale 64 α observed-laplace noul-yes None view pair → sel-slice acc 0.5500
    nb-select: scale 1 α fixed-1 noul-yes None view pair → sel-slice acc 0.5600
    nb-select: scale 4 α fixed-1 noul-yes None view pair → sel-slice acc 0.5800
    nb-select: scale 16 α fixed-1 noul-yes None view pair → sel-slice acc 0.5700
    nb-select: scale 32 α fixed-1 noul-yes None view pair → sel-slice acc 0.5650
    nb-select: scale 64 α fixed-1 noul-yes None view pair → sel-slice acc 0.5550
    nb-select: selected scale 4 α fixed-1 noul-yes None — the suite's row below is the single test read, at this posture
    oc-select: DECLINED — the suite's train rows carry no per-question gold events to condition on (baseline posture holds, byte-identical)
    ridge-select: stratified slice 200 case(s); corpora pool 19800 → 19600 doc(s)
    ridge-select: scale 0 (off) → sel-slice acc 0.5800
[nb_ridge] tokenize+counts 0.1s (19600 docs, 3 classes)
[nb_ridge] solve class 0 0.5s (cumulative)
[nb_ridge] solve class 1 0.7s (cumulative)
[nb_ridge] solve class 2 1.0s (cumulative)
    ridge-select: scale 0.5 → sel-slice acc 0.5550
[nb_ridge] tokenize+counts 0.1s (19600 docs, 3 classes)
[nb_ridge] solve class 0 0.5s (cumulative)
[nb_ridge] solve class 1 0.8s (cumulative)
[nb_ridge] solve class 2 1.1s (cumulative)
    ridge-select: scale 1 → sel-slice acc 0.5400
[nb_ridge] tokenize+counts 0.1s (19600 docs, 3 classes)
[nb_ridge] solve class 0 0.5s (cumulative)
[nb_ridge] solve class 1 0.8s (cumulative)
[nb_ridge] solve class 2 1.2s (cumulative)
    ridge-select: scale 2 → sel-slice acc 0.5050
[nb_ridge] tokenize+counts 0.1s (19600 docs, 3 classes)
[nb_ridge] solve class 0 0.5s (cumulative)
[nb_ridge] solve class 1 0.8s (cumulative)
[nb_ridge] solve class 2 1.1s (cumulative)
    ridge-select: scale 4 → sel-slice acc 0.4550
[nb_ridge] tokenize+counts 0.1s (19600 docs, 3 classes)
[nb_ridge] solve class 0 0.5s (cumulative)
[nb_ridge] solve class 1 0.9s (cumulative)
[nb_ridge] solve class 2 1.3s (cumulative)
    ridge-select: scale 8 → sel-slice acc 0.4400
    ridge-select: selected 0 — the suite's row below is the single test read, at this posture
    readout-report: best-on-cal max_prob (dispatch 0.5868, max_prob 0.2135, inv_entropy 0.5868 vs dispatch 0.5868; margin 0.005; REPORT-ONLY — the arming lever is demoted, Bench 052)
    modelless: acc 0.5233 · ece(maxp) 0.1383 · p50 0.228 ms · 9.5 s
═══ suite massive_intent_en ═══
    300 cases / 300 questions · 59 domains
    slice-integrity: test 300 (fnv1a64-328f111f90d7a0c1) · cal 200 (fnv1a64-74b76416cdd836d5) · pool 11314 (fnv1a64-fb5a4f0d9147dc0d) · OK
    nb-select: stratified slice 200 case(s); corpora pool 11314 → 11111 doc(s)
    nb-select: scale 0 (off) → sel-slice acc 0.4450
    nb-select: scale 1 α observed-laplace noul-yes None view bag → sel-slice acc 0.5800
    nb-select: scale 4 α observed-laplace noul-yes None view bag → sel-slice acc 0.6000
    nb-select: scale 16 α observed-laplace noul-yes None view bag → sel-slice acc 0.5900
    nb-select: scale 32 α observed-laplace noul-yes None view bag → sel-slice acc 0.5900
    nb-select: scale 64 α observed-laplace noul-yes None view bag → sel-slice acc 0.5900
    nb-select: scale 1 α fixed-1 noul-yes None view bag → sel-slice acc 0.5450
    nb-select: scale 4 α fixed-1 noul-yes None view bag → sel-slice acc 0.5800
    nb-select: scale 16 α fixed-1 noul-yes None view bag → sel-slice acc 0.5600
    nb-select: scale 32 α fixed-1 noul-yes None view bag → sel-slice acc 0.5600
    nb-select: scale 64 α fixed-1 noul-yes None view bag → sel-slice acc 0.5600
    nb-select: selected scale 4 α observed-laplace noul-yes None — the suite's row below is the single test read, at this posture
    oc-select: DECLINED — the suite's train rows carry no per-question gold events to condition on (baseline posture holds, byte-identical)
    ridge-select: stratified slice 200 case(s); corpora pool 11314 → 11111 doc(s)
    ridge-select: scale 0 (off) → sel-slice acc 0.6000
[nb_ridge] tokenize+counts 0.0s (11110 docs, 59 classes)
[nb_ridge] solve class 0 0.4s (cumulative)
[nb_ridge] solve class 1 0.7s (cumulative)
[nb_ridge] solve class 2 1.1s (cumulative)
[nb_ridge] solve class 3 1.4s (cumulative)
[nb_ridge] solve class 4 1.8s (cumulative)
[nb_ridge] solve class 5 2.1s (cumulative)
[nb_ridge] solve class 6 2.4s (cumulative)
[nb_ridge] solve class 7 2.8s (cumulative)
[nb_ridge] solve class 8 3.2s (cumulative)
[nb_ridge] solve class 9 3.6s (cumulative)
[nb_ridge] solve class 10 3.9s (cumulative)
[nb_ridge] solve class 11 4.3s (cumulative)
[nb_ridge] solve class 12 4.7s (cumulative)
[nb_ridge] solve class 13 5.1s (cumulative)
[nb_ridge] solve class 14 5.5s (cumulative)
[nb_ridge] solve class 15 5.9s (cumulative)
[nb_ridge] solve class 16 6.2s (cumulative)
[nb_ridge] solve class 17 6.5s (cumulative)
[nb_ridge] solve class 18 6.8s (cumulative)
[nb_ridge] solve class 19 7.2s (cumulative)
[nb_ridge] solve class 20 7.5s (cumulative)
[nb_ridge] solve class 21 8.0s (cumulative)
[nb_ridge] solve class 22 8.3s (cumulative)
[nb_ridge] solve class 23 8.8s (cumulative)
[nb_ridge] solve class 24 9.1s (cumulative)
[nb_ridge] solve class 25 9.5s (cumulative)
[nb_ridge] solve class 26 9.9s (cumulative)
[nb_ridge] solve class 27 10.3s (cumulative)
[nb_ridge] solve class 28 10.5s (cumulative)
[nb_ridge] solve class 29 10.7s (cumulative)
[nb_ridge] solve class 30 10.9s (cumulative)
[nb_ridge] solve class 31 11.0s (cumulative)
[nb_ridge] solve class 32 11.2s (cumulative)
[nb_ridge] solve class 33 11.4s (cumulative)
[nb_ridge] solve class 34 11.6s (cumulative)
[nb_ridge] solve class 35 11.8s (cumulative)
[nb_ridge] solve class 36 11.9s (cumulative)
[nb_ridge] solve class 37 12.1s (cumulative)
[nb_ridge] solve class 38 12.3s (cumulative)
[nb_ridge] solve class 39 12.5s (cumulative)
[nb_ridge] solve class 40 12.6s (cumulative)
[nb_ridge] solve class 41 12.8s (cumulative)
[nb_ridge] solve class 42 13.0s (cumulative)
[nb_ridge] solve class 43 13.1s (cumulative)
[nb_ridge] solve class 44 13.3s (cumulative)
[nb_ridge] solve class 45 13.5s (cumulative)
[nb_ridge] solve class 46 13.6s (cumulative)
[nb_ridge] solve class 47 13.8s (cumulative)
[nb_ridge] solve class 48 13.9s (cumulative)
[nb_ridge] solve class 49 14.1s (cumulative)
[nb_ridge] solve class 50 14.3s (cumulative)
[nb_ridge] solve class 51 14.4s (cumulative)
[nb_ridge] solve class 52 14.6s (cumulative)
[nb_ridge] solve class 53 14.8s (cumulative)
[nb_ridge] solve class 54 14.9s (cumulative)
[nb_ridge] solve class 55 15.1s (cumulative)
[nb_ridge] solve class 56 15.3s (cumulative)
[nb_ridge] solve class 57 15.4s (cumulative)
[nb_ridge] solve class 58 15.6s (cumulative)
    ridge-select: scale 0.5 → sel-slice acc 0.6000
[nb_ridge] tokenize+counts 0.0s (11110 docs, 59 classes)
[nb_ridge] solve class 0 0.2s (cumulative)
[nb_ridge] solve class 1 0.3s (cumulative)
[nb_ridge] solve class 2 0.5s (cumulative)
[nb_ridge] solve class 3 0.7s (cumulative)
[nb_ridge] solve class 4 0.9s (cumulative)
[nb_ridge] solve class 5 1.1s (cumulative)
[nb_ridge] solve class 6 1.3s (cumulative)
[nb_ridge] solve class 7 1.4s (cumulative)
[nb_ridge] solve class 8 1.6s (cumulative)
[nb_ridge] solve class 9 1.8s (cumulative)
[nb_ridge] solve class 10 2.0s (cumulative)
[nb_ridge] solve class 11 2.1s (cumulative)
[nb_ridge] solve class 12 2.3s (cumulative)
[nb_ridge] solve class 13 2.5s (cumulative)
[nb_ridge] solve class 14 2.6s (cumulative)
[nb_ridge] solve class 15 2.8s (cumulative)
[nb_ridge] solve class 16 3.0s (cumulative)
[nb_ridge] solve class 17 3.2s (cumulative)
[nb_ridge] solve class 18 3.4s (cumulative)
[nb_ridge] solve class 19 3.5s (cumulative)
[nb_ridge] solve class 20 3.7s (cumulative)
[nb_ridge] solve class 21 3.9s (cumulative)
[nb_ridge] solve class 22 4.1s (cumulative)
[nb_ridge] solve class 23 4.3s (cumulative)
[nb_ridge] solve class 24 4.4s (cumulative)
[nb_ridge] solve class 25 4.6s (cumulative)
[nb_ridge] solve class 26 4.8s (cumulative)
[nb_ridge] solve class 27 5.0s (cumulative)
[nb_ridge] solve class 28 5.2s (cumulative)
[nb_ridge] solve class 29 5.3s (cumulative)
[nb_ridge] solve class 30 5.5s (cumulative)
[nb_ridge] solve class 31 5.7s (cumulative)
[nb_ridge] solve class 32 5.9s (cumulative)
[nb_ridge] solve class 33 6.0s (cumulative)
[nb_ridge] solve class 34 6.2s (cumulative)
[nb_ridge] solve class 35 6.4s (cumulative)
[nb_ridge] solve class 36 6.6s (cumulative)
[nb_ridge] solve class 37 6.7s (cumulative)
[nb_ridge] solve class 38 6.9s (cumulative)
[nb_ridge] solve class 39 7.1s (cumulative)
[nb_ridge] solve class 40 7.3s (cumulative)
[nb_ridge] solve class 41 7.5s (cumulative)
[nb_ridge] solve class 42 7.6s (cumulative)
[nb_ridge] solve class 43 7.8s (cumulative)
[nb_ridge] solve class 44 8.0s (cumulative)
[nb_ridge] solve class 45 8.2s (cumulative)
[nb_ridge] solve class 46 8.3s (cumulative)
[nb_ridge] solve class 47 8.5s (cumulative)
[nb_ridge] solve class 48 8.7s (cumulative)
[nb_ridge] solve class 49 8.9s (cumulative)
[nb_ridge] solve class 50 9.1s (cumulative)
[nb_ridge] solve class 51 9.3s (cumulative)
[nb_ridge] solve class 52 9.4s (cumulative)
[nb_ridge] solve class 53 9.6s (cumulative)
[nb_ridge] solve class 54 9.8s (cumulative)
[nb_ridge] solve class 55 10.0s (cumulative)
[nb_ridge] solve class 56 10.2s (cumulative)
[nb_ridge] solve class 57 10.3s (cumulative)
[nb_ridge] solve class 58 10.5s (cumulative)
    ridge-select: scale 1 → sel-slice acc 0.6000
[nb_ridge] tokenize+counts 0.0s (11110 docs, 59 classes)
[nb_ridge] solve class 0 0.2s (cumulative)
[nb_ridge] solve class 1 0.4s (cumulative)
[nb_ridge] solve class 2 0.5s (cumulative)
[nb_ridge] solve class 3 0.7s (cumulative)
[nb_ridge] solve class 4 0.9s (cumulative)
[nb_ridge] solve class 5 1.1s (cumulative)
[nb_ridge] solve class 6 1.3s (cumulative)
[nb_ridge] solve class 7 1.5s (cumulative)
[nb_ridge] solve class 8 1.6s (cumulative)
[nb_ridge] solve class 9 1.8s (cumulative)
[nb_ridge] solve class 10 2.0s (cumulative)
[nb_ridge] solve class 11 2.1s (cumulative)
[nb_ridge] solve class 12 2.3s (cumulative)
[nb_ridge] solve class 13 2.5s (cumulative)
[nb_ridge] solve class 14 2.6s (cumulative)
[nb_ridge] solve class 15 2.8s (cumulative)
[nb_ridge] solve class 16 3.0s (cumulative)
[nb_ridge] solve class 17 3.2s (cumulative)
[nb_ridge] solve class 18 3.3s (cumulative)
[nb_ridge] solve class 19 3.5s (cumulative)
[nb_ridge] solve class 20 3.7s (cumulative)
[nb_ridge] solve class 21 3.9s (cumulative)
[nb_ridge] solve class 22 4.1s (cumulative)
[nb_ridge] solve class 23 4.2s (cumulative)
[nb_ridge] solve class 24 4.4s (cumulative)
[nb_ridge] solve class 25 4.6s (cumulative)
[nb_ridge] solve class 26 4.7s (cumulative)
[nb_ridge] solve class 27 4.9s (cumulative)
[nb_ridge] solve class 28 5.1s (cumulative)
[nb_ridge] solve class 29 5.3s (cumulative)
[nb_ridge] solve class 30 5.5s (cumulative)
[nb_ridge] solve class 31 5.7s (cumulative)
[nb_ridge] solve class 32 5.8s (cumulative)
[nb_ridge] solve class 33 6.0s (cumulative)
[nb_ridge] solve class 34 6.2s (cumulative)
[nb_ridge] solve class 35 6.4s (cumulative)
[nb_ridge] solve class 36 6.6s (cumulative)
[nb_ridge] solve class 37 6.8s (cumulative)
[nb_ridge] solve class 38 7.0s (cumulative)
[nb_ridge] solve class 39 7.2s (cumulative)
[nb_ridge] solve class 40 7.3s (cumulative)
[nb_ridge] solve class 41 7.5s (cumulative)
[nb_ridge] solve class 42 7.7s (cumulative)
[nb_ridge] solve class 43 7.9s (cumulative)
[nb_ridge] solve class 44 8.0s (cumulative)
[nb_ridge] solve class 45 8.2s (cumulative)
[nb_ridge] solve class 46 8.4s (cumulative)
[nb_ridge] solve class 47 8.6s (cumulative)
[nb_ridge] solve class 48 8.8s (cumulative)
[nb_ridge] solve class 49 8.9s (cumulative)
[nb_ridge] solve class 50 9.1s (cumulative)
[nb_ridge] solve class 51 9.3s (cumulative)
[nb_ridge] solve class 52 9.5s (cumulative)
[nb_ridge] solve class 53 9.7s (cumulative)
[nb_ridge] solve class 54 9.9s (cumulative)
[nb_ridge] solve class 55 10.0s (cumulative)
[nb_ridge] solve class 56 10.2s (cumulative)
[nb_ridge] solve class 57 10.4s (cumulative)
[nb_ridge] solve class 58 10.6s (cumulative)
    ridge-select: scale 2 → sel-slice acc 0.6050
[nb_ridge] tokenize+counts 0.0s (11110 docs, 59 classes)
[nb_ridge] solve class 0 0.2s (cumulative)
[nb_ridge] solve class 1 0.4s (cumulative)
[nb_ridge] solve class 2 0.6s (cumulative)
[nb_ridge] solve class 3 0.7s (cumulative)
[nb_ridge] solve class 4 0.9s (cumulative)
[nb_ridge] solve class 5 1.1s (cumulative)
[nb_ridge] solve class 6 1.3s (cumulative)
[nb_ridge] solve class 7 1.4s (cumulative)
[nb_ridge] solve class 8 1.6s (cumulative)
[nb_ridge] solve class 9 1.8s (cumulative)
[nb_ridge] solve class 10 2.0s (cumulative)
[nb_ridge] solve class 11 2.2s (cumulative)
[nb_ridge] solve class 12 2.3s (cumulative)
[nb_ridge] solve class 13 2.5s (cumulative)
[nb_ridge] solve class 14 2.7s (cumulative)
[nb_ridge] solve class 15 2.9s (cumulative)
[nb_ridge] solve class 16 3.1s (cumulative)
[nb_ridge] solve class 17 3.2s (cumulative)
[nb_ridge] solve class 18 3.4s (cumulative)
[nb_ridge] solve class 19 3.6s (cumulative)
[nb_ridge] solve class 20 3.8s (cumulative)
[nb_ridge] solve class 21 4.0s (cumulative)
[nb_ridge] solve class 22 4.1s (cumulative)
[nb_ridge] solve class 23 4.3s (cumulative)
[nb_ridge] solve class 24 4.5s (cumulative)
[nb_ridge] solve class 25 4.7s (cumulative)
[nb_ridge] solve class 26 4.9s (cumulative)
[nb_ridge] solve class 27 5.0s (cumulative)
[nb_ridge] solve class 28 5.2s (cumulative)
[nb_ridge] solve class 29 5.4s (cumulative)
[nb_ridge] solve class 30 5.6s (cumulative)
[nb_ridge] solve class 31 5.7s (cumulative)
[nb_ridge] solve class 32 5.9s (cumulative)
[nb_ridge] solve class 33 6.1s (cumulative)
[nb_ridge] solve class 34 6.3s (cumulative)
[nb_ridge] solve class 35 6.5s (cumulative)
[nb_ridge] solve class 36 6.7s (cumulative)
[nb_ridge] solve class 37 6.8s (cumulative)
[nb_ridge] solve class 38 7.0s (cumulative)
[nb_ridge] solve class 39 7.2s (cumulative)
[nb_ridge] solve class 40 7.4s (cumulative)
[nb_ridge] solve class 41 7.5s (cumulative)
[nb_ridge] solve class 42 7.7s (cumulative)
[nb_ridge] solve class 43 7.8s (cumulative)
[nb_ridge] solve class 44 8.0s (cumulative)
[nb_ridge] solve class 45 8.1s (cumulative)
[nb_ridge] solve class 46 8.3s (cumulative)
[nb_ridge] solve class 47 8.5s (cumulative)
[nb_ridge] solve class 48 8.7s (cumulative)
[nb_ridge] solve class 49 8.9s (cumulative)
[nb_ridge] solve class 50 9.0s (cumulative)
[nb_ridge] solve class 51 9.2s (cumulative)
[nb_ridge] solve class 52 9.4s (cumulative)
[nb_ridge] solve class 53 9.5s (cumulative)
[nb_ridge] solve class 54 9.7s (cumulative)
[nb_ridge] solve class 55 9.9s (cumulative)
[nb_ridge] solve class 56 10.1s (cumulative)
[nb_ridge] solve class 57 10.3s (cumulative)
[nb_ridge] solve class 58 10.5s (cumulative)
    ridge-select: scale 4 → sel-slice acc 0.6250
[nb_ridge] tokenize+counts 0.0s (11110 docs, 59 classes)
[nb_ridge] solve class 0 0.2s (cumulative)
[nb_ridge] solve class 1 0.3s (cumulative)
[nb_ridge] solve class 2 0.5s (cumulative)
[nb_ridge] solve class 3 0.6s (cumulative)
[nb_ridge] solve class 4 0.8s (cumulative)
[nb_ridge] solve class 5 1.0s (cumulative)
[nb_ridge] solve class 6 1.2s (cumulative)
[nb_ridge] solve class 7 1.3s (cumulative)
[nb_ridge] solve class 8 1.5s (cumulative)
[nb_ridge] solve class 9 1.7s (cumulative)
[nb_ridge] solve class 10 1.9s (cumulative)
[nb_ridge] solve class 11 2.0s (cumulative)
[nb_ridge] solve class 12 2.2s (cumulative)
[nb_ridge] solve class 13 2.4s (cumulative)
[nb_ridge] solve class 14 2.5s (cumulative)
[nb_ridge] solve class 15 2.7s (cumulative)
[nb_ridge] solve class 16 2.9s (cumulative)
[nb_ridge] solve class 17 3.0s (cumulative)
[nb_ridge] solve class 18 3.2s (cumulative)
[nb_ridge] solve class 19 3.4s (cumulative)
[nb_ridge] solve class 20 3.5s (cumulative)
[nb_ridge] solve class 21 3.7s (cumulative)
[nb_ridge] solve class 22 3.9s (cumulative)
[nb_ridge] solve class 23 4.0s (cumulative)
[nb_ridge] solve class 24 4.2s (cumulative)
[nb_ridge] solve class 25 4.4s (cumulative)
[nb_ridge] solve class 26 4.5s (cumulative)
[nb_ridge] solve class 27 4.7s (cumulative)
[nb_ridge] solve class 28 4.9s (cumulative)
[nb_ridge] solve class 29 5.0s (cumulative)
[nb_ridge] solve class 30 5.2s (cumulative)
[nb_ridge] solve class 31 5.4s (cumulative)
[nb_ridge] solve class 32 5.5s (cumulative)
[nb_ridge] solve class 33 5.7s (cumulative)
[nb_ridge] solve class 34 5.9s (cumulative)
[nb_ridge] solve class 35 6.1s (cumulative)
[nb_ridge] solve class 36 6.3s (cumulative)
[nb_ridge] solve class 37 6.5s (cumulative)
[nb_ridge] solve class 38 6.7s (cumulative)
[nb_ridge] solve class 39 6.8s (cumulative)
[nb_ridge] solve class 40 7.0s (cumulative)
[nb_ridge] solve class 41 7.2s (cumulative)
[nb_ridge] solve class 42 7.4s (cumulative)
[nb_ridge] solve class 43 7.6s (cumulative)
[nb_ridge] solve class 44 7.8s (cumulative)
[nb_ridge] solve class 45 7.9s (cumulative)
[nb_ridge] solve class 46 8.1s (cumulative)
[nb_ridge] solve class 47 8.3s (cumulative)
[nb_ridge] solve class 48 8.5s (cumulative)
[nb_ridge] solve class 49 8.6s (cumulative)
[nb_ridge] solve class 50 8.8s (cumulative)
[nb_ridge] solve class 51 9.0s (cumulative)
[nb_ridge] solve class 52 9.2s (cumulative)
[nb_ridge] solve class 53 9.3s (cumulative)
[nb_ridge] solve class 54 9.5s (cumulative)
[nb_ridge] solve class 55 9.7s (cumulative)
[nb_ridge] solve class 56 9.8s (cumulative)
[nb_ridge] solve class 57 10.0s (cumulative)
[nb_ridge] solve class 58 10.2s (cumulative)
    ridge-select: scale 8 → sel-slice acc 0.6150
    ridge-select: selected 0 — the suite's row below is the single test read, at this posture
    readout-report: best-on-cal dispatch (dispatch 0.4391, max_prob 0.4391, inv_entropy 0.5072 vs dispatch 0.4391; margin 0.005; REPORT-ONLY — the arming lever is demoted, Bench 052)
    modelless: acc 0.7800 · ece(maxp) 0.6352 · p50 0.131 ms · 62.3 s
═══ suite banking77 ═══
    500 cases / 500 questions · 77 domains
    slice-integrity: test 500 (fnv1a64-cb0b5cbcb0cdfcce) · cal 200 (fnv1a64-8f14f68a2e55799f) · pool 9793 (fnv1a64-14a38d138e218d1b) · OK
    nb-select: stratified slice 200 case(s); corpora pool 9793 → 9593 doc(s)
    nb-select: scale 0 (off) → sel-slice acc 0.4650
    nb-select: scale 1 α observed-laplace noul-yes None view bag → sel-slice acc 0.8100
    nb-select: scale 4 α observed-laplace noul-yes None view bag → sel-slice acc 0.8050
    nb-select: scale 16 α observed-laplace noul-yes None view bag → sel-slice acc 0.8050
    nb-select: scale 32 α observed-laplace noul-yes None view bag → sel-slice acc 0.8050
    nb-select: scale 64 α observed-laplace noul-yes None view bag → sel-slice acc 0.8000
    nb-select: scale 1 α fixed-1 noul-yes None view bag → sel-slice acc 0.7950
    nb-select: scale 4 α fixed-1 noul-yes None view bag → sel-slice acc 0.7750
    nb-select: scale 16 α fixed-1 noul-yes None view bag → sel-slice acc 0.7700
    nb-select: scale 32 α fixed-1 noul-yes None view bag → sel-slice acc 0.7600
    nb-select: scale 64 α fixed-1 noul-yes None view bag → sel-slice acc 0.7600
    nb-select: selected scale 1 α observed-laplace noul-yes None — the suite's row below is the single test read, at this posture
    oc-select: DECLINED — the suite's train rows carry no per-question gold events to condition on (baseline posture holds, byte-identical)
    ridge-select: stratified slice 200 case(s); corpora pool 9793 → 9593 doc(s)
    ridge-select: scale 0 (off) → sel-slice acc 0.8100
[nb_ridge] tokenize+counts 0.0s (9593 docs, 77 classes)
[nb_ridge] solve class 0 0.2s (cumulative)
[nb_ridge] solve class 1 0.4s (cumulative)
[nb_ridge] solve class 2 0.5s (cumulative)
[nb_ridge] solve class 3 0.7s (cumulative)
[nb_ridge] solve class 4 0.9s (cumulative)
[nb_ridge] solve class 5 1.0s (cumulative)
[nb_ridge] solve class 6 1.2s (cumulative)
[nb_ridge] solve class 7 1.4s (cumulative)
[nb_ridge] solve class 8 1.5s (cumulative)
[nb_ridge] solve class 9 1.7s (cumulative)
[nb_ridge] solve class 10 1.9s (cumulative)
[nb_ridge] solve class 11 2.0s (cumulative)
[nb_ridge] solve class 12 2.2s (cumulative)
[nb_ridge] solve class 13 2.4s (cumulative)
[nb_ridge] solve class 14 2.5s (cumulative)
[nb_ridge] solve class 15 2.7s (cumulative)
[nb_ridge] solve class 16 2.8s (cumulative)
[nb_ridge] solve class 17 3.0s (cumulative)
[nb_ridge] solve class 18 3.2s (cumulative)
[nb_ridge] solve class 19 3.3s (cumulative)
[nb_ridge] solve class 20 3.5s (cumulative)
[nb_ridge] solve class 21 3.7s (cumulative)
[nb_ridge] solve class 22 3.9s (cumulative)
[nb_ridge] solve class 23 4.0s (cumulative)
[nb_ridge] solve class 24 4.2s (cumulative)
[nb_ridge] solve class 25 4.4s (cumulative)
[nb_ridge] solve class 26 4.5s (cumulative)
[nb_ridge] solve class 27 4.7s (cumulative)
[nb_ridge] solve class 28 4.9s (cumulative)
[nb_ridge] solve class 29 5.1s (cumulative)
[nb_ridge] solve class 30 5.3s (cumulative)
[nb_ridge] solve class 31 5.4s (cumulative)
[nb_ridge] solve class 32 5.6s (cumulative)
[nb_ridge] solve class 33 5.8s (cumulative)
[nb_ridge] solve class 34 6.0s (cumulative)
[nb_ridge] solve class 35 6.2s (cumulative)
[nb_ridge] solve class 36 6.3s (cumulative)
[nb_ridge] solve class 37 6.5s (cumulative)
[nb_ridge] solve class 38 6.7s (cumulative)
[nb_ridge] solve class 39 6.9s (cumulative)
[nb_ridge] solve class 40 7.1s (cumulative)
[nb_ridge] solve class 41 7.3s (cumulative)
[nb_ridge] solve class 42 7.4s (cumulative)
[nb_ridge] solve class 43 7.6s (cumulative)
[nb_ridge] solve class 44 7.8s (cumulative)
[nb_ridge] solve class 45 8.0s (cumulative)
[nb_ridge] solve class 46 8.2s (cumulative)
[nb_ridge] solve class 47 8.3s (cumulative)
[nb_ridge] solve class 48 8.5s (cumulative)
[nb_ridge] solve class 49 8.7s (cumulative)
[nb_ridge] solve class 50 8.8s (cumulative)
[nb_ridge] solve class 51 9.0s (cumulative)
[nb_ridge] solve class 52 9.2s (cumulative)
[nb_ridge] solve class 53 9.3s (cumulative)
[nb_ridge] solve class 54 9.5s (cumulative)
[nb_ridge] solve class 55 9.7s (cumulative)
[nb_ridge] solve class 56 9.8s (cumulative)
[nb_ridge] solve class 57 10.0s (cumulative)
[nb_ridge] solve class 58 10.2s (cumulative)
[nb_ridge] solve class 59 10.4s (cumulative)
[nb_ridge] solve class 60 10.5s (cumulative)
[nb_ridge] solve class 61 10.7s (cumulative)
[nb_ridge] solve class 62 10.9s (cumulative)
[nb_ridge] solve class 63 11.0s (cumulative)
[nb_ridge] solve class 64 11.2s (cumulative)
[nb_ridge] solve class 65 11.4s (cumulative)
[nb_ridge] solve class 66 11.5s (cumulative)
[nb_ridge] solve class 67 11.7s (cumulative)
[nb_ridge] solve class 68 11.9s (cumulative)
[nb_ridge] solve class 69 12.0s (cumulative)
[nb_ridge] solve class 70 12.2s (cumulative)
[nb_ridge] solve class 71 12.3s (cumulative)
[nb_ridge] solve class 72 12.5s (cumulative)
[nb_ridge] solve class 73 12.6s (cumulative)
[nb_ridge] solve class 74 12.8s (cumulative)
[nb_ridge] solve class 75 12.9s (cumulative)
[nb_ridge] solve class 76 13.1s (cumulative)
    ridge-select: scale 0.5 → sel-slice acc 0.8450
[nb_ridge] tokenize+counts 0.0s (9593 docs, 77 classes)
[nb_ridge] solve class 0 0.2s (cumulative)
[nb_ridge] solve class 1 0.3s (cumulative)
[nb_ridge] solve class 2 0.5s (cumulative)
[nb_ridge] solve class 3 0.6s (cumulative)
[nb_ridge] solve class 4 0.8s (cumulative)
[nb_ridge] solve class 5 1.0s (cumulative)
[nb_ridge] solve class 6 1.1s (cumulative)
[nb_ridge] solve class 7 1.3s (cumulative)
[nb_ridge] solve class 8 1.5s (cumulative)
[nb_ridge] solve class 9 1.6s (cumulative)
[nb_ridge] solve class 10 1.8s (cumulative)
[nb_ridge] solve class 11 2.0s (cumulative)
[nb_ridge] solve class 12 2.1s (cumulative)
[nb_ridge] solve class 13 2.3s (cumulative)
[nb_ridge] solve class 14 2.5s (cumulative)
[nb_ridge] solve class 15 2.7s (cumulative)
[nb_ridge] solve class 16 2.8s (cumulative)
[nb_ridge] solve class 17 3.0s (cumulative)
[nb_ridge] solve class 18 3.2s (cumulative)
[nb_ridge] solve class 19 3.3s (cumulative)
[nb_ridge] solve class 20 3.5s (cumulative)
[nb_ridge] solve class 21 3.7s (cumulative)
[nb_ridge] solve class 22 3.9s (cumulative)
[nb_ridge] solve class 23 4.0s (cumulative)
[nb_ridge] solve class 24 4.2s (cumulative)
[nb_ridge] solve class 25 4.4s (cumulative)
[nb_ridge] solve class 26 4.6s (cumulative)
[nb_ridge] solve class 27 4.8s (cumulative)
[nb_ridge] solve class 28 5.0s (cumulative)
[nb_ridge] solve class 29 5.2s (cumulative)
[nb_ridge] solve class 30 5.4s (cumulative)
[nb_ridge] solve class 31 5.6s (cumulative)
[nb_ridge] solve class 32 5.7s (cumulative)
[nb_ridge] solve class 33 5.9s (cumulative)
[nb_ridge] solve class 34 6.1s (cumulative)
[nb_ridge] solve class 35 6.2s (cumulative)
[nb_ridge] solve class 36 6.4s (cumulative)
[nb_ridge] solve class 37 6.6s (cumulative)
[nb_ridge] solve class 38 6.8s (cumulative)
[nb_ridge] solve class 39 7.0s (cumulative)
[nb_ridge] solve class 40 7.1s (cumulative)
[nb_ridge] solve class 41 7.3s (cumulative)
[nb_ridge] solve class 42 7.5s (cumulative)
[nb_ridge] solve class 43 7.7s (cumulative)
[nb_ridge] solve class 44 7.8s (cumulative)
[nb_ridge] solve class 45 8.0s (cumulative)
[nb_ridge] solve class 46 8.2s (cumulative)
[nb_ridge] solve class 47 8.4s (cumulative)
[nb_ridge] solve class 48 8.5s (cumulative)
[nb_ridge] solve class 49 8.7s (cumulative)
[nb_ridge] solve class 50 8.9s (cumulative)
[nb_ridge] solve class 51 9.1s (cumulative)
[nb_ridge] solve class 52 9.2s (cumulative)
[nb_ridge] solve class 53 9.4s (cumulative)
[nb_ridge] solve class 54 9.6s (cumulative)
[nb_ridge] solve class 55 9.8s (cumulative)
[nb_ridge] solve class 56 10.0s (cumulative)
[nb_ridge] solve class 57 10.2s (cumulative)
[nb_ridge] solve class 58 10.3s (cumulative)
[nb_ridge] solve class 59 10.5s (cumulative)
[nb_ridge] solve class 60 10.7s (cumulative)
[nb_ridge] solve class 61 10.9s (cumulative)
[nb_ridge] solve class 62 11.0s (cumulative)
[nb_ridge] solve class 63 11.2s (cumulative)
[nb_ridge] solve class 64 11.4s (cumulative)
[nb_ridge] solve class 65 11.6s (cumulative)
[nb_ridge] solve class 66 11.7s (cumulative)
[nb_ridge] solve class 67 11.9s (cumulative)
[nb_ridge] solve class 68 12.1s (cumulative)
[nb_ridge] solve class 69 12.3s (cumulative)
[nb_ridge] solve class 70 12.5s (cumulative)
[nb_ridge] solve class 71 12.6s (cumulative)
[nb_ridge] solve class 72 12.8s (cumulative)
[nb_ridge] solve class 73 13.0s (cumulative)
[nb_ridge] solve class 74 13.1s (cumulative)
[nb_ridge] solve class 75 13.3s (cumulative)
[nb_ridge] solve class 76 13.5s (cumulative)
    ridge-select: scale 1 → sel-slice acc 0.8550
[nb_ridge] tokenize+counts 0.0s (9593 docs, 77 classes)
[nb_ridge] solve class 0 0.2s (cumulative)
[nb_ridge] solve class 1 0.4s (cumulative)
[nb_ridge] solve class 2 0.5s (cumulative)
[nb_ridge] solve class 3 0.7s (cumulative)
[nb_ridge] solve class 4 0.9s (cumulative)
[nb_ridge] solve class 5 1.1s (cumulative)
[nb_ridge] solve class 6 1.2s (cumulative)
[nb_ridge] solve class 7 1.4s (cumulative)
[nb_ridge] solve class 8 1.6s (cumulative)
[nb_ridge] solve class 9 1.8s (cumulative)
[nb_ridge] solve class 10 2.0s (cumulative)
[nb_ridge] solve class 11 2.1s (cumulative)
[nb_ridge] solve class 12 2.3s (cumulative)
[nb_ridge] solve class 13 2.5s (cumulative)
[nb_ridge] solve class 14 2.7s (cumulative)
[nb_ridge] solve class 15 2.8s (cumulative)
[nb_ridge] solve class 16 3.0s (cumulative)
[nb_ridge] solve class 17 3.2s (cumulative)
[nb_ridge] solve class 18 3.4s (cumulative)
[nb_ridge] solve class 19 3.5s (cumulative)
[nb_ridge] solve class 20 3.7s (cumulative)
[nb_ridge] solve class 21 3.9s (cumulative)
[nb_ridge] solve class 22 4.0s (cumulative)
[nb_ridge] solve class 23 4.2s (cumulative)
[nb_ridge] solve class 24 4.4s (cumulative)
[nb_ridge] solve class 25 4.6s (cumulative)
[nb_ridge] solve class 26 4.7s (cumulative)
[nb_ridge] solve class 27 4.9s (cumulative)
[nb_ridge] solve class 28 5.1s (cumulative)
[nb_ridge] solve class 29 5.3s (cumulative)
[nb_ridge] solve class 30 5.4s (cumulative)
[nb_ridge] solve class 31 5.6s (cumulative)
[nb_ridge] solve class 32 5.8s (cumulative)
[nb_ridge] solve class 33 6.0s (cumulative)
[nb_ridge] solve class 34 6.1s (cumulative)
[nb_ridge] solve class 35 6.3s (cumulative)
[nb_ridge] solve class 36 6.5s (cumulative)
[nb_ridge] solve class 37 6.7s (cumulative)
[nb_ridge] solve class 38 6.8s (cumulative)
[nb_ridge] solve class 39 7.0s (cumulative)
[nb_ridge] solve class 40 7.2s (cumulative)
[nb_ridge] solve class 41 7.3s (cumulative)
[nb_ridge] solve class 42 7.5s (cumulative)
[nb_ridge] solve class 43 7.7s (cumulative)
[nb_ridge] solve class 44 7.8s (cumulative)
[nb_ridge] solve class 45 8.0s (cumulative)
[nb_ridge] solve class 46 8.2s (cumulative)
[nb_ridge] solve class 47 8.3s (cumulative)
[nb_ridge] solve class 48 8.5s (cumulative)
[nb_ridge] solve class 49 8.7s (cumulative)
[nb_ridge] solve class 50 8.8s (cumulative)
[nb_ridge] solve class 51 9.0s (cumulative)
[nb_ridge] solve class 52 9.2s (cumulative)
[nb_ridge] solve class 53 9.3s (cumulative)
[nb_ridge] solve class 54 9.5s (cumulative)
[nb_ridge] solve class 55 9.7s (cumulative)
[nb_ridge] solve class 56 9.8s (cumulative)
[nb_ridge] solve class 57 10.0s (cumulative)
[nb_ridge] solve class 58 10.2s (cumulative)
[nb_ridge] solve class 59 10.3s (cumulative)
[nb_ridge] solve class 60 10.5s (cumulative)
[nb_ridge] solve class 61 10.7s (cumulative)
[nb_ridge] solve class 62 10.8s (cumulative)
[nb_ridge] solve class 63 11.0s (cumulative)
[nb_ridge] solve class 64 11.2s (cumulative)
[nb_ridge] solve class 65 11.3s (cumulative)
[nb_ridge] solve class 66 11.5s (cumulative)
[nb_ridge] solve class 67 11.6s (cumulative)
[nb_ridge] solve class 68 11.8s (cumulative)
[nb_ridge] solve class 69 12.0s (cumulative)
[nb_ridge] solve class 70 12.2s (cumulative)
[nb_ridge] solve class 71 12.3s (cumulative)
[nb_ridge] solve class 72 12.5s (cumulative)
[nb_ridge] solve class 73 12.7s (cumulative)
[nb_ridge] solve class 74 12.8s (cumulative)
[nb_ridge] solve class 75 13.0s (cumulative)
[nb_ridge] solve class 76 13.2s (cumulative)
    ridge-select: scale 2 → sel-slice acc 0.8550
[nb_ridge] tokenize+counts 0.0s (9593 docs, 77 classes)
[nb_ridge] solve class 0 0.2s (cumulative)
[nb_ridge] solve class 1 0.4s (cumulative)
[nb_ridge] solve class 2 0.5s (cumulative)
[nb_ridge] solve class 3 0.7s (cumulative)
[nb_ridge] solve class 4 0.9s (cumulative)
[nb_ridge] solve class 5 1.1s (cumulative)
[nb_ridge] solve class 6 1.2s (cumulative)
[nb_ridge] solve class 7 1.4s (cumulative)
[nb_ridge] solve class 8 1.6s (cumulative)
[nb_ridge] solve class 9 1.8s (cumulative)
[nb_ridge] solve class 10 1.9s (cumulative)
[nb_ridge] solve class 11 2.1s (cumulative)
[nb_ridge] solve class 12 2.3s (cumulative)
[nb_ridge] solve class 13 2.5s (cumulative)
[nb_ridge] solve class 14 2.6s (cumulative)
[nb_ridge] solve class 15 2.8s (cumulative)
[nb_ridge] solve class 16 3.0s (cumulative)
[nb_ridge] solve class 17 3.2s (cumulative)
[nb_ridge] solve class 18 3.3s (cumulative)
[nb_ridge] solve class 19 3.5s (cumulative)
[nb_ridge] solve class 20 3.7s (cumulative)
[nb_ridge] solve class 21 3.8s (cumulative)
[nb_ridge] solve class 22 4.0s (cumulative)
[nb_ridge] solve class 23 4.2s (cumulative)
[nb_ridge] solve class 24 4.4s (cumulative)
[nb_ridge] solve class 25 4.5s (cumulative)
[nb_ridge] solve class 26 4.7s (cumulative)
[nb_ridge] solve class 27 4.8s (cumulative)
[nb_ridge] solve class 28 5.0s (cumulative)
[nb_ridge] solve class 29 5.1s (cumulative)
[nb_ridge] solve class 30 5.3s (cumulative)
[nb_ridge] solve class 31 5.5s (cumulative)
[nb_ridge] solve class 32 5.7s (cumulative)
[nb_ridge] solve class 33 5.8s (cumulative)
[nb_ridge] solve class 34 6.0s (cumulative)
[nb_ridge] solve class 35 6.2s (cumulative)
[nb_ridge] solve class 36 6.3s (cumulative)
[nb_ridge] solve class 37 6.5s (cumulative)
[nb_ridge] solve class 38 6.7s (cumulative)
[nb_ridge] solve class 39 6.9s (cumulative)
[nb_ridge] solve class 40 7.0s (cumulative)
[nb_ridge] solve class 41 7.2s (cumulative)
[nb_ridge] solve class 42 7.4s (cumulative)
[nb_ridge] solve class 43 7.6s (cumulative)
[nb_ridge] solve class 44 7.7s (cumulative)
[nb_ridge] solve class 45 7.9s (cumulative)
[nb_ridge] solve class 46 8.1s (cumulative)
[nb_ridge] solve class 47 8.3s (cumulative)
[nb_ridge] solve class 48 8.4s (cumulative)
[nb_ridge] solve class 49 8.6s (cumulative)
[nb_ridge] solve class 50 8.8s (cumulative)
[nb_ridge] solve class 51 8.9s (cumulative)
[nb_ridge] solve class 52 9.1s (cumulative)
[nb_ridge] solve class 53 9.3s (cumulative)
[nb_ridge] solve class 54 9.4s (cumulative)
[nb_ridge] solve class 55 9.6s (cumulative)
[nb_ridge] solve class 56 9.8s (cumulative)
[nb_ridge] solve class 57 9.9s (cumulative)
[nb_ridge] solve class 58 10.1s (cumulative)
[nb_ridge] solve class 59 10.3s (cumulative)
[nb_ridge] solve class 60 10.4s (cumulative)
[nb_ridge] solve class 61 10.6s (cumulative)
[nb_ridge] solve class 62 10.8s (cumulative)
[nb_ridge] solve class 63 10.9s (cumulative)
[nb_ridge] solve class 64 11.1s (cumulative)
[nb_ridge] solve class 65 11.3s (cumulative)
[nb_ridge] solve class 66 11.4s (cumulative)
[nb_ridge] solve class 67 11.6s (cumulative)
[nb_ridge] solve class 68 11.8s (cumulative)
[nb_ridge] solve class 69 12.0s (cumulative)
[nb_ridge] solve class 70 12.1s (cumulative)
[nb_ridge] solve class 71 12.3s (cumulative)
[nb_ridge] solve class 72 12.5s (cumulative)
[nb_ridge] solve class 73 12.6s (cumulative)
[nb_ridge] solve class 74 12.8s (cumulative)
[nb_ridge] solve class 75 13.0s (cumulative)
[nb_ridge] solve class 76 13.2s (cumulative)
    ridge-select: scale 4 → sel-slice acc 0.8450
[nb_ridge] tokenize+counts 0.0s (9593 docs, 77 classes)
[nb_ridge] solve class 0 0.2s (cumulative)
[nb_ridge] solve class 1 0.4s (cumulative)
[nb_ridge] solve class 2 0.5s (cumulative)
[nb_ridge] solve class 3 0.7s (cumulative)
[nb_ridge] solve class 4 0.9s (cumulative)
[nb_ridge] solve class 5 1.1s (cumulative)
[nb_ridge] solve class 6 1.2s (cumulative)
[nb_ridge] solve class 7 1.4s (cumulative)
[nb_ridge] solve class 8 1.6s (cumulative)
[nb_ridge] solve class 9 1.7s (cumulative)
[nb_ridge] solve class 10 1.9s (cumulative)
[nb_ridge] solve class 11 2.1s (cumulative)
[nb_ridge] solve class 12 2.3s (cumulative)
[nb_ridge] solve class 13 2.4s (cumulative)
[nb_ridge] solve class 14 2.6s (cumulative)
[nb_ridge] solve class 15 2.8s (cumulative)
[nb_ridge] solve class 16 2.9s (cumulative)
[nb_ridge] solve class 17 3.1s (cumulative)
[nb_ridge] solve class 18 3.3s (cumulative)
[nb_ridge] solve class 19 3.5s (cumulative)
[nb_ridge] solve class 20 3.6s (cumulative)
[nb_ridge] solve class 21 3.8s (cumulative)
[nb_ridge] solve class 22 4.0s (cumulative)
[nb_ridge] solve class 23 4.2s (cumulative)
[nb_ridge] solve class 24 4.3s (cumulative)
[nb_ridge] solve class 25 4.5s (cumulative)
[nb_ridge] solve class 26 4.7s (cumulative)
[nb_ridge] solve class 27 4.9s (cumulative)
[nb_ridge] solve class 28 5.0s (cumulative)
[nb_ridge] solve class 29 5.2s (cumulative)
[nb_ridge] solve class 30 5.4s (cumulative)
[nb_ridge] solve class 31 5.5s (cumulative)
[nb_ridge] solve class 32 5.7s (cumulative)
[nb_ridge] solve class 33 5.9s (cumulative)
[nb_ridge] solve class 34 6.1s (cumulative)
[nb_ridge] solve class 35 6.2s (cumulative)
[nb_ridge] solve class 36 6.4s (cumulative)
[nb_ridge] solve class 37 6.6s (cumulative)
[nb_ridge] solve class 38 6.8s (cumulative)
[nb_ridge] solve class 39 6.9s (cumulative)
[nb_ridge] solve class 40 7.1s (cumulative)
[nb_ridge] solve class 41 7.3s (cumulative)
[nb_ridge] solve class 42 7.4s (cumulative)
[nb_ridge] solve class 43 7.6s (cumulative)
[nb_ridge] solve class 44 7.8s (cumulative)
[nb_ridge] solve class 45 8.0s (cumulative)
[nb_ridge] solve class 46 8.1s (cumulative)
[nb_ridge] solve class 47 8.3s (cumulative)
[nb_ridge] solve class 48 8.5s (cumulative)
[nb_ridge] solve class 49 8.6s (cumulative)
[nb_ridge] solve class 50 8.8s (cumulative)
[nb_ridge] solve class 51 9.0s (cumulative)
[nb_ridge] solve class 52 9.1s (cumulative)
[nb_ridge] solve class 53 9.3s (cumulative)
[nb_ridge] solve class 54 9.5s (cumulative)
[nb_ridge] solve class 55 9.6s (cumulative)
[nb_ridge] solve class 56 9.8s (cumulative)
[nb_ridge] solve class 57 10.0s (cumulative)
[nb_ridge] solve class 58 10.1s (cumulative)
[nb_ridge] solve class 59 10.3s (cumulative)
[nb_ridge] solve class 60 10.5s (cumulative)
[nb_ridge] solve class 61 10.6s (cumulative)
[nb_ridge] solve class 62 10.8s (cumulative)
[nb_ridge] solve class 63 11.0s (cumulative)
[nb_ridge] solve class 64 11.1s (cumulative)
[nb_ridge] solve class 65 11.3s (cumulative)
[nb_ridge] solve class 66 11.5s (cumulative)
[nb_ridge] solve class 67 11.7s (cumulative)
[nb_ridge] solve class 68 11.8s (cumulative)
[nb_ridge] solve class 69 12.0s (cumulative)
[nb_ridge] solve class 70 12.2s (cumulative)
[nb_ridge] solve class 71 12.3s (cumulative)
[nb_ridge] solve class 72 12.5s (cumulative)
[nb_ridge] solve class 73 12.7s (cumulative)
[nb_ridge] solve class 74 12.8s (cumulative)
[nb_ridge] solve class 75 13.0s (cumulative)
[nb_ridge] solve class 76 13.2s (cumulative)
    ridge-select: scale 8 → sel-slice acc 0.8250
    ridge-select: selected 0 — the suite's row below is the single test read, at this posture
    readout-report: best-on-cal dispatch (dispatch 0.7729, max_prob 0.7729, inv_entropy 0.7924 vs dispatch 0.7729; margin 0.005; REPORT-ONLY — the arming lever is demoted, Bench 052)
    modelless: acc 0.8420 · ece(maxp) 0.8194 · p50 0.436 ms · 72.3 s
═══ suite code_fixtures ═══
    16 cases / 32 questions · 8 domains
    readout-report: best-on-cal max_prob (dispatch 0.4602, max_prob 0.1479, inv_entropy 0.4602 vs dispatch 0.4602; margin 0.005; REPORT-ONLY — the arming lever is demoted, Bench 052)
    modelless: acc 0.3750 · ece(maxp) 0.0948 · p50 0.264 ms · 0.1 s
═══ suite semantic_defects ═══
    102 cases / 102 questions · 6 domains
    nb-select: synthetic cal front 18 case(s); corpus pool 18 → 18 doc(s)
    nb-select: scale 0 (off) → sel-slice acc 0.2778
    nb-select: scale 1 α observed-laplace noul-yes None view bag → sel-slice acc 0.4444
    nb-select: scale 4 α observed-laplace noul-yes None view bag → sel-slice acc 0.4444
    nb-select: scale 16 α observed-laplace noul-yes None view bag → sel-slice acc 0.4444
    nb-select: scale 32 α observed-laplace noul-yes None view bag → sel-slice acc 0.4444
    nb-select: scale 64 α observed-laplace noul-yes None view bag → sel-slice acc 0.4444
    nb-select: scale 1 α fixed-1 noul-yes None view bag → sel-slice acc 0.3333
    nb-select: scale 4 α fixed-1 noul-yes None view bag → sel-slice acc 0.3889
    nb-select: scale 16 α fixed-1 noul-yes None view bag → sel-slice acc 0.3889
    nb-select: scale 32 α fixed-1 noul-yes None view bag → sel-slice acc 0.3889
    nb-select: scale 64 α fixed-1 noul-yes None view bag → sel-slice acc 0.3889
    nb-select: selected scale 1 α observed-laplace noul-yes None — the suite's row below is the single test read, at this posture
    modelless: acc 0.4412 · ece(maxp) 0.2347 · p50 0.028 ms · 0.2 s
harness: wrote .benchmarks/137_modelless_timing_quiet/results.json
harness: wrote .benchmarks/137_modelless_timing_quiet/TABLES.md
harness: PASSED — 13 suite(s), no absences
[2026-10-09T12:16:35Z] run completed but END box_state judged latency NOT QUOTABLE (a sibling returned mid-run) — attempt 2 consumed
[2026-10-09T12:17:45Z] preflight refused (attempt 3) — REFUSE — load average 10.19 exceeds MAX_LOAD=6.0 — a sibling session is on the box
[2026-10-09T12:18:55Z] preflight refused (attempt 3) — REFUSE — load average 10.57 exceeds MAX_LOAD=6.0 — a sibling session is on the box
[2026-10-09T12:20:02Z] preflight refused (attempt 3) — REFUSE — load average 8.64 exceeds MAX_LOAD=6.0 — a sibling session is on the box
[2026-10-09T12:21:10Z] preflight refused (attempt 3) — REFUSE — load average 7.52 exceeds MAX_LOAD=6.0 — a sibling session is on the box
[2026-10-09T12:22:17Z] preflight refused (attempt 3) — REFUSE — load average 7.10 exceeds MAX_LOAD=6.0 — a sibling session is on the box
[2026-10-09T12:23:25Z] preflight refused (attempt 3) — REFUSE — load average 8.74 exceeds MAX_LOAD=6.0 — a sibling session is on the box
[2026-10-09T12:24:33Z] preflight refused (attempt 3) — REFUSE — load average 10.81 exceeds MAX_LOAD=6.0 — a sibling session is on the box
[2026-10-09T12:25:40Z] preflight refused (attempt 3) — REFUSE — load average 7.84 exceeds MAX_LOAD=6.0 — a sibling session is on the box
[2026-10-09T12:26:47Z] preflight refused (attempt 3) — REFUSE — load average 8.54 exceeds MAX_LOAD=6.0 — a sibling session is on the box
[2026-10-09T12:27:55Z] preflight refused (attempt 3) — REFUSE — load average 6.95 exceeds MAX_LOAD=6.0 — a sibling session is on the box
[2026-10-09T12:29:03Z] preflight refused (attempt 3) — REFUSE — load average 6.77 exceeds MAX_LOAD=6.0 — a sibling session is on the box
[2026-10-09T12:30:11Z] preflight refused (attempt 3) — REFUSE — load average 6.83 exceeds MAX_LOAD=6.0 — a sibling session is on the box
[2026-10-09T12:31:18Z] preflight refused (attempt 3) — REFUSE — load average 8.25 exceeds MAX_LOAD=6.0 — a sibling session is on the box
[2026-10-09T12:32:25Z] preflight refused (attempt 3) — REFUSE — load average 9.18 exceeds MAX_LOAD=6.0 — a sibling session is on the box
[2026-10-09T12:33:34Z] preflight refused (attempt 3) — REFUSE — load average 17.77 exceeds MAX_LOAD=6.0 — a sibling session is on the box
[2026-10-09T12:34:43Z] preflight refused (attempt 3) — REFUSE — load average 14.69 exceeds MAX_LOAD=6.0 — a sibling session is on the box
[2026-10-09T12:35:54Z] preflight refused (attempt 3) — REFUSE — load average 13.95 exceeds MAX_LOAD=6.0 — a sibling session is on the box
[2026-10-09T12:37:04Z] preflight refused (attempt 3) — REFUSE — load average 13.91 exceeds MAX_LOAD=6.0 — a sibling session is on the box
[2026-10-09T12:38:15Z] preflight refused (attempt 3) — REFUSE — load average 14.44 exceeds MAX_LOAD=6.0 — a sibling session is on the box
[2026-10-09T12:39:23Z] preflight refused (attempt 3) — REFUSE — load average 13.60 exceeds MAX_LOAD=6.0 — a sibling session is on the box
[2026-10-09T12:40:31Z] preflight refused (attempt 3) — REFUSE — load average 9.65 exceeds MAX_LOAD=6.0 — a sibling session is on the box
[2026-10-09T12:41:42Z] preflight refused (attempt 3) — REFUSE — load average 18.29 exceeds MAX_LOAD=6.0 — a sibling session is on the box
[2026-10-09T12:43:02Z] preflight refused (attempt 3) — REFUSE — load average 30.39 exceeds MAX_LOAD=6.0 — a sibling session is on the box
[2026-10-09T12:44:12Z] preflight refused (attempt 3) — REFUSE — load average 19.97 exceeds MAX_LOAD=6.0 — a sibling session is on the box
[2026-10-09T12:45:23Z] preflight refused (attempt 3) — REFUSE — load average 35.13 exceeds MAX_LOAD=6.0 — a sibling session is on the box
[2026-10-09T12:46:34Z] preflight refused (attempt 3) — REFUSE — load average 37.22 exceeds MAX_LOAD=6.0 — a sibling session is on the box
[2026-10-09T12:47:43Z] preflight refused (attempt 3) — REFUSE — load average 32.11 exceeds MAX_LOAD=6.0 — a sibling session is on the box
[2026-10-09T12:48:52Z] preflight refused (attempt 3) — REFUSE — load average 32.97 exceeds MAX_LOAD=6.0 — a sibling session is on the box
[2026-10-09T12:50:03Z] preflight refused (attempt 3) — REFUSE — load average 28.44 exceeds MAX_LOAD=6.0 — a sibling session is on the box
[2026-10-09T12:51:19Z] preflight refused (attempt 3) — REFUSE — load average 39.34 exceeds MAX_LOAD=6.0 — a sibling session is on the box
[2026-10-09T12:52:28Z] preflight refused (attempt 3) — REFUSE — load average 34.19 exceeds MAX_LOAD=6.0 — a sibling session is on the box
[2026-10-09T12:53:37Z] preflight refused (attempt 3) — REFUSE — load average 22.61 exceeds MAX_LOAD=6.0 — a sibling session is on the box
[2026-10-09T12:54:47Z] preflight refused (attempt 3) — REFUSE — load average 28.44 exceeds MAX_LOAD=6.0 — a sibling session is on the box
[2026-10-09T12:55:57Z] preflight refused (attempt 3) — REFUSE — load average 24.43 exceeds MAX_LOAD=6.0 — a sibling session is on the box
[2026-10-09T12:57:08Z] preflight refused (attempt 3) — REFUSE — load average 30.81 exceeds MAX_LOAD=6.0 — a sibling session is on the box
[2026-10-09T12:58:17Z] preflight refused (attempt 3) — REFUSE — load average 24.51 exceeds MAX_LOAD=6.0 — a sibling session is on the box
[2026-10-09T12:59:26Z] preflight refused (attempt 3) — REFUSE — load average 25.09 exceeds MAX_LOAD=6.0 — a sibling session is on the box
[2026-10-09T13:00:34Z] preflight refused (attempt 3) — REFUSE — load average 26.37 exceeds MAX_LOAD=6.0 — a sibling session is on the box
[2026-10-09T13:01:45Z] preflight refused (attempt 3) — REFUSE — load average 18.64 exceeds MAX_LOAD=6.0 — a sibling session is on the box
[2026-10-09T13:02:57Z] preflight refused (attempt 3) — REFUSE — load average 30.33 exceeds MAX_LOAD=6.0 — a sibling session is on the box
[2026-10-09T13:04:06Z] preflight refused (attempt 3) — REFUSE — load average 34.24 exceeds MAX_LOAD=6.0 — a sibling session is on the box
[2026-10-09T13:05:15Z] preflight refused (attempt 3) — REFUSE — load average 23.00 exceeds MAX_LOAD=6.0 — a sibling session is on the box
[2026-10-09T13:06:23Z] preflight refused (attempt 3) — REFUSE — load average 20.16 exceeds MAX_LOAD=6.0 — a sibling session is on the box
[2026-10-09T13:07:35Z] preflight refused (attempt 3) — REFUSE — load average 29.50 exceeds MAX_LOAD=6.0 — a sibling session is on the box
[2026-10-09T13:08:44Z] preflight refused (attempt 3) — REFUSE — load average 29.59 exceeds MAX_LOAD=6.0 — a sibling session is on the box
[2026-10-09T13:09:57Z] preflight refused (attempt 3) — REFUSE — load average 40.23 exceeds MAX_LOAD=6.0 — a sibling session is on the box
[2026-10-09T13:11:08Z] preflight refused (attempt 3) — REFUSE — load average 34.67 exceeds MAX_LOAD=6.0 — a sibling session is on the box
[2026-10-09T13:12:19Z] preflight refused (attempt 3) — REFUSE — load average 26.36 exceeds MAX_LOAD=6.0 — a sibling session is on the box
[2026-10-09T13:13:31Z] preflight refused (attempt 3) — REFUSE — load average 29.41 exceeds MAX_LOAD=6.0 — a sibling session is on the box
[2026-10-09T13:14:42Z] preflight refused (attempt 3) — REFUSE — load average 32.71 exceeds MAX_LOAD=6.0 — a sibling session is on the box
[2026-10-09T13:15:51Z] preflight refused (attempt 3) — REFUSE — load average 20.90 exceeds MAX_LOAD=6.0 — a sibling session is on the box
[2026-10-09T13:17:00Z] preflight refused (attempt 3) — REFUSE — load average 16.94 exceeds MAX_LOAD=6.0 — a sibling session is on the box
[2026-10-09T13:18:10Z] preflight refused (attempt 3) — REFUSE — load average 8.86 exceeds MAX_LOAD=6.0 — a sibling session is on the box
[2026-10-09T13:19:20Z] preflight refused (attempt 3) — REFUSE — load average 6.38 exceeds MAX_LOAD=6.0 — a sibling session is on the box
[2026-10-09T13:20:29Z] preflight refused (attempt 3) — REFUSE — canary 188.8 us best-of-5 vs AC reference 141 us (+15% tol) — the GPU is throttled or contended
[2026-10-09T13:21:44Z] preflight refused (attempt 3) — REFUSE — load average 7.94 exceeds MAX_LOAD=6.0 — a sibling session is on the box
[2026-10-09T13:22:56Z] preflight refused (attempt 3) — REFUSE — load average 10.85 exceeds MAX_LOAD=6.0 — a sibling session is on the box
[2026-10-09T13:24:07Z] preflight refused (attempt 3) — REFUSE — load average 16.76 exceeds MAX_LOAD=6.0 — a sibling session is on the box
[2026-10-09T13:25:19Z] preflight refused (attempt 3) — REFUSE — load average 11.98 exceeds MAX_LOAD=6.0 — a sibling session is on the box
[2026-10-09T13:26:31Z] preflight refused (attempt 3) — REFUSE — load average 17.29 exceeds MAX_LOAD=6.0 — a sibling session is on the box
[2026-10-09T13:27:46Z] preflight refused (attempt 3) — REFUSE — load average 18.92 exceeds MAX_LOAD=6.0 — a sibling session is on the box
[2026-10-09T13:28:58Z] preflight refused (attempt 3) — REFUSE — load average 34.64 exceeds MAX_LOAD=6.0 — a sibling session is on the box
[2026-10-09T13:30:25Z] preflight refused (attempt 3) — REFUSE — load average 52.08 exceeds MAX_LOAD=6.0 — a sibling session is on the box
[2026-10-09T13:31:36Z] preflight refused (attempt 3) — REFUSE — load average 35.43 exceeds MAX_LOAD=6.0 — a sibling session is on the box
[2026-10-09T13:32:45Z] preflight refused (attempt 3) — REFUSE — load average 24.31 exceeds MAX_LOAD=6.0 — a sibling session is on the box
[2026-10-09T13:33:56Z] preflight refused (attempt 3) — REFUSE — load average 20.42 exceeds MAX_LOAD=6.0 — a sibling session is on the box
[2026-10-09T13:35:07Z] preflight refused (attempt 3) — REFUSE — load average 17.95 exceeds MAX_LOAD=6.0 — a sibling session is on the box
[2026-10-09T13:36:16Z] preflight refused (attempt 3) — REFUSE — load average 19.13 exceeds MAX_LOAD=6.0 — a sibling session is on the box
[2026-10-09T13:37:26Z] preflight refused (attempt 3) — REFUSE — load average 23.14 exceeds MAX_LOAD=6.0 — a sibling session is on the box
[2026-10-09T13:38:36Z] preflight refused (attempt 3) — REFUSE — load average 22.50 exceeds MAX_LOAD=6.0 — a sibling session is on the box
[2026-10-09T13:39:44Z] preflight refused (attempt 3) — REFUSE — load average 24.49 exceeds MAX_LOAD=6.0 — a sibling session is on the box
[2026-10-09T13:40:54Z] preflight refused (attempt 3) — REFUSE — load average 23.65 exceeds MAX_LOAD=6.0 — a sibling session is on the box
[2026-10-09T13:42:03Z] preflight refused (attempt 3) — REFUSE — load average 18.70 exceeds MAX_LOAD=6.0 — a sibling session is on the box
[2026-10-09T13:43:12Z] preflight refused (attempt 3) — REFUSE — load average 11.43 exceeds MAX_LOAD=6.0 — a sibling session is on the box
[2026-10-09T13:44:21Z] preflight refused (attempt 3) — REFUSE — load average 9.73 exceeds MAX_LOAD=6.0 — a sibling session is on the box
[2026-10-09T13:45:31Z] preflight refused (attempt 3) — REFUSE — load average 17.88 exceeds MAX_LOAD=6.0 — a sibling session is on the box
[2026-10-09T13:46:51Z] preflight refused (attempt 3) — REFUSE — load average 31.55 exceeds MAX_LOAD=6.0 — a sibling session is on the box
[2026-10-09T13:48:02Z] preflight refused (attempt 3) — REFUSE — load average 36.91 exceeds MAX_LOAD=6.0 — a sibling session is on the box
[2026-10-09T13:49:16Z] preflight refused (attempt 3) — REFUSE — load average 44.82 exceeds MAX_LOAD=6.0 — a sibling session is on the box
[2026-10-09T13:50:29Z] preflight refused (attempt 3) — REFUSE — load average 42.19 exceeds MAX_LOAD=6.0 — a sibling session is on the box
[2026-10-09T13:51:38Z] preflight refused (attempt 3) — REFUSE — load average 33.95 exceeds MAX_LOAD=6.0 — a sibling session is on the box
[2026-10-09T13:52:50Z] preflight refused (attempt 3) — REFUSE — load average 27.87 exceeds MAX_LOAD=6.0 — a sibling session is on the box
[2026-10-09T13:54:00Z] preflight refused (attempt 3) — REFUSE — load average 39.64 exceeds MAX_LOAD=6.0 — a sibling session is on the box
[2026-10-09T13:55:11Z] preflight refused (attempt 3) — REFUSE — load average 24.14 exceeds MAX_LOAD=6.0 — a sibling session is on the box
[2026-10-09T13:56:22Z] preflight refused (attempt 3) — REFUSE — load average 21.55 exceeds MAX_LOAD=6.0 — a sibling session is on the box
[2026-10-09T13:57:33Z] preflight refused (attempt 3) — REFUSE — load average 24.31 exceeds MAX_LOAD=6.0 — a sibling session is on the box
[2026-10-09T13:58:43Z] preflight refused (attempt 3) — REFUSE — load average 23.27 exceeds MAX_LOAD=6.0 — a sibling session is on the box
[2026-10-09T13:59:54Z] preflight refused (attempt 3) — REFUSE — load average 21.89 exceeds MAX_LOAD=6.0 — a sibling session is on the box
[2026-10-09T14:01:04Z] preflight refused (attempt 3) — REFUSE — load average 24.52 exceeds MAX_LOAD=6.0 — a sibling session is on the box
[2026-10-09T14:02:14Z] preflight refused (attempt 3) — REFUSE — load average 17.92 exceeds MAX_LOAD=6.0 — a sibling session is on the box
[2026-10-09T14:03:23Z] preflight refused (attempt 3) — REFUSE — load average 11.41 exceeds MAX_LOAD=6.0 — a sibling session is on the box
[2026-10-09T14:04:33Z] preflight refused (attempt 3) — REFUSE — load average 10.91 exceeds MAX_LOAD=6.0 — a sibling session is on the box
[2026-10-09T14:05:43Z] preflight refused (attempt 3) — REFUSE — load average 16.64 exceeds MAX_LOAD=6.0 — a sibling session is on the box
[2026-10-09T14:06:52Z] preflight refused (attempt 3) — REFUSE — load average 9.80 exceeds MAX_LOAD=6.0 — a sibling session is on the box
[2026-10-09T14:08:00Z] preflight refused (attempt 3) — REFUSE — load average 8.98 exceeds MAX_LOAD=6.0 — a sibling session is on the box
[2026-10-09T14:09:09Z] preflight refused (attempt 3) — REFUSE — load average 7.76 exceeds MAX_LOAD=6.0 — a sibling session is on the box
[2026-10-09T14:10:18Z] preflight refused (attempt 3) — REFUSE — load average 11.56 exceeds MAX_LOAD=6.0 — a sibling session is on the box
[2026-10-09T14:11:28Z] preflight refused (attempt 3) — REFUSE — load average 9.27 exceeds MAX_LOAD=6.0 — a sibling session is on the box
[2026-10-09T14:12:37Z] preflight refused (attempt 3) — REFUSE — load average 9.86 exceeds MAX_LOAD=6.0 — a sibling session is on the box
[2026-10-09T14:13:48Z] preflight refused (attempt 3) — REFUSE — load average 7.52 exceeds MAX_LOAD=6.0 — a sibling session is on the box
[2026-10-09T14:15:01Z] preflight refused (attempt 3) — REFUSE — load average 24.75 exceeds MAX_LOAD=6.0 — a sibling session is on the box
[2026-10-09T14:16:13Z] preflight refused (attempt 3) — REFUSE — load average 29.47 exceeds MAX_LOAD=6.0 — a sibling session is on the box
[2026-10-09T14:17:22Z] preflight refused (attempt 3) — REFUSE — load average 23.20 exceeds MAX_LOAD=6.0 — a sibling session is on the box
[2026-10-09T14:18:31Z] preflight refused (attempt 3) — REFUSE — load average 17.34 exceeds MAX_LOAD=6.0 — a sibling session is on the box
[2026-10-09T14:19:49Z] preflight refused (attempt 3) — REFUSE — load average 56.28 exceeds MAX_LOAD=6.0 — a sibling session is on the box
[2026-10-09T14:20:58Z] preflight refused (attempt 3) — REFUSE — load average 42.64 exceeds MAX_LOAD=6.0 — a sibling session is on the box
[2026-10-09T14:22:09Z] preflight refused (attempt 3) — REFUSE — load average 38.52 exceeds MAX_LOAD=6.0 — a sibling session is on the box
[2026-10-09T14:23:21Z] preflight refused (attempt 3) — REFUSE — load average 33.04 exceeds MAX_LOAD=6.0 — a sibling session is on the box
[2026-10-09T14:24:31Z] preflight refused (attempt 3) — REFUSE — load average 22.69 exceeds MAX_LOAD=6.0 — a sibling session is on the box
[2026-10-09T14:25:41Z] preflight refused (attempt 3) — REFUSE — load average 23.46 exceeds MAX_LOAD=6.0 — a sibling session is on the box
[2026-10-09T14:26:52Z] preflight refused (attempt 3) — REFUSE — load average 24.51 exceeds MAX_LOAD=6.0 — a sibling session is on the box
[2026-10-09T14:28:02Z] preflight refused (attempt 3) — REFUSE — load average 25.17 exceeds MAX_LOAD=6.0 — a sibling session is on the box
[2026-10-09T14:29:12Z] preflight refused (attempt 3) — REFUSE — load average 21.50 exceeds MAX_LOAD=6.0 — a sibling session is on the box
[2026-10-09T14:30:23Z] preflight refused (attempt 3) — REFUSE — load average 22.49 exceeds MAX_LOAD=6.0 — a sibling session is on the box
[2026-10-09T14:31:35Z] preflight refused (attempt 3) — REFUSE — load average 23.89 exceeds MAX_LOAD=6.0 — a sibling session is on the box
[2026-10-09T14:32:35Z] GAVE UP: src/ or Cargo.toml moved since arming (30dbe590a4ccdf9c86dd27efad0f9f1c66641856 0cd71b86c4c733c0b83a263551b51fa5fab71df5x != 30dbe590a4ccdf9c86dd27efad0f9f1c66641856 0cd71b86c4c733c0b83a263551b51fa5fab71df5) — re-arm the watcher at the new posture (rebuild, re-verify digit-match, then re-run with --rearm)
